[{"DocumentTypeId":"Accounting.Incoming.Receipts","Keywords":[{"Values":["phone","oate:","time:"],"NumberOfTimesConfirmed":4,"LastUpdated":"2020-07-21T15:55:17.9557238+05:30"}]},{"DocumentTypeId":"Documents.Other.Certificate-of-filing","Keywords":[]},{"DocumentTypeId":"Forms.SEC.Financial-Reports","Keywords":[{"Values":["form 10-q"],"NumberOfTimesConfirmed":8,"LastUpdated":"2020-05-27T11:35:47.3018361+05:30"},{"Values":["form 10-k"],"NumberOfTimesConfirmed":9,"LastUpdated":"2020-05-27T12:25:26.8828376+05:30"},{"Values":["10-q"],"NumberOfTimesConfirmed":1,"LastUpdated":"2020-07-21T14:42:20.4891049+05:30"},{"Values":["10-k"],"NumberOfTimesConfirmed":1,"LastUpdated":"2020-07-21T14:42:31.7817304+05:30"},{"Values":["annual report under section 13"],"NumberOfTimesConfirmed":1,"LastUpdated":"2020-07-21T16:05:33.7540302+05:30"},{"Values":["quarterly report pursuant to section 13"],"NumberOfTimesConfirmed":1,"LastUpdated":"2020-07-21T16:05:33.7540302+05:30"},{"Values":["form 10-k,"],"NumberOfTimesConfirmed":3,"LastUpdated":"2020-07-21T16:06:43.1546067+05:30"}]},{"DocumentTypeId":"Accounting.Incoming.Invoices","Keywords":[{"Values":["in voice"],"NumberOfTimesConfirmed":3,"LastUpdated":"2020-05-27T11:35:58.3034914+05:30"},{"Values":["invoice"],"NumberOfTimesConfirmed":3,"LastUpdated":"2020-07-21T15:54:10.2155235+05:30"}]},{"DocumentTypeId":"NoGroup.NoCategory.Reciept","Keywords":[]},{"DocumentTypeId":"Financial.Reports.W-4","Keywords":[{"Values":["w -4","w-4","w4","-","w-4"],"NumberOfTimesConfirmed":1,"LastUpdated":"2020-05-15T13:49:56.1253461+05:30"},{"Values":["w -4","w4"],"NumberOfTimesConfirmed":4,"LastUpdated":"2020-05-27T11:36:22.7642257+05:30"},{"Values":["employee's","withholding","certificate"],"NumberOfTimesConfirmed":1,"LastUpdated":"2020-07-21T15:56:44.4684942+05:30"}]},{"DocumentTypeId":"Financial.Reports.W-9","Keywords":[]}]
