{
  "Loss Runs Church Mutual 17-20 WC aso 10_13_2020.xlsx": [
    "Reported By",
    "ALLEGED INJURY/DAMAGE",
    "Reserve",
    "Paid"
  ],
  "Loss Runs Church Mutual 17-21 WC aso 10 6 2020.xlsx": [
    "Reported By",
    "ALLEGED INJURY/DAMAGE",
    "Reserve",
    "Paid"
  ],
  "Loss Runs Church Mutual 19-20 WC aso 7_28_2020.xlsx": [
    "Reported By",
    "ALLEGED INJURY/DAMAGE",
    "Reserve",
    "Paid"
  ],
  "Loss Runs Church Mutual 20-21 WC aso 10 26 2020.xlsx": [
    "Reported By",
    "ALLEGED INJURY/DAMAGE",
    "Reserve",
    "Paid"
  ],
  "Loss Runs Church Mutual WC 17-18 as of 11.16.17.xlsx.xlsx": [
    "Reported By",
    "ALLEGED INJURY/DAMAGE",
    "Reserve",
    "Paid"
  ],
  "Loss Runs Church Mutual WC 18-19 aso 1.23.2019 - detailed.xlsx": [
    "Reported By",
    "ALLEGED INJURY/DAMAGE",
    "Reserve",
    "Paid"
  ],
  "Loss Runs Church PKG, BAP, CUMB 19-21 aso 6.9.20.xlsx": [
    "Reported By",
    "ALLEGED INJURY/DAMAGE",
    "Reserve",
    "Paid"
  ],
  "Loss Runs Church PKG, BAP, CUMB, WC 19-20 aso 6.3.20.xlsx": [
    "Reported By",
    "ALLEGED INJURY/DAMAGE",
    "Reserve",
    "Paid"
  ],
  "Loss Runs Church PKG, BAP, CUMB, WC 19-20 aso 6_3_20.xlsx": [
    "Reported By",
    "ALLEGED INJURY/DAMAGE",
    "Reserve",
    "Paid"
  ],
  "Loss Runs Church WC (Clean Corp) 18-20 aso 11 22 2019.xlsx": [
    "Reported By",
    "ALLEGED INJURY/DAMAGE",
    "Reserve",
    "Paid"
  ],
  "Loss Runs Church WC (Clean Corp) 18-20 aso 11_22_2019.xlsx": [
    "Reported By",
    "ALLEGED INJURY/DAMAGE",
    "Reserve",
    "Paid"
  ],
  "Loss Runs Church WC 17-18 aso 11_15_17.xlsx": [
    "Reported By",
    "ALLEGED INJURY/DAMAGE",
    "Reserve",
    "Paid"
  ],
  "Loss Runs Church WC 17-19 aso 08_17_2018.xlsx": [
    "Reported By",
    "ALLEGED INJURY/DAMAGE",
    "Reserve",
    "Paid"
  ],
  "Loss Runs Church WC 18-20 aso 11 04 2019.xlsx": [
    "Reported By",
    "ALLEGED INJURY/DAMAGE",
    "Reserve",
    "Paid"
  ],
  "Loss Runs Church WC 19-20 aso 8.3.2020.xlsx": [
    "Reported By",
    "ALLEGED INJURY/DAMAGE",
    "Reserve",
    "Paid"
  ],
  "Loss Runs Church, WC 17-19 aso 12_18_18.xlsx": [
    "Reported By",
    "ALLEGED INJURY/DAMAGE",
    "Reserve",
    "Paid"
  ],
  "Loss Runs ChurchMutual WC 1617 aso 7.25.17.xlsx.xlsx": [
    "Reported By",
    "ALLEGED INJURY/DAMAGE",
    "Reserve",
    "Paid"
  ],
  "Loss Runs f. Church WC 12.17.18-12.17.19 aso 4.3.20.xlsx": [
    "Reported By",
    "ALLEGED INJURY/DAMAGE",
    "Reserve",
    "Paid"
  ],
  "Loss Runs f. CM WC 12.1.17-19 aso 4.17.19.xlsx": [
    "Reported By",
    "ALLEGED INJURY/DAMAGE",
    "Reserve",
    "Paid"
  ],
  "Loss Runs f_ Church W2C 12_17_18-12_17_19 aso 4_3_20.xlsx": [
    "Reported By",
    "ALLEGED INJURY/DAMAGE",
    "Reserve",
    "Paid"
  ],
  "Loss Runs f_ Church WC 12_17_18-12_17_19 aso 4_3_20.xlsx": [
    "Reported By",
    "ALLEGED INJURY/DAMAGE",
    "Reserve",
    "Paid"
  ],
  "Loss Runs f_ Church WC 1_1_19-20 aso 10_4_19.xlsx": [
    "Reported By",
    "ALLEGED INJURY/DAMAGE",
    "Reserve",
    "Paid"
  ],
  "Loss Runs f_ Church WC 7_20_19-20 aso 4_7_20.xlsx": [
    "Reported By",
    "ALLEGED INJURY/DAMAGE",
    "Reserve",
    "Paid"
  ],
  "Loss Runs f_Church PKG & UMB 17-19 aso 10_17.xlsx": [
    "Reported By",
    "ALLEGED INJURY/DAMAGE",
    "Reserve",
    "Paid"
  ],
  "Loss Runs f_Church WC 17-19 aso 9_26.xlsx": [
    "Reported By",
    "ALLEGED INJURY/DAMAGE",
    "Reserve",
    "Paid"
  ],
  "Loss Runs f_Church, WC 18-19 aso 10_11.xlsx": [
    "Reported By",
    "ALLEGED INJURY/DAMAGE",
    "Reserve",
    "Paid"
  ],
  "Loss Runs WC (ACB) f_Church 15-20 aso 7.16.2020.xlsx": [
    "Reported By",
    "ALLEGED INJURY/DAMAGE",
    "Reserve",
    "Paid"
  ],
  "Loss Runs WC (ACB) f_Church 15-20 aso 7.20.2020.xlsx": [
    "Reported By",
    "ALLEGED INJURY/DAMAGE",
    "Reserve",
    "Paid"
  ],
  "Loss Runs WC (ACE) f_Church 15-20 aso 7.16.2020.xlsx": [
    "Reported By",
    "ALLEGED INJURY/DAMAGE",
    "Reserve",
    "Paid"
  ],
  "Loss Runs WC (Aljud) f_Church 15-20 aso 7.16.2020.xlsx": [
    "Reported By",
    "ALLEGED INJURY/DAMAGE",
    "Reserve",
    "Paid"
  ],
  "Loss Runs WC (HCP & CW) f_Church 17-20 aso 7.16.2020.xlsx": [
    "Reported By",
    "ALLEGED INJURY/DAMAGE",
    "Reserve",
    "Paid"
  ],
  "Loss Runs WC (SCS) f_Church 17-20 aso 7.14.2020.xlsx": [
    "Reported By",
    "ALLEGED INJURY/DAMAGE",
    "Reserve",
    "Paid"
  ],
  "Parkway Loss Runs - Church Mutual 2015-2020 aso 82420.xlsx.xlsx": [
    "Reported By",
    "ALLEGED INJURY/DAMAGE",
    "Reserve",
    "Paid"
  ],
  "St Dom - Loss Runs - WC CM (16-19) aso 1-14-19.xlsx.xlsx": [
    "Reported By",
    "ALLEGED INJURY/DAMAGE",
    "Reserve",
    "Paid"
  ]
}