{
  "2350 Home Health Management 2015 (2).xlsx": [
    "Incurred Expenses",
    "Incurred Comp/PD",
    "# Days",
    "Country of Loss",
    "Spec Analysis",
    "Plant Div"
  ],
  "esis loss runs - 2011-2012 term.xlsx": [
    "Incurred Expenses",
    "Incurred Comp/PD",
    "# Days",
    "Country of Loss",
    "Spec Analysis",
    "Plant Div"
  ],
  "esis loss runs - wc - 2012-2013 term.xlsx": [
    "Incurred Expenses",
    "Incurred Comp/PD",
    "# Days",
    "Country of Loss",
    "Spec Analysis",
    "Plant Div"
  ],
  "esis loss runs.xlsx": [
    "Incurred Expenses",
    "Incurred Comp/PD",
    "# Days",
    "Country of Loss",
    "Spec Analysis",
    "Plant Div"
  ],
  "First Chinese Loss Run.xlsx": [
    "Incurred Expenses",
    "Incurred Comp/PD",
    "# Days",
    "Country of Loss",
    "Spec Analysis",
    "Plant Div"
  ],
  "GL Loss Runs 2010-2013 (CityWide).xlsx": [
    "Incurred Expenses",
    "Incurred Comp/PD",
    "# Days",
    "Country of Loss",
    "Spec Analysis",
    "Plant Div"
  ],
  "hra loss runs - full.xlsx": [
    "Incurred Expenses",
    "Incurred Comp/PD",
    "# Days",
    "Country of Loss",
    "Spec Analysis",
    "Plant Div"
  ],
  "hra loss runs.xlsx": [
    "Incurred Expenses",
    "Incurred Comp/PD",
    "# Days",
    "Country of Loss",
    "Spec Analysis",
    "Plant Div"
  ],
  "loss runs - ace - 2011.xlsx": [
    "Incurred Expenses",
    "Incurred Comp/PD",
    "# Days",
    "Country of Loss",
    "Spec Analysis",
    "Plant Div"
  ],
  "loss runs - ace.xlsx": [
    "Incurred Expenses",
    "Incurred Comp/PD",
    "# Days",
    "Country of Loss",
    "Spec Analysis",
    "Plant Div"
  ],
  "PSC loss runs.xlsx": [
    "Incurred Expenses",
    "Incurred Comp/PD",
    "# Days",
    "Country of Loss",
    "Spec Analysis",
    "Plant Div"
  ],
  "PSC Revised Loss Runs with Control Dates.xlsx": [
    "Incurred Expenses",
    "Incurred Comp/PD",
    "# Days",
    "Country of Loss",
    "Spec Analysis",
    "Plant Div"
  ],
  "WC Loss Summary.xlsx": [
    "Incurred Expenses",
    "Incurred Comp/PD",
    "# Days",
    "Country of Loss",
    "Spec Analysis",
    "Plant Div"
  ]
}