{
  "SCOTT": "Lindsay",
  "PALLADIA, INC.": "Inc Platinum",
  "LAMONT K": "Hiram",
  "JEANETTE": "Salem",
  "CRYSTAL": "Brandt",
  "LEDGER": "Jodi",
  "WHITE": "Easter",
  "Webster Cantrell Hall": "Inc Dough",
  "STONER": "Jaylah",
  "SPATES": "Serina",
  "CONNER": "Emmeline",
  "KIDD": "Ottoline",
  "MALLERNEE": "Trueman",
  "AVIGNONE": "Maryanne",
  "CAREBRIDGE HOME CARE LLC": "Inc Adoring",
  "GOODMAN": "Gael",
  "ALLEN": "Houston",
  "BARNES": "Janine",
  "LANTERN COMMUNITY SERVICES INC": "Inc Hue",
  "THOMPSON": "Rhonda",
  "COURTENAY": "Gaylord",
  "RAMOS": "Edric",
  "ST. JOSEPH'S CARPENTER SOCIETY": "Inc Wildlife",
  "HERMAN": "Phillip",
  "MATTU": "Delroy",
  "ELITE STAFFING SERVICES, INC.": "Inc Ghost",
  "DENNIS": "Darian",
  "ORTH": "Noble",
  "HOLTZIINGER": "Kizzie",
  "SARVER": "Karissa",
  "LATSKC)": "Lalia",
  "PERKINS": "Flora",
  "HOME CARE SOLUTIONS, INC.": "Inc Public",
  "JACKSON": "Shavonne",
  "WATKINS": "Shirlee",
  "MICHEL": "Duane",
  "ERIN": "Houston",
  "YOUNG ADULT INSTITUTE, INC.": "Inc First",
  "ANNE": "Suz",
  "LEILA": "Kasandra",
  "YVETTE": "Josiah",
  "SANJAY": "Izzy",
  "VIVEK": "Reba",
  "MELISSA": "Melicent",
  "DIANE": "Evaline",
  "NASSAU COUNTY AHRC FOUNDATION,": "Inc Views",
  "MARIE": "Dalton",
  "GREGORY": "Montague",
  "KAREN": "Laurene",
  "CHRISTINA": "Garland",
  "CARA": "Clarissa",
  "NANCY": "Abigayle",
  "LISA": "Pamela",
  "ROSSY": "Matt",
  "ADVANTAGE CARE DIAGNOSTIC & TR": "Inc Shine",
  "ROBINSON": "Flynn",
  "WALTERS": "Kaolin",
  "DONNELLY": "Foster",
  "SULLIVAN": "Blanch",
  "GLEN": "Elliott",
  "PSCH INC.": "Inc Swag",
  "SONIA": "Davena",
  "JOHN": "Arnold",
  "EDITH": "Faith",
  "DEBORAH": "Sheila"
}