{
  "Lindsay": "PIDGEON",
  "Donelle": "SCOTT",
  "Inc Platinum": "PALLADIA, INC.",
  "Hiram": "WALTERS",
  "Anemone": "LAMONT K",
  "Salem": "SANTIAGO",
  "Stace": "JEANETTE",
  "Brandt": "PENNIL",
  "John": "CRYSTAL",
  "Jodi": "",
  "Roscoe": "LEDGER",
  "Easter": "JOE",
  "Ted": "WHITE",
  "Inc Dough": "Webster Cantrell Hall",
  "Jaylah": "DEANGELO",
  "Temperance": "STONER",
  "Serina": "WILLIAM D",
  "Gae": "SPATES",
  "Emmeline": "MONTEL D",
  "Frannie": "CONNER",
  "Ottoline": "JOHN",
  "Celestine": "KIDD",
  "Trueman": "GARY J",
  "Megan": "MALLERNEE",
  "Sonya": "AVIGNONE",
  "Deloris": "AVIGNONE",
  "Inc Adoring": "CAREBRIDGE HOME CARE LLC",
  "Gael": "LENNETTE",
  "Elliot": "GOODMAN",
  "Maryanne": "SHARA",
  "Houston": "OCONNOR",
  "Wilson": "ALLEN",
  "Lavern": "BARNES",
  "Veva": "BARNES",
  "Inc Hue": "LANTERN COMMUNITY SERVICES INC",
  "Alan": "THOMPSON",
  "Anselm": "THOMPSON",
  "Charli": "COURTENAY",
  "Minnie": "COURTENAY",
  "Joan": "RAMOS",
  "Kermit": "RAMOS",
  "Inc Wildlife": "ST. JOSEPH'S CARPENTER SOCIETY",
  "Phillip": "JAMES",
  "Jerrold": "HERMAN",
  "Edric": "JOSEPH",
  "Delroy": "LUCINDA",
  "Trisha": "MATTU",
  "Inc Ghost": "ELITE STAFFING SERVICES, INC.",
  "Darian": "JESSICA",
  "Cameron": "DENNIS",
  "Noble": "RUTHANN",
  "Sydney": "ORTH",
  "Kizzie": "JESSICA",
  "Ronnie": "HOLTZIINGER",
  "Karissa": "MELODY",
  "Eunice": "SARVER",
  "Lalia": "CHERYL",
  "Jerald": "LATSKC)",
  "Janine": "TISHA",
  "Rhonda": "BRIAN",
  "Gaylord": "GILDA",
  "Flora": "DEON",
  "Danika": "PERKINS",
  "Inc Public": "HOME CARE SOLUTIONS, INC.",
  "Shavonne": "EISHA",
  "Eryn": "JACKSON",
  "Shirlee": "LAREECE",
  "Quinton": "WATKINS",
  "Duane": "BARBARA",
  "Everette": "MICHEL",
  "Gertie": "ERIN",
  "Inc First": "YOUNG ADULT INSTITUTE, INC.",
  "Suz": "HALLIGAN-LUCA",
  "Sally": "CARA",
  "Kasandra": "REID",
  "Julyan": "LEILA",
  "Josiah": "RIVERA",
  "Avalon": "YVETTE",
  "Izzy": "DUTT",
  "Josie": "SANJAY",
  "Reba": "SAWHNEY",
  "Jayson": "VIVEK",
  "Melicent": "ABRAM",
  "Bernice": "MELISSA",
  "Neville": "DIANE",
  "Lorne": "DIANE",
  "Inc Views": "NASSAU COUNTY AHRC FOUNDATION,",
  "Bysshe": "MARIE",
  "Amity": "MARIE",
  "Ashtyn": "GREGORY",
  "Elle": "GREGORY",
  "Herbie": "KAREN",
  "Mel": "KAREN",
  "Clyde": "CHRISTINA",
  "Femie": "CHRISTINA",
  "Euphemia": "CARA",
  "Claude": "NANCY",
  "Marilynn": "NANCY",
  "Lorri": "LISA",
  "Ella": "LISA",
  "Marjory": "ROSSY",
  "Charles": "ROSSY",
  "Inc Shine": "ADVANTAGE CARE DIAGNOSTIC & TR",
  "Corwin": "ROBINSON",
  "Reannon": "ROBINSON",
  "Maddie": "WALTERS",
  "Terrance": "DONNELLY",
  "Clarence": "DONNELLY",
  "Everard": "SULLIVAN",
  "Meriwether": "SULLIVAN",
  "Evaline": "GEORGES",
  "Dalton": "LAURENT",
  "Montague": "CHANOINE",
  "Laurene": "SEIBLE",
  "Garland": "DELACRUZ",
  "Clarissa": "BJORNSON",
  "Abigayle": "GORRY",
  "Pamela": "ANDERSEN",
  "Matt": "GUZMAN DE HERNANDEZ",
  "Flynn": "HOPIE",
  "Kaolin": "ANGELA",
  "Foster": "LAURA",
  "Blanch": "LAURA",
  "Elliott": "BERNARD",
  "Polly": "GLEN",
  "Inc Swag": "PSCH INC.",
  "Davena": "HALL",
  "Lottie": "SONIA",
  "Arnold": "BANKOLE",
  "Salome": "JOHN",
  "Faith": "KATZ",
  "Jaxson": "EDITH",
  "Sheila": "ANDRUK",
  "Kimberly": "DEBORAH"
}