{
  "Kandi  Kingston": "",
  "Tria  Alexis": "",
  "Lylah  Keith": "",
  "Angus  Rosaleen": "",
  "Olly  Alannah": "",
  "Astra  Hettie": "",
  "Robby  Elliana": "",
  "Reilly  Stephen": "",
  "Vivian  Alysia": "",
  "Royston  Astor": "",
  "Boone  Grenville": "",
  "Leighton  River": "",
  "Nona  Harris": "",
  "Demetria  Ruby": "",
  "Elenora  Lyndsay": "",
  "Sonny  Merlin": "",
  "Kayden  Jerrie": "",
  "Magdalene  Audley": "",
  "Lexus  Hailee": "",
  "Norma  Candyce": "",
  "Orville  Flick": "",
  "Hayleigh  Suzanne": "",
  "Dominica  Davinia": "",
  "Amber  Freida": "",
  "Spencer  Gore": "",
  "Kolleen  Adella": "",
  "Grenville  Clayton": "",
  "Munroe  Iggy": "",
  "Balfour  Moses": "",
  "Alys  Lilac": "",
  "Marci  Carrie": "",
  "Jackson  Rosalee": "",
  "Foster  Lacy": "",
  "Carry  Darrell": "",
  "Josephina  Zac": "",
  "Derryl  Aspyn": "",
  "Whitaker  Tawnee": "",
  "Glenda  Leo": ""
}