{
  "Tucker": "ROBERT",
  "Adolph": "BRADFORD",
  "Inc Dud": "EASTERN CHRISTIAN CHILDRENS RETREAT",
  "Nola": "LAWRENCE",
  "Trish": "CYNTHIA",
  "Madyson": "JONES",
  "Beckett": "Kelly",
  "Grayson": "JOHN",
  "Auberon": "MADOLYNE",
  "Rheanna": "MOON",
  "Leroi": "KEVIN",
  "Ansley": "ANGEL",
  "Viona": "KURTISA",
  "Grahame": "ROBERT",
  "Lew": "DEE DEE",
  "Richelle": "DOMINIQUE",
  "Jem": "RICHARD",
  "Masterman": "MICHAEL’S",
  "Katherine": "LUBINSKI,",
  "Boyd": "PRISCILLA E",
  "Petunia": "ALICE",
  "Edward": "ALICE",
  "Chrissie": "NYEKI",
  "Merla": "BEVERL",
  "Michael": "HERNANDEZ",
  "Ernie": "BRIDGETTE",
  "Adalynn": "TIFFANY",
  "Hamnet": " ANN",
  "Ambrosine": "JOHNSON",
  "Chantel": "REGINA",
  "Zaiden": "DEE DEE",
  "Roseanne": "CONEY",
  "Eileen": "CHARLENE",
  "Alethea": "WINIFRED",
  "Rosie": "STEVE",
  "Elfrida": "MELIVA",
  "Carlisle": "JEHAD",
  "Starr": "CHRISTI",
  "Katharyn": "STEVEN",
  "Julyan": "KURTISA",
  "Eleanore": "CRYSTAL",
  "Wat": "JOSEPH",
  "Marvyn": "ALMHAISEN",
  "Skylar": "ZAKARIA",
  "Robert": "JAMES",
  "Lyda": "BRADISH",
  "Garfield": "MICHAEL",
  "Anna": "UKITCHIA S",
  "Harris": "SHEILA",
  "Lemoine": "YOLANDA",
  "Cher": "TEKESTE",
  "Pancras": "ADIAM",
  "Jervis": "KOURTNEY",
  "Isiah": "HOOK",
  "Mikhaila": "Cannon",
  "Capricia": "UNDERWOOD",
  "Aric": "LOVATT",
  "Hettie": "ANN F",
  "Finnegan": "WATKINS",
  "Valary": "DEEDEE",
  "Issac": "LINDA",
  "Caren": "LINDA",
  "Patience": "MICHAEL",
  "Bailey": "TANGELA J",
  "Garey": "MICHAEL’S",
  "Leann": "ASHMAN",
  "Isaac": "CORDELLA",
  "Zavia": "CIACCIO",
  "Coleman": "VOLCY",
  "Aspen": "BARBARA",
  "Alani": "DAY",
  "Precious": "DANIEL",
  "Nyree": "JANICE",
  "Alyce": "PATRICIA",
  "Kerrie": "",
  "Cordell": "DOROTHY",
  "Lou": "LYNNE",
  "Tiara": "JAMES",
  "Richard": "Simona",
  "Wade": "",
  "Dorothea": "ODETTE",
  "Heath": "ODETTE",
  "Odell": "GONZALEZ",
  "Willy": "MASSARO",
  "Biddy": "ROXANN",
  "Orpha": "HEATHER",
  "Faron": "HEATHER",
  "Cyan": "FRANK",
  "China": "GRAY",
  "Davy": "DONNA",
  "Jonah": "RAMOS",
  "Faithe": "RHONDA",
  "Virgil": "RHONDA",
  "Mariah": "NJOGU",
  "Delicia": "Jermaine",
  "Ashlee": "",
  "Stevie": "EILEEN",
  "Noel": "JOE L",
  "Netta": "DEBORAH",
  "Biff": "ASHMAN",
  "Jaxon": "MIAVIS A",
  "Pene": "DAWN",
  "London": "SHEILA",
  "Leo": "BRYAN",
  "Earl": "OOSTOLYK",
  "Cierra": "RHODA L",
  "Denton": "PRISCILLA",
  "Serrena": "LONG",
  "Hellen": "SUSAN",
  "Keane": "ROXANNE",
  "Gallagher": "SUSAN",
  "Chrissy": "BERTHA",
  "Elfleda": "JR.",
  "Artie": "ROSE",
  "Vincent": "BRYAN",
  "Euphemia": "BEVERLY",
  "Lulu": "LAURIE",
  "Deirdre": "BRENDA",
  "Aletha": "JEHAD",
  "Dolph": "ROBERT",
  "Regena": "EDELBERG",
  "Libbie": "BEVERLY",
  "Shelby": "JOYCE",
  "Warren": "WILLIE",
  "Jakki": "RYAN",
  "Brayden": "Marie",
  "Shae": "ADENIYI",
  "Zena": "SARAH",
  "Declan": "VELEZ",
  "Evonne": "Wheeler",
  "Peggy": "GLADYS",
  "Crispin": "SHIRLEY",
  "Philomena": "Nelson",
  "Roslyn": "SPERA",
  "Jesse": "KRAUSS",
  "Tevin": "NYMAN",
  "Judi": "",
  "Bryce": "FORTNEY",
  "Joseph": "WILLIAMS",
  "Maybelle": "EVELYN",
  "Liliana": "PAMELA",
  "Clotilda": "PAMELA",
  "Jinny": "ROWLANDS",
  "Dex": "ANN",
  "Ronald": "JONES",
  "Bree": "SUSAN",
  "Mildred": "FLORENCE",
  "Hayes": "JUANA",
  "Moreen": "ELIZABETH",
  "Brannon": "SHIEMA",
  "Sonny": "SHIEMA",
  "Willow": "DAWN",
  "Moira": "WILBERT",
  "Lavern": "Louis",
  "Selwyn": "MARTHA",
  "Tyra": "MARTHA",
  "Radclyffe": "",
  "Pierce": "GEORGE",
  "Shania": "MAX",
  "Silver": "Della",
  "Wesley": "R",
  "Priscilla": "",
  "Sharyl": "ORTIZ",
  "Daphne": "DAVID",
  "Carly": "SHAKYLE J",
  "Ferdy": "HOLM",
  "Anabelle": "KONGTONG",
  "Tranter": "NOPAKAO",
  "Jonette": "ROBERT",
  "Liberty": "BURKHEAD",
  "Spencer": "DAUN",
  "Dionne": " NICOLE",
  "Duff": "GUNNAR",
  "Jordon": "LJUBINKA",
  "Horatio": "DALE",
  "Lindsay": "LYDIA",
  "Eartha": "BRENDA",
  "Narelle": "SADIE",
  "Joelle": "ANN",
  "Dolly": "TOM",
  "Julianna": " BRENDA",
  "Everett": "NAKEEMA",
  "Jeb": "LEIGH A",
  "Tamsin": "AVETERBERRY",
  "Aaliyah": "LAURA",
  "Weldon": "STEPHANIE",
  "Hyrum": "STEPHANIE",
  "Annie": "TEIXEIRA",
  "Shayne": "MAXIMINA",
  "Abram": " BARBARA",
  "Gresham": "RAYANNIC",
  "Lenard": "TIMOTHY",
  "Presley": "ORTIZ",
  "Edith": "RUBY",
  "Satchel": "ALLEN",
  "Linwood": "MONIQUE",
  "Lex": "LATASHA",
  "Thad": "LATASHA",
  "Orval": "TENNANT-NUNES",
  "Leopold": "JACQ",
  "Alecia": "YOLANDA",
  "Holden": "BEVERLY",
  "Hughie": "BYRD",
  "Abigail": "WINIFRED",
  "Tillie": "SHEILA",
  "Cohen": "KEVIN",
  "Adaline": "ORDONEZ",
  "Laurene": "JULIO",
  "Kellie": "THOMPSON",
  "Lettie": "FAWZY",
  "Lottie": "LAURIE",
  "Bridgette": "CAMPBELL",
  "William": "MELVA",
  "Mick": "KATRINA",
  "Percy": "TRIBA",
  "Nigellus": "MICHAEL’S",
  "Fitz": "JEANETTE",
  "Quincey": "JEANETTE",
  "Tracy": "TRAVISM",
  "Calvin": "TRACY",
  "Stacia": "DEEDEE",
  "Ginny": "GILLESPIE",
  "Chastity": "ROBERTA",
  "Clancy": "WALKER",
  "Addy": "NATISHA",
  "Kaelyn": "Kelly",
  "Nicole": "FLORENCE",
  "Julian": "DELGADO",
  "Steven": "BUTLER",
  "Agatha": "DANIEL",
  "Sinclair": "MICHAEL",
  "Antonia": "WORTHAM",
  "Kasey": "ET AL ATIMA",
  "Thaddeus": "HARRIS",
  "Drew": "SHERRY",
  "Peggie": "SHERRY",
  "Kalysta": "CAMPBELL",
  "Jude": "SIMKO",
  "Liam": "BONNIE",
  "Rufus": "JOHNSON",
  "Jasper": "ORISAN",
  "Sydne": "ESTEFANIA",
  "Elicia": "JHOEL",
  "Baylee": "BRIAN",
  "Oz": "BRACE",
  "Marshall": "GENET",
  "Georgene": "BRIGHED",
  "Reuben": "JR CHARLES H",
  "Roselyn": "MCKENZIE",
  "Brady": "BUTLER",
  "Josephina": "SHARON",
  "Johanna": "SHARON",
  "Landyn": "",
  "Jace": "CHWDHURY",
  "Linton": "BARBARA",
  "Jillian": "",
  "Lessie": "SHAMEKA",
  "Kemp": "CASTER",
  "Keara": "RAMIREZ",
  "Blanche": "TANYA",
  "Martin": "ERICA",
  "Julianne": "SYLVAN",
  "Pris": "RADHA",
  "Clarice": "TAMMARA",
  "Daffodil": "GABIDON",
  "Edythe": "MARVA",
  "Rosy": "DONALD",
  "Joslyn": "BRIAN",
  "Messiah": "",
  "Wallis": "GARRIDO",
  "Rodge": "MERCEDES",
  "Clay": "IRA B",
  "Reese": "AUNESSA",
  "Darell": "OSSON",
  "Rupert": "BRUCE",
  "Earlene": "JOAN",
  "Tricia": "KATHRYN",
  "Esme": "KLOPMAN",
  "Jordana": "DARIENE",
  "Corey": "BRENDA",
  "Malandra": "ALMHAISEN",
  "Dale": "",
  "Jaylah": "MBAYO",
  "Glanville": "Iesha",
  "Scotty": "MARIA",
  "Rachael": "MARIA",
  "Caleigh": "CLAIRE",
  "Malone": "",
  "Marlon": "DARMEIKA",
  "Courtney": "BELFIELD",
  "Archer": "MCKENZIE",
  "Edgar": "",
  "Kelia": "JOHN",
  "Phoebe": "ALEKSIC",
  "Kairo": "JENNIFER",
  "Isabel": "TRIEBENBACH",
  "Irwin": "",
  "Bertha": "ROSA",
  "Stafford": "WILLIAM",
  "Modesty": "WILLIAM",
  "Herbie": "JAMES",
  "Helena": "THEOLA",
  "Miles": "MICHAEL",
  "August": "BRENDAN",
  "Clarity": "KARECA",
  "Nessa": "JANEE",
  "Buffy": "LAWRENCE",
  "Clemence": "Maldonado",
  "Ripley": "ANDERSON",
  "Glenna": "MICHAEL’S",
  "": "F",
  "Roxy": "LEVINSHON",
  "Sparrow": "SONIA",
  "Israel": "ALMA",
  "Rudy": "BATNATANEL",
  "Maisie": "PNINAH",
  "Deena": "PEREZHANEY",
  "Shannon": "MCMANUS",
  "Hervey": "LAURA",
  "Jeanine": "LAURA",
  "Ainsley": "LOIA",
  "Alishia": "GINA",
  "Osborne": "PAULINA",
  "Ottoline": "PAULINA",
  "Lorine": "SARAH",
  "Brandy": "JOHN",
  "James": "ELEAZER",
  "Aubrie": "LINDA",
  "Brynn": "CHRISTINA",
  "Daniel": "BERNARD",
  "Leanora": "YVONNE",
  "Douglas": "COSME",
  "Leith": "CHRISIE",
  "Nathaniel": "FAITHLYN",
  "Verna": "REID",
  "Breana": "JAMES",
  "Vera": "OSSON",
  "Vicky": "KARONE",
  "Lorrie": "STEPHEN",
  "Lark": "MILLIKA",
  "Wayland": "ROSA",
  "Rowen": "PATRICIA",
  "Brody": "CDC ETAL ATIMA",
  "Elnora": "MALDONADO",
  "Charlton": "RAFAELA",
  "Lilibet": "BOWEN",
  "Everitt": "JASMINEC",
  "Tyla": "BELL",
  "Maeghan": "BEKWAI",
  "Vince": "BOONE",
  "Orson": "ANTOINETT",
  "Ione": "JULIAA",
  "Symphony": "WHITE",
  "Britannia": "TOBEE",
  "Olive": "BENEDICTUG",
  "Trix": "JOSEPH",
  "Diana": "TEDDISILU",
  "Princess": "DOUGAN",
  "Sherry": "SHELLON",
  "Peter": "BARRIEUTOS",
  "Katherina": "MARGARET",
  "Ethelred": "MAXDIXON",
  "Gabriel": "KINGEY",
  "Nell": "KANDESE",
  "Lindsie": "ALIDA",
  "Jenn": "SAMANTHA",
  "Joella": "KARECA",
  "Nyah": "LONG",
  "Josephine": "MINYELL",
  "Mimi": "BLANCA",
  "Shavonne": "BLANCA",
  "Norene": "CONCEPCIO",
  "Bettye": "SARAH",
  "Frances": "TATLIN",
  "Derrick": "ESPOSITO",
  "Jayceon": "MARAGARET",
  "Jacey": "ARCHER",
  "Waverly": "TOLIGLHIA",
  "Jemma": "CAMPBELL-SHAW",
  "Kerri": "ERIN",
  "Krista": "O'CONNOR",
  "Edna": "ANGELINA",
  "Warner": "MORET",
  "Petronel": "CHERRISCOX",
  "Chad": "HENRIETTA",
  "Malvina": "JESSICA",
  "Carry": "RODRIGUEZ",
  "Rhoda": "ALVIA",
  "Abe": "LIZETTE",
  "Alison": "SUSAN",
  "Eulalia": "SANTIAGO",
  "Bryn": "SALOMON",
  "Jerred": "HERBY",
  "Peronel": "MCLEOD",
  "Braelynn": "SUSAN",
  "Rosabella": "ZALMAN",
  "Lorri": "CARLOS",
  "Sigmund": "CARLOS",
  "Irma": "BURNETT",
  "Esther": "ELANNI",
  "Kristia": "KNIGHT",
  "Jill": "BAJRAKTAREVIC",
  "Kandi": "WILSON",
  "Caiden": "TAMEKA",
  "Bernadine": "PAMELLA",
  "Steve": "RANGLIN-WADE",
  "Saffron": "BARRY",
  "Kyrsten": "FATOUMATA",
  "Mozelle": "OLUWAKEMI",
  "Chip": "TOMASI",
  "Watson": "EUNICE",
  "Marleen": "STEWART",
  "Lindon": "JUNIOR",
  "Elisabeth": "ABRAHAM",
  "Margo": "RODRIGUEZ",
  "Blaine": "KARON",
  "Vernon": "JOHN J",
  "Isadora": "TREVICA",
  "Kimberley": "GRANT",
  "Sierra": "HOPKINS",
  "Keila": "COLBY",
  "Flora": "KRYSTAL",
  "Orville": "ARNELA",
  "Chris": "LEWIS",
  "Alyson": "LASHAWN",
  "Lynne": "MARK",
  "Lovell": "MARK",
  "Natalia": "KIM",
  "Cathleen": "KIM",
  "Hamilton": "SMITH",
  "Jessika": "BENT",
  "Maurice": "MARCIA",
  "Fancy": "LAURA",
  "Renita": "MANGAROO",
  "Ethelinda": "CHARLESJ",
  "Cissy": "MANCINO",
  "Tanner": "LISA",
  "Ebenezer": "RASMUSSEN",
  "Kaycee": "ALI",
  "Miriam": "SCHERRIA",
  "Fitzroy": "ALI",
  "Dayna": "BIBI",
  "Bobbie": "BLANCA",
  "Domenic": "PEART",
  "Torin": "TERIA",
  "Harland": "CANDACED",
  "Denver": "BABOOLALL",
  "Inigo": "SHALLINE",
  "Basil": "PAMELA",
  "Brittany": "LAUREN",
  "Marlena": "LAUREN",
  "Brianne": "GARCIA",
  "Vic": "ADRIANA",
  "Gretchen": "ROBY",
  "Hepsie": "THOMAS",
  "Fawn": "BELLAMY",
  "Michelle": "SHEQUANA",
  "Jocelyn": "DELUCA",
  "Tyrrell": "ASHLEY",
  "Gloria": "DANA",
  "Vi": "DANA",
  "Aviana": "SANTIAGO",
  "Bryan": "JONATHEN",
  "Hollie": "SUZETTE",
  "Melissa": "NEPTUNE-GRANT",
  "Alexis": "SANDRA",
  "Willoughby": "YANISSA",
  "Deborah": "CHER-ANDR",
  "Wenona": "SANCHEZ",
  "Shantel": "MADINATU",
  "Elea": "CHARLES",
  "Charissa": "MARY",
  "Stephania": "MARY",
  "Issy": "LINDA",
  "Jemmy": "MARIE",
  "Noreen": "MARIE",
  "Sampson": "COLUCCIO",
  "Campbell": "PARKER",
  "Drogo": "BRENDA",
  "Jaylynn": "ANASHA",
  "Tommie": "ROUSSE-INNISS",
  "Avalon": "MEGAN",
  "Tyron": "HARRINGTON",
  "Geena": "GARCIA",
  "Serenity": "LAURIE",
  "Alys": "SILVER-LEWIS",
  "Steph": "KATRINA",
  "Kai": "GREENE",
  "Sammy": "PUTNICK",
  "Eula": "DANIELLE",
  "Lilah": "KAREN",
  "Elodie": "VARGAS",
  "Emma": "CATERINA",
  "Innocent": "NADOFF",
  "Leontyne": "MALKAH",
  "Davena": "ASFE",
  "Asia": "RUKHSAR",
  "Erika": "RUTH",
  "Edweena": "MILLER",
  "Cade": "COURTNEYS",
  "Valentine": "DICANIO",
  "Aurora": "GIANPAUL",
  "Hillary": "HERNANDEZ",
  "Breanne": "LOPEZ",
  "Thane": "/HACE",
  "Danita": "MAXINE",
  "Zavier": "TEJADA",
  "Andrew": "JANISE",
  "Glenda": "RAYMOND",
  "Faye": "VALENTINE",
  "Joel": "JOHN",
  "Cecil": "DONNA",
  "Devin": "DIEGO",
  "Randal": "RENEE",
  "Garrick": "ADENAM",
  "Memphis": "SUZANNE",
  "Thea": "DAVIS",
  "Maryann": "BURTONROBERTS",
  "Nia": "ROSLYN",
  "Luther": "HILLARY",
  "Grenville": "HILLARY",
  "Amias": "GEEGBE",
  "Wren": "WRIGHTN",
  "Stacy": "ET AL ATIMA",
  "Terance": "KENNETH",
  "Aline": "EDUARDO",
  "Zaria": "MACKENZIE",
  "Martie": "CHRIS",
  "Bennett": "KENNIA",
  "Madonna": "CAMPOS",
  "Dave": "FERRELL",
  "Arlie": "NATASHA",
  "Kasen": "YASSIM",
  "Simon": "SATTIE",
  "Rain": "SUZZETTE",
  "Sara": "OPTIMUM",
  "Gideon": "HONOR",
  "Judy": "MAHMOOD ALI",
  "Scott": "NARGIS",
  "Madeline": "DWIGHT",
  "Alysa": "JACQUELIN",
  "Fleurette": "NARAINE",
  "Leyton": "TOBHASHNI",
  "Tammie": "KING",
  "Lilac": "JANAY",
  "Jacquelyn": "SAMUEL",
  "Adrienne": "FLEMMING",
  "Portia": "RICO",
  "Chase": "CRUZ",
  "Rolph": "MODOO",
  "Arline": "KENNY",
  "Reign": "MARSHALL",
  "Johnathan": "TAVRIZYAN",
  "Reid": "LARISA",
  "Leona": "COLEMAN",
  "Bruce": "GRACE",
  "Sylvanus": "VALENCIA",
  "Slade": "ANDREWS",
  "Kayly": "ELIZABETH",
  "Lanny": "ELIZABETH",
  "Pamila": "TEGER",
  "Mervyn": "OLGA",
  "Philip": "OLGA",
  "Glenn": "HOLLY",
  "Napier": "CIPOLLA",
  "Kaden": "SCOTT",
  "Twila": "DEJESUS",
  "Randolph": "JOHNATHAN",
  "Camilla": "KARECA",
  "Flossie": "CASSANDRA",
  "Charley": "ALEXANDRA",
  "Malachi": "SOTO",
  "Ariyah": "RIOS",
  "Joey": "BOOKER",
  "Erick": "RAYELIN",
  "Caitlin": "COMPTON",
  "Nylah": "REEDY",
  "Kian": "FELIX",
  "Alyssa": "GUTIERREZ",
  "Seraphina": "RUSSELL",
  "Arnie": "KATELYN",
  "Grosvenor": "BILL",
  "Jaki": "HUCKABY",
  "Judd": "DAY",
  "Ormonde": "LINDA",
  "Zelda": "ROSA",
  "Comfort": "DANIELLE",
  "Kayleigh": "STRUMPH",
  "Adela": "TRACIE",
  "John": "SOFIA",
  "Chelsey": "KAVELLARI",
  "Tibby": "BARRETT",
  "Wystan": "JANIELLE",
  "Diamond": "ANDREJ",
  "Eugene": "DROFENIK",
  "Braxton": "LEE",
  "Eustacia": "SCHLICHTING",
  "Pace": "MARIE",
  "Evan": "MYRIE",
  "Nicholas": "SABRINA",
  "Cornell": "CAROLINE",
  "Rosabel": "DUBOIS",
  "Zeke": "STARR",
  "Janie": "FRANCIS",
  "Reanna": "FRANCILLI",
  "June": "ROBINSON",
  "Bryon": "TANISHA",
  "Lorelai": "RUGIEYATU",
  "Allannah": "BHONATHA",
  "Delia": "MARTINEZ",
  "Clint": "AQUASSIAB",
  "Cyril": "PIERRE",
  "Braidy": "STEVEN",
  "Roy": "HOLDEN",
  "Promise": "CHEIKHALI",
  "Rastus": "NADIA",
  "Bertrand": "CHESTNUT",
  "Kiki": "TIMOTHY",
  "Rachyl": "PRATT",
  "Theresa": "SHANAY",
  "Jennica": "SNEED",
  "Garry": "DAIS",
  "Octavia": "TAKESHA",
  "Tristan": "DURANT",
  "Clarence": "ANESHA",
  "Brinley": "ELIZABETHY",
  "Gordon": "GARCIA",
  "Johnathon": "JANICE",
  "Michelyne": "LEONCE",
  "Brooklynn": "LICHA",
  "Fiona": "ALLEYNE",
  "Loreen": "SIDDIQUA",
  "Ramsey": "AZEVEDO",
  "Robina": "BIEN-AIME",
  "Kaleb": "GARDNER",
  "Trenton": "BRITTANY",
  "Dwain": "IRIZARRYWRIGH",
  "Shyla": "KATHRYN",
  "Josslyn": "JOHNSON",
  "Elmer": "LOCKHART",
  "David": "ANTONIO",
  "Dorinda": "PAUL",
  "Tawnee": "DARLYNE",
  "Arron": "MARY",
  "Allegra": "TRACI",
  "Idonea": "TRACI",
  "Krystle": "STRUMPH",
  "Honour": "ZAVESKY",
  "Fannie": "NICHOLAS",
  "Tobin": "TAIQUAN",
  "Norm": "KING",
  "Page": "LARKIN",
  "Alaya": "ROBERT",
  "Colin": "LOPEZ",
  "Paisley": "CELIA",
  "Gretta": "MATTINA",
  "Hugo": "FERGUSON",
  "Benj": "MCNEIL",
  "Maxwell": "ORTIZ",
  "Adalyn": "MELISSA",
  "Rafferty": "NAIQUAJHA",
  "Teddy": "PRYOR",
  "Winthrop": "SALDANA",
  "Mable": "WADE"
}