[
  {
    "AGENCY CUSTOMER ID": "TTS-12345451",
    "Agency_Name": "Murray Insurance Services",
    "CARRIER": "Marketing Only.",
    "DATE (MM/DD/YYYY)": "14/09/2021",
    "NAIC CODE": "N/A",
    "POLICY NUMBER": "FG-123700",
    "EFFECTIVE DATE": "11/09/2021",
    "APPLICANT / FIRST NAMED INSURED": "Geremy",
    "SUMMARY INFORMATION_LOC#1": "1",
    "SUMMARY INFORMATION_BLD#1": "1",
    "SUMMARY INFORMATION_ClassCode1": "12345",
    "SUMMARY INFORMATION_SubclassCode1": "6789",
    "SUMMARY INFORMATION_Description1": "Stage Props",
    "SUMMARY INFORMATION_SCH Y/N": "N",
    "SUMMARY INFORMATION_NUM Items1": "14",
    "SUMMARY INFORMATION_Valuation1": "ACV",
    "SUMMARY INFORMATION_BLKT#1": "1",
    "SUMMARY INFORMATION_Max Item Value1": "$ 50,000",
    "SUMMARY INFORMATION_% COINS1": "25 %",
    "SUMMARY INFORMATION_LOC#2": "2",
    "SUMMARY INFORMATION_BLD#2": "2",
    "SUMMARY INFORMATION_ClassCode2": "12345",
    "SUMMARY INFORMATION_SubclassCode2": "5789",
    "SUMMARY INFORMATION_Description2": "Stage Props A",
    "SUMMARY INFORMATION_SCH Y/N 2": "Y",
    "SUMMARY INFORMATION_NUM Items2": "10",
    "SUMMARY INFORMATION_Valuation2": "RC",
    "SUMMARY INFORMATION_BLKT#2": "2",
    "SUMMARY INFORMATION_Max Item Value2": "$ 23,000",
    "SUMMARY INFORMATION_% COINS2": "12 %",
    "SUMMARY INFORMATION_LOC#3": "3",
    "SUMMARY INFORMATION_BLD#3": "3",
    "SUMMARY INFORMATION_ClassCode3": "12414",
    "SUMMARY INFORMATION_SubclassCode3": "4443",
    "SUMMARY INFORMATION_Description3": "Stage Props B",
    "SUMMARY INFORMATION_SCH Y/N 3": "N",
    "SUMMARY INFORMATION_NUM Items3": "11",
    "SUMMARY INFORMATION_Valuation3": "AV",
    "SUMMARY INFORMATION_BLKT#3": "3",
    "SUMMARY INFORMATION_Max Item Value3": "$ 34,000",
    "SUMMARY INFORMATION_% COINS3": "11 %",
    "SUMMARY INFORMATION_LOC#4": "4",
    "SUMMARY INFORMATION_BLD#4": "4",
    "SUMMARY INFORMATION_ClassCode4": "55111",
    "SUMMARY INFORMATION_SubclassCode4": "7831",
    "SUMMARY INFORMATION_Description4": "Stage Props C",
    "SUMMARY INFORMATION_SCH Y/N 4": "Y",
    "SUMMARY INFORMATION_NUM Items4": "16",
    "SUMMARY INFORMATION_Valuation4": "RC",
    "SUMMARY INFORMATION_BLKT#4": "4",
    "SUMMARY INFORMATION_Max Item Value4": "$ 50000",
    "SUMMARY INFORMATION_% COINS4": "31 %",
    "SUMMARY INFORMATION_LOC#5": "",
    "SUMMARY INFORMATION_BLD#5": "",
    "SUMMARY INFORMATION_ClassCode5": "",
    "SUMMARY INFORMATION_SubclassCode5": "",
    "SUMMARY INFORMATION_Description5": "",
    "SUMMARY INFORMATION_SCH Y/N 5": "",
    "SUMMARY INFORMATION_NUM Items5": "",
    "SUMMARY INFORMATION_Valuation5": "",
    "SUMMARY INFORMATION_BLKT#5": "",
    "SUMMARY INFORMATION_Max Item Value5": "$",
    "SUMMARY INFORMATION_% COINS5": "%",
    "SUMMARY INFORMATION_LOC#6": "",
    "SUMMARY INFORMATION_BLD#6": "",
    "SUMMARY INFORMATION_ClassCode6": "",
    "SUMMARY INFORMATION_SubclassCode6": "",
    "SUMMARY INFORMATION_Description6": "",
    "SUMMARY INFORMATION_SCH Y/N 6": "",
    "SUMMARY INFORMATION_NUM Items6": "",
    "SUMMARY INFORMATION_Valuation6": "",
    "SUMMARY INFORMATION_BLKT#6": "",
    "SUMMARY INFORMATION_Max Item Value6": "$",
    "SUMMARY INFORMATION_% COINS6": "%",
    "SUMMARY INFORMATION_LOC#7": "",
    "SUMMARY INFORMATION_BLD#7": "",
    "SUMMARY INFORMATION_ClassCode7": "",
    "SUMMARY INFORMATION_SubclassCode7": "",
    "SUMMARY INFORMATION_Description7": "",
    "SUMMARY INFORMATION_SCH Y/N 7": "",
    "SUMMARY INFORMATION_NUM Items7": "",
    "SUMMARY INFORMATION_Valuation7": "",
    "SUMMARY INFORMATION_BLKT#7": "",
    "SUMMARY INFORMATION_Max Item Value7": "$",
    "SUMMARY INFORMATION_% COINS7": "%",
    "SUMMARY INFORMATION_LOC#8": "",
    "SUMMARY INFORMATION_BLD#8": "",
    "SUMMARY INFORMATION_ClassCode8": "",
    "SUMMARY INFORMATION_SubclassCode8": "",
    "SUMMARY INFORMATION_Description8": "",
    "SUMMARY INFORMATION_SCH Y/N 8": "",
    "SUMMARY INFORMATION_NUM Items8": "",
    "SUMMARY INFORMATION_Valuation8": "",
    "SUMMARY INFORMATION_BLKT#8": "",
    "SUMMARY INFORMATION_Max Item Value8": "$",
    "SUMMARY INFORMATION_% COINS8": "%",
    "SUMMARY INFORMATION_LOC#9": "",
    "SUMMARY INFORMATION_BLD#9": "",
    "SUMMARY INFORMATION_ClassCode9": "",
    "SUMMARY INFORMATION_SubclassCode9": "",
    "SUMMARY INFORMATION_Description9": "",
    "SUMMARY INFORMATION_SCH Y/N 9": "",
    "SUMMARY INFORMATION_NUM Items9": "",
    "SUMMARY INFORMATION_Valuation9": "",
    "SUMMARY INFORMATION_BLKT#9": "",
    "SUMMARY INFORMATION_Max Item Value9": "$",
    "SUMMARY INFORMATION_% COINS9": "%",
    "SUMMARY INFORMATION_LOC#10": "",
    "SUMMARY INFORMATION_BLD#10": "",
    "SUMMARY INFORMATION_ClassCode10": "",
    "SUMMARY INFORMATION_SubclassCode10": "",
    "SUMMARY INFORMATION_Description10": "",
    "SUMMARY INFORMATION_SCH Y/N 10": "",
    "SUMMARY INFORMATION_NUM Items10": "",
    "SUMMARY INFORMATION_Valuation10": "",
    "SUMMARY INFORMATION_BLKT#10": "",
    "SUMMARY INFORMATION_Max Item Value10": "$",
    "SUMMARY INFORMATION_% COINS10": "%",
    "COVERAGES / CAUSES OF LOSS_SCH#1": "1",
    "COVERAGES / CAUSES OF LOSS_SCH#2": "2",
    "COVERAGES / CAUSES OF LOSS_SCH#3": "3",
    "COVERAGES / CAUSES OF LOSS_SCH#4": "4",
    "COVERAGES / CAUSES OF LOSS_SCH#5": "",
    "COVERAGES / CAUSES OF LOSS_SCH#6": "",
    "COVERAGES / CAUSES OF LOSS_SCH#7": "",
    "COVERAGES / CAUSES OF LOSS_SCH#8": "",
    "COVERAGES / CAUSES OF LOSS_SCH#9": "",
    "COVERAGES / CAUSES OF LOSS_SCH#10": "",
    "COVERAGES / CAUSES OF LOSS_SCH#11": "",
    "COVERAGES / CAUSES OF LOSS_SCH#12": "",
    "COVERAGES / CAUSES OF LOSS_SCH#13": "",
    "COVERAGES / CAUSES OF LOSS_SCH#14": "",
    "COVERAGES / CAUSES OF LOSS_SCH#15": "",
    "COVERAGES / CAUSES OF LOSS_SCH#16": "",
    "COVERAGES / CAUSES OF LOSS_SCH#17": "",
    "COVERAGES / CAUSES OF LOSS_SCH#18": "",
    "COVERAGES / CAUSES OF LOSS_SCH#19": "",
    "COVERAGES / CAUSES OF LOSS_SCH#20": "",
    "COVERAGES / CAUSES OF LOSS_POL LVL Y / N 1": "Y",
    "COVERAGES / CAUSES OF LOSS_POL LVL Y / N 2": "Y",
    "COVERAGES / CAUSES OF LOSS_POL LVL Y / N 3": "N",
    "COVERAGES / CAUSES OF LOSS_POL LVL Y / N 4": "Y",
    "COVERAGES / CAUSES OF LOSS_POL LVL Y / N 5": "",
    "COVERAGES / CAUSES OF LOSS_POL LVL Y / N 6": "",
    "COVERAGES / CAUSES OF LOSS_POL LVL Y / N 7": "",
    "COVERAGES / CAUSES OF LOSS_POL LVL Y / N 8": "",
    "COVERAGES / CAUSES OF LOSS_POL LVL Y / N 9": "",
    "COVERAGES / CAUSES OF LOSS_POL LVL Y / N 10": "",
    "COVERAGES / CAUSES OF LOSS_POL LVL Y / N 11": "",
    "COVERAGES / CAUSES OF LOSS_POL LVL Y / N 12": "",
    "COVERAGES / CAUSES OF LOSS_POL LVL Y / N 13": "",
    "COVERAGES / CAUSES OF LOSS_POL LVL Y / N 14": "",
    "COVERAGES / CAUSES OF LOSS_POL LVL Y / N 15": "",
    "COVERAGES / CAUSES OF LOSS_POL LVL Y / N 16": "",
    "COVERAGES / CAUSES OF LOSS_POL LVL Y / N 17": "",
    "COVERAGES / CAUSES OF LOSS_POL LVL Y / N 18": "",
    "COVERAGES / CAUSES OF LOSS_POL LVL Y / N 19": "",
    "COVERAGES / CAUSES OF LOSS_POL LVL Y / N 20": "",
    "COVERAGES / CAUSES OF LOSS_COV CODE1": "12345",
    "COVERAGES / CAUSES OF LOSS_COV CODE2": "54321",
    "COVERAGES / CAUSES OF LOSS_COV CODE3": "51521",
    "COVERAGES / CAUSES OF LOSS_COV CODE4": "54411",
    "COVERAGES / CAUSES OF LOSS_COV CODE5": "",
    "COVERAGES / CAUSES OF LOSS_COV CODE6": "",
    "COVERAGES / CAUSES OF LOSS_COV CODE7": "",
    "COVERAGES / CAUSES OF LOSS_COV CODE8": "",
    "COVERAGES / CAUSES OF LOSS_COV CODE9": "",
    "COVERAGES / CAUSES OF LOSS_COV CODE10": "",
    "COVERAGES / CAUSES OF LOSS_COV CODE11": "",
    "COVERAGES / CAUSES OF LOSS_COV CODE12": "",
    "COVERAGES / CAUSES OF LOSS_COV CODE13": "",
    "COVERAGES / CAUSES OF LOSS_COV CODE14": "",
    "COVERAGES / CAUSES OF LOSS_COV CODE15": "",
    "COVERAGES / CAUSES OF LOSS_COV CODE16": "",
    "COVERAGES / CAUSES OF LOSS_COV CODE17": "",
    "COVERAGES / CAUSES OF LOSS_COV CODE18": "",
    "COVERAGES / CAUSES OF LOSS_COV CODE19": "",
    "COVERAGES / CAUSES OF LOSS_COV CODE20": "",
    "COVERAGES / CAUSES OF LOSS_DESCRIPTION_1": "Fire",
    "COVERAGES / CAUSES OF LOSS_DESCRIPTION_2": "Earthquake",
    "COVERAGES / CAUSES OF LOSS_DESCRIPTION_3": "Torando",
    "COVERAGES / CAUSES OF LOSS_DESCRIPTION_4": "Flood",
    "COVERAGES / CAUSES OF LOSS_DESCRIPTION_5": "",
    "COVERAGES / CAUSES OF LOSS_DESCRIPTION_6": "",
    "COVERAGES / CAUSES OF LOSS_DESCRIPTION_7": "",
    "COVERAGES / CAUSES OF LOSS_DESCRIPTION_8": "",
    "COVERAGES / CAUSES OF LOSS_DESCRIPTION_9": "",
    "COVERAGES / CAUSES OF LOSS_DESCRIPTION_10": "",
    "COVERAGES / CAUSES OF LOSS_DESCRIPTION_11": "",
    "COVERAGES / CAUSES OF LOSS_DESCRIPTION_12": "",
    "COVERAGES / CAUSES OF LOSS_DESCRIPTION_13": "",
    "COVERAGES / CAUSES OF LOSS_DESCRIPTION_14": "",
    "COVERAGES / CAUSES OF LOSS_DESCRIPTION_15": "",
    "COVERAGES / CAUSES OF LOSS_DESCRIPTION_16": "",
    "COVERAGES / CAUSES OF LOSS_DESCRIPTION_17": "",
    "COVERAGES / CAUSES OF LOSS_DESCRIPTION_18": "",
    "COVERAGES / CAUSES OF LOSS_DESCRIPTION_19": "",
    "COVERAGES / CAUSES OF LOSS_DESCRIPTION_20": "",
    "COVERAGES / CAUSES OF LOSS_LIMIT_1": "$ 50,000",
    "COVERAGES / CAUSES OF LOSS_LIMIT_2": "$ 25000",
    "COVERAGES / CAUSES OF LOSS_LIMIT_3": "$ 56000",
    "COVERAGES / CAUSES OF LOSS_LIMIT_4": "$ 42000",
    "COVERAGES / CAUSES OF LOSS_LIMIT_5": "$",
    "COVERAGES / CAUSES OF LOSS_LIMIT_6": "$",
    "COVERAGES / CAUSES OF LOSS_LIMIT_7": "$",
    "COVERAGES / CAUSES OF LOSS_LIMIT_8": "$",
    "COVERAGES / CAUSES OF LOSS_LIMIT_9": "$",
    "COVERAGES / CAUSES OF LOSS_LIMIT_10": "$",
    "COVERAGES / CAUSES OF LOSS_LIMIT_11": "$",
    "COVERAGES / CAUSES OF LOSS_LIMIT_12": "$",
    "COVERAGES / CAUSES OF LOSS_LIMIT_13": "$",
    "COVERAGES / CAUSES OF LOSS_LIMIT_14": "$",
    "COVERAGES / CAUSES OF LOSS_LIMIT_15": "$",
    "COVERAGES / CAUSES OF LOSS_LIMIT_16": "$",
    "COVERAGES / CAUSES OF LOSS_LIMIT_17": "$",
    "COVERAGES / CAUSES OF LOSS_LIMIT_18": "$",
    "COVERAGES / CAUSES OF LOSS_LIMIT_19": "$",
    "COVERAGES / CAUSES OF LOSS_LIMIT_20": "$",
    "COVERAGES / CAUSES OF LOSS_COVERAGES / CAUSES OF LOSS_LIMIT APPLIES TO_1": "12345",
    "COVERAGES / CAUSES OF LOSS_COVERAGES / CAUSES OF LOSS_LIMIT APPLIES TO_2": "54321",
    "COVERAGES / CAUSES OF LOSS_COVERAGES / CAUSES OF LOSS_LIMIT APPLIES TO_3": "99011",
    "COVERAGES / CAUSES OF LOSS_COVERAGES / CAUSES OF LOSS_LIMIT APPLIES TO_4": "33222",
    "COVERAGES / CAUSES OF LOSS_COVERAGES / CAUSES OF LOSS_LIMIT APPLIES TO_5": "",
    "COVERAGES / CAUSES OF LOSS_COVERAGES / CAUSES OF LOSS_LIMIT APPLIES TO_6": "",
    "COVERAGES / CAUSES OF LOSS_COVERAGES / CAUSES OF LOSS_LIMIT APPLIES TO_7": "",
    "COVERAGES / CAUSES OF LOSS_COVERAGES / CAUSES OF LOSS_LIMIT APPLIES TO_8": "",
    "COVERAGES / CAUSES OF LOSS_COVERAGES / CAUSES OF LOSS_LIMIT APPLIES TO_9": "",
    "COVERAGES / CAUSES OF LOSS_COVERAGES / CAUSES OF LOSS_LIMIT APPLIES TO_10": "",
    "COVERAGES / CAUSES OF LOSS_COVERAGES / CAUSES OF LOSS_LIMIT APPLIES TO_11": "",
    "COVERAGES / CAUSES OF LOSS_COVERAGES / CAUSES OF LOSS_LIMIT APPLIES TO_12": "",
    "COVERAGES / CAUSES OF LOSS_COVERAGES / CAUSES OF LOSS_LIMIT APPLIES TO_13": "",
    "COVERAGES / CAUSES OF LOSS_COVERAGES / CAUSES OF LOSS_LIMIT APPLIES TO_14": "",
    "COVERAGES / CAUSES OF LOSS_COVERAGES / CAUSES OF LOSS_LIMIT APPLIES TO_15": "",
    "COVERAGES / CAUSES OF LOSS_COVERAGES / CAUSES OF LOSS_LIMIT APPLIES TO_16": "",
    "COVERAGES / CAUSES OF LOSS_COVERAGES / CAUSES OF LOSS_LIMIT APPLIES TO_17": "",
    "COVERAGES / CAUSES OF LOSS_COVERAGES / CAUSES OF LOSS_LIMIT APPLIES TO_18": "",
    "COVERAGES / CAUSES OF LOSS_COVERAGES / CAUSES OF LOSS_LIMIT APPLIES TO_19": "",
    "COVERAGES / CAUSES OF LOSS_COVERAGES / CAUSES OF LOSS_LIMIT APPLIES TO_20": "",
    "COVERAGES / CAUSES OF LOSS_COVERAGES / CAUSES OF LOSS_LIMIT##1": "$ 50,000",
    "COVERAGES / CAUSES OF LOSS_COVERAGES / CAUSES OF LOSS_LIMIT##2": "$ 25000",
    "COVERAGES / CAUSES OF LOSS_COVERAGES / CAUSES OF LOSS_LIMIT##3": "$ 58000",
    "COVERAGES / CAUSES OF LOSS_COVERAGES / CAUSES OF LOSS_LIMIT##4": "$ 53473",
    "COVERAGES / CAUSES OF LOSS_COVERAGES / CAUSES OF LOSS_LIMIT##5": "$",
    "COVERAGES / CAUSES OF LOSS_COVERAGES / CAUSES OF LOSS_LIMIT##6": "$",
    "COVERAGES / CAUSES OF LOSS_COVERAGES / CAUSES OF LOSS_LIMIT##7": "$",
    "COVERAGES / CAUSES OF LOSS_COVERAGES / CAUSES OF LOSS_LIMIT##8": "$",
    "COVERAGES / CAUSES OF LOSS_COVERAGES / CAUSES OF LOSS_LIMIT##9": "$",
    "COVERAGES / CAUSES OF LOSS_COVERAGES / CAUSES OF LOSS_LIMIT##10": "$",
    "COVERAGES / CAUSES OF LOSS_COVERAGES / CAUSES OF LOSS_LIMIT##11": "$",
    "COVERAGES / CAUSES OF LOSS_COVERAGES / CAUSES OF LOSS_LIMIT##12": "$",
    "COVERAGES / CAUSES OF LOSS_COVERAGES / CAUSES OF LOSS_LIMIT##13": "$",
    "COVERAGES / CAUSES OF LOSS_COVERAGES / CAUSES OF LOSS_LIMIT##14": "$",
    "COVERAGES / CAUSES OF LOSS_COVERAGES / CAUSES OF LOSS_LIMIT##15": "$",
    "COVERAGES / CAUSES OF LOSS_COVERAGES / CAUSES OF LOSS_LIMIT##16": "$",
    "COVERAGES / CAUSES OF LOSS_COVERAGES / CAUSES OF LOSS_LIMIT##17": "$",
    "COVERAGES / CAUSES OF LOSS_COVERAGES / CAUSES OF LOSS_LIMIT##18": "$",
    "COVERAGES / CAUSES OF LOSS_COVERAGES / CAUSES OF LOSS_LIMIT##19": "$",
    "COVERAGES / CAUSES OF LOSS_COVERAGES / CAUSES OF LOSS_LIMIT##20": "$",
    "COVERAGES / CAUSES OF LOSS_COVERAGES / CAUSES OF LOSS_LIMIT APPLIES TO##1": "12345",
    "COVERAGES / CAUSES OF LOSS_COVERAGES / CAUSES OF LOSS_LIMIT APPLIES TO##2": "54321",
    "COVERAGES / CAUSES OF LOSS_COVERAGES / CAUSES OF LOSS_LIMIT APPLIES TO##3": "36805",
    "COVERAGES / CAUSES OF LOSS_COVERAGES / CAUSES OF LOSS_LIMIT APPLIES TO##4": "13455",
    "COVERAGES / CAUSES OF LOSS_COVERAGES / CAUSES OF LOSS_LIMIT APPLIES TO##5": "",
    "COVERAGES / CAUSES OF LOSS_COVERAGES / CAUSES OF LOSS_LIMIT APPLIES TO##6": "",
    "COVERAGES / CAUSES OF LOSS_COVERAGES / CAUSES OF LOSS_LIMIT APPLIES TO##7": "",
    "COVERAGES / CAUSES OF LOSS_COVERAGES / CAUSES OF LOSS_LIMIT APPLIES TO##8": "",
    "COVERAGES / CAUSES OF LOSS_COVERAGES / CAUSES OF LOSS_LIMIT APPLIES TO##9": "",
    "COVERAGES / CAUSES OF LOSS_COVERAGES / CAUSES OF LOSS_LIMIT APPLIES TO##10": "",
    "COVERAGES / CAUSES OF LOSS_COVERAGES / CAUSES OF LOSS_LIMIT APPLIES TO##11": "",
    "COVERAGES / CAUSES OF LOSS_COVERAGES / CAUSES OF LOSS_LIMIT APPLIES TO##12": "",
    "COVERAGES / CAUSES OF LOSS_COVERAGES / CAUSES OF LOSS_LIMIT APPLIES TO##13": "",
    "COVERAGES / CAUSES OF LOSS_COVERAGES / CAUSES OF LOSS_LIMIT APPLIES TO##14": "",
    "COVERAGES / CAUSES OF LOSS_COVERAGES / CAUSES OF LOSS_LIMIT APPLIES TO##15": "",
    "COVERAGES / CAUSES OF LOSS_COVERAGES / CAUSES OF LOSS_LIMIT APPLIES TO##16": "",
    "COVERAGES / CAUSES OF LOSS_COVERAGES / CAUSES OF LOSS_LIMIT APPLIES TO##17": "",
    "COVERAGES / CAUSES OF LOSS_COVERAGES / CAUSES OF LOSS_LIMIT APPLIES TO##18": "",
    "COVERAGES / CAUSES OF LOSS_COVERAGES / CAUSES OF LOSS_LIMIT APPLIES TO##19": "",
    "COVERAGES / CAUSES OF LOSS_COVERAGES / CAUSES OF LOSS_LIMIT APPLIES TO##20": "",
    "COVERAGES / CAUSES OF LOSS_COVERAGES / CAUSES OF LOSS_DED#1": "500",
    "COVERAGES / CAUSES OF LOSS_COVERAGES / CAUSES OF LOSS_DED#2": "250",
    "COVERAGES / CAUSES OF LOSS_COVERAGES / CAUSES OF LOSS_DED#3": "785",
    "COVERAGES / CAUSES OF LOSS_COVERAGES / CAUSES OF LOSS_DED#4": "787",
    "COVERAGES / CAUSES OF LOSS_COVERAGES / CAUSES OF LOSS_DED#5": "",
    "COVERAGES / CAUSES OF LOSS_COVERAGES / CAUSES OF LOSS_DED#6": "",
    "COVERAGES / CAUSES OF LOSS_COVERAGES / CAUSES OF LOSS_DED#7": "",
    "COVERAGES / CAUSES OF LOSS_COVERAGES / CAUSES OF LOSS_DED#8": "",
    "COVERAGES / CAUSES OF LOSS_COVERAGES / CAUSES OF LOSS_DED#9": "",
    "COVERAGES / CAUSES OF LOSS_COVERAGES / CAUSES OF LOSS_DED#10": "",
    "COVERAGES / CAUSES OF LOSS_COVERAGES / CAUSES OF LOSS_DED#11": "",
    "COVERAGES / CAUSES OF LOSS_COVERAGES / CAUSES OF LOSS_DED#12": "",
    "COVERAGES / CAUSES OF LOSS_COVERAGES / CAUSES OF LOSS_DED#13": "",
    "COVERAGES / CAUSES OF LOSS_COVERAGES / CAUSES OF LOSS_DED#14": "",
    "COVERAGES / CAUSES OF LOSS_COVERAGES / CAUSES OF LOSS_DED#15": "",
    "COVERAGES / CAUSES OF LOSS_COVERAGES / CAUSES OF LOSS_DED#16": "",
    "COVERAGES / CAUSES OF LOSS_COVERAGES / CAUSES OF LOSS_DED#17": "",
    "COVERAGES / CAUSES OF LOSS_COVERAGES / CAUSES OF LOSS_DED#18": "",
    "COVERAGES / CAUSES OF LOSS_COVERAGES / CAUSES OF LOSS_DED#19": "",
    "COVERAGES / CAUSES OF LOSS_COVERAGES / CAUSES OF LOSS_DED#20": "",
    "COVERAGES / CAUSES OF LOSS_COVERAGES / CAUSES OF LOSS_DED TYPE1": "FL",
    "COVERAGES / CAUSES OF LOSS_COVERAGES / CAUSES OF LOSS_DED TYPE2": "FL",
    "COVERAGES / CAUSES OF LOSS_COVERAGES / CAUSES OF LOSS_DED TYPE3": "P",
    "COVERAGES / CAUSES OF LOSS_COVERAGES / CAUSES OF LOSS_DED TYPE4": "FL",
    "COVERAGES / CAUSES OF LOSS_COVERAGES / CAUSES OF LOSS_DED TYPE5": "",
    "COVERAGES / CAUSES OF LOSS_COVERAGES / CAUSES OF LOSS_DED TYPE6": "",
    "COVERAGES / CAUSES OF LOSS_COVERAGES / CAUSES OF LOSS_DED TYPE7": "",
    "COVERAGES / CAUSES OF LOSS_COVERAGES / CAUSES OF LOSS_DED TYPE8": "",
    "COVERAGES / CAUSES OF LOSS_COVERAGES / CAUSES OF LOSS_DED TYPE9": "",
    "COVERAGES / CAUSES OF LOSS_COVERAGES / CAUSES OF LOSS_DED TYPE10": "",
    "COVERAGES / CAUSES OF LOSS_COVERAGES / CAUSES OF LOSS_DED TYPE11": "",
    "COVERAGES / CAUSES OF LOSS_COVERAGES / CAUSES OF LOSS_DED TYPE12": "",
    "COVERAGES / CAUSES OF LOSS_COVERAGES / CAUSES OF LOSS_DED TYPE13": "",
    "COVERAGES / CAUSES OF LOSS_COVERAGES / CAUSES OF LOSS_DED TYPE14": "",
    "COVERAGES / CAUSES OF LOSS_COVERAGES / CAUSES OF LOSS_DED TYPE15": "",
    "COVERAGES / CAUSES OF LOSS_COVERAGES / CAUSES OF LOSS_DED TYPE16": "",
    "COVERAGES / CAUSES OF LOSS_COVERAGES / CAUSES OF LOSS_DED TYPE17": "",
    "COVERAGES / CAUSES OF LOSS_COVERAGES / CAUSES OF LOSS_DED TYPE18": "",
    "COVERAGES / CAUSES OF LOSS_COVERAGES / CAUSES OF LOSS_DED TYPE19": "",
    "COVERAGES / CAUSES OF LOSS_COVERAGES / CAUSES OF LOSS_DED TYPE20": "",
    "COVERAGES / CAUSES OF LOSS_COVERAGES / CAUSES OF LOSS_OPT CODE1": "B",
    "COVERAGES / CAUSES OF LOSS_COVERAGES / CAUSES OF LOSS_OPT CODE2": "A",
    "COVERAGES / CAUSES OF LOSS_COVERAGES / CAUSES OF LOSS_OPT CODE3": "A",
    "COVERAGES / CAUSES OF LOSS_COVERAGES / CAUSES OF LOSS_OPT CODE4": "B",
    "COVERAGES / CAUSES OF LOSS_COVERAGES / CAUSES OF LOSS_OPT CODE5": "",
    "COVERAGES / CAUSES OF LOSS_COVERAGES / CAUSES OF LOSS_OPT CODE6": "",
    "COVERAGES / CAUSES OF LOSS_COVERAGES / CAUSES OF LOSS_OPT CODE7": "",
    "COVERAGES / CAUSES OF LOSS_COVERAGES / CAUSES OF LOSS_OPT CODE8": "",
    "COVERAGES / CAUSES OF LOSS_COVERAGES / CAUSES OF LOSS_OPT CODE9": "",
    "COVERAGES / CAUSES OF LOSS_COVERAGES / CAUSES OF LOSS_OPT CODE10": "",
    "COVERAGES / CAUSES OF LOSS_COVERAGES / CAUSES OF LOSS_OPT CODE11": "",
    "COVERAGES / CAUSES OF LOSS_COVERAGES / CAUSES OF LOSS_OPT CODE12": "",
    "COVERAGES / CAUSES OF LOSS_COVERAGES / CAUSES OF LOSS_OPT CODE13": "",
    "COVERAGES / CAUSES OF LOSS_COVERAGES / CAUSES OF LOSS_OPT CODE14": "",
    "COVERAGES / CAUSES OF LOSS_COVERAGES / CAUSES OF LOSS_OPT CODE15": "",
    "COVERAGES / CAUSES OF LOSS_COVERAGES / CAUSES OF LOSS_OPT CODE16": "",
    "COVERAGES / CAUSES OF LOSS_COVERAGES / CAUSES OF LOSS_OPT CODE17": "",
    "COVERAGES / CAUSES OF LOSS_COVERAGES / CAUSES OF LOSS_OPT CODE18": "",
    "COVERAGES / CAUSES OF LOSS_COVERAGES / CAUSES OF LOSS_OPT CODE19": "",
    "COVERAGES / CAUSES OF LOSS_COVERAGES / CAUSES OF LOSS_OPT CODE20": "",
    "COVERAGES / CAUSES OF LOSS_% COINS#1": "25 %",
    "COVERAGES / CAUSES OF LOSS_% COINS#2": "22 %",
    "COVERAGES / CAUSES OF LOSS_% COINS#3": "31 %",
    "COVERAGES / CAUSES OF LOSS_% COINS#4": "24 %",
    "COVERAGES / CAUSES OF LOSS_% COINS#5": "%",
    "COVERAGES / CAUSES OF LOSS_% COINS#6": "%",
    "COVERAGES / CAUSES OF LOSS_% COINS#7": "%",
    "COVERAGES / CAUSES OF LOSS_% COINS#8": "%",
    "COVERAGES / CAUSES OF LOSS_% COINS#9": "%",
    "COVERAGES / CAUSES OF LOSS_% COINS#10": "%",
    "COVERAGES / CAUSES OF LOSS_% COINS#11": "%",
    "COVERAGES / CAUSES OF LOSS_% COINS#12": "%",
    "COVERAGES / CAUSES OF LOSS_% COINS#13": "%",
    "COVERAGES / CAUSES OF LOSS_% COINS#14": "%",
    "COVERAGES / CAUSES OF LOSS_% COINS#15": "%",
    "COVERAGES / CAUSES OF LOSS_% COINS#16": "%",
    "COVERAGES / CAUSES OF LOSS_% COINS#17": "%",
    "COVERAGES / CAUSES OF LOSS_% COINS#18": "%",
    "COVERAGES / CAUSES OF LOSS_% COINS#19": "%",
    "COVERAGES / CAUSES OF LOSS_% COINS#20": "%",
    "COVERAGES / CAUSES OF LOSS_PREMIUM1": "$ 50,000",
    "COVERAGES / CAUSES OF LOSS_PREMIUM2": "$ 25000",
    "COVERAGES / CAUSES OF LOSS_PREMIUM3": "$ 56000",
    "COVERAGES / CAUSES OF LOSS_PREMIUM4": "$ 50000",
    "COVERAGES / CAUSES OF LOSS_PREMIUM5": "$",
    "COVERAGES / CAUSES OF LOSS_PREMIUM6": "$",
    "COVERAGES / CAUSES OF LOSS_PREMIUM7": "$",
    "COVERAGES / CAUSES OF LOSS_PREMIUM8": "$",
    "COVERAGES / CAUSES OF LOSS_PREMIUM9": "$",
    "COVERAGES / CAUSES OF LOSS_PREMIUM10": "$",
    "COVERAGES / CAUSES OF LOSS_PREMIUM11": "$",
    "COVERAGES / CAUSES OF LOSS_PREMIUM12": "$",
    "COVERAGES / CAUSES OF LOSS_PREMIUM13": "$",
    "COVERAGES / CAUSES OF LOSS_PREMIUM14": "$",
    "COVERAGES / CAUSES OF LOSS_PREMIUM15": "$",
    "COVERAGES / CAUSES OF LOSS_PREMIUM16": "$",
    "COVERAGES / CAUSES OF LOSS_PREMIUM17": "$",
    "COVERAGES / CAUSES OF LOSS_PREMIUM18": "$",
    "COVERAGES / CAUSES OF LOSS_PREMIUM19": "$",
    "COVERAGES / CAUSES OF LOSS_PREMIUM20": "$",
    "EQUIPMENT STORAGE_LOC #1": "1",
    "EQUIPMENT STORAGE_LOC #2": "2",
    "EQUIPMENT STORAGE_LOC #3": "3",
    "EQUIPMENT STORAGE_LOC #4": "",
    "EQUIPMENT STORAGE_LOC #5": "",
    "EQUIPMENT STORAGE_LOC #6": "",
    "EQUIPMENT STORAGE_LOC #7": "",
    "EQUIPMENT STORAGE_LOC #8": "",
    "EQUIPMENT STORAGE_LOC #9": "",
    "EQUIPMENT STORAGE_LOC #10": "",
    "EQUIPMENT STORAGE_LOC #11": "",
    "EQUIPMENT STORAGE_LOC #12": "",
    "EQUIPMENT STORAGE_LOC #13": "",
    "EQUIPMENT STORAGE_BLD #1": "1",
    "EQUIPMENT STORAGE_BLD #2": "2",
    "EQUIPMENT STORAGE_BLD #3": "3",
    "EQUIPMENT STORAGE_BLD #4": "",
    "EQUIPMENT STORAGE_BLD #5": "",
    "EQUIPMENT STORAGE_BLD #6": "",
    "EQUIPMENT STORAGE_BLD #7": "",
    "EQUIPMENT STORAGE_BLD #8": "",
    "EQUIPMENT STORAGE_BLD #9": "",
    "EQUIPMENT STORAGE_BLD #10": "",
    "EQUIPMENT STORAGE_BLD #11": "",
    "EQUIPMENT STORAGE_BLD #12": "",
    "EQUIPMENT STORAGE_BLD #13": "",
    "EQUIPMENT STORAGE_NUM MOS_1": "1",
    "EQUIPMENT STORAGE_NUM MOS_2": "2",
    "EQUIPMENT STORAGE_NUM MOS_3": "3",
    "EQUIPMENT STORAGE_NUM MOS_4": "",
    "EQUIPMENT STORAGE_NUM MOS_5": "",
    "EQUIPMENT STORAGE_NUM MOS_6": "",
    "EQUIPMENT STORAGE_NUM MOS_7": "",
    "EQUIPMENT STORAGE_NUM MOS_8": "",
    "EQUIPMENT STORAGE_NUM MOS_9": "",
    "EQUIPMENT STORAGE_NUM MOS_10": "",
    "EQUIPMENT STORAGE_NUM MOS_11": "",
    "EQUIPMENT STORAGE_NUM MOS_12": "",
    "EQUIPMENT STORAGE_NUM MOS_13": "",
    "EQUIPMENT STORAGE_MAXIMUM VALUE INSIDE_1": "$ 23000",
    "EQUIPMENT STORAGE_MAXIMUM VALUE INSIDE_2": "$ 23000",
    "EQUIPMENT STORAGE_MAXIMUM VALUE INSIDE_3": "$ 30000",
    "EQUIPMENT STORAGE_MAXIMUM VALUE INSIDE_4": "$",
    "EQUIPMENT STORAGE_MAXIMUM VALUE INSIDE_5": "$",
    "EQUIPMENT STORAGE_MAXIMUM VALUE INSIDE_6": "$",
    "EQUIPMENT STORAGE_MAXIMUM VALUE INSIDE_7": "$",
    "EQUIPMENT STORAGE_MAXIMUM VALUE INSIDE_8": "$",
    "EQUIPMENT STORAGE_MAXIMUM VALUE INSIDE_9": "$",
    "EQUIPMENT STORAGE_MAXIMUM VALUE INSIDE_10": "$",
    "EQUIPMENT STORAGE_MAXIMUM VALUE INSIDE_11": "$",
    "EQUIPMENT STORAGE_MAXIMUM VALUE INSIDE_12": "$",
    "EQUIPMENT STORAGE_MAXIMUM VALUE INSIDE_13": "$",
    "EQUIPMENT STORAGE_MAXIMUM VALUE OUTSIDE_1": "$ 23000",
    "EQUIPMENT STORAGE_MAXIMUM VALUE OUTSIDE_2": "$ 22000",
    "EQUIPMENT STORAGE_MAXIMUM VALUE OUTSIDE_3": "$ 40000",
    "EQUIPMENT STORAGE_MAXIMUM VALUE OUTSIDE_4": "$",
    "EQUIPMENT STORAGE_MAXIMUM VALUE OUTSIDE_5": "$",
    "EQUIPMENT STORAGE_MAXIMUM VALUE OUTSIDE_6": "$",
    "EQUIPMENT STORAGE_MAXIMUM VALUE OUTSIDE_7": "$",
    "EQUIPMENT STORAGE_MAXIMUM VALUE OUTSIDE_8": "$",
    "EQUIPMENT STORAGE_MAXIMUM VALUE OUTSIDE_9": "$",
    "EQUIPMENT STORAGE_MAXIMUM VALUE OUTSIDE_10": "$",
    "EQUIPMENT STORAGE_MAXIMUM VALUE OUTSIDE_11": "$",
    "EQUIPMENT STORAGE_MAXIMUM VALUE OUTSIDE_12": "$",
    "EQUIPMENT STORAGE_MAXIMUM VALUE OUTSIDE_13": "$",
    "EQUIPMENT STORAGE_TYPE OF SECURITY_1": "Gaurds",
    "EQUIPMENT STORAGE_TYPE OF SECURITY_2": "Dogs and Guards",
    "EQUIPMENT STORAGE_TYPE OF SECURITY_3": "Fences, 10 Guards, 4 dogs",
    "EQUIPMENT STORAGE_TYPE OF SECURITY_4": "",
    "EQUIPMENT STORAGE_TYPE OF SECURITY_5": "",
    "EQUIPMENT STORAGE_TYPE OF SECURITY_6": "",
    "EQUIPMENT STORAGE_TYPE OF SECURITY_7": "",
    "EQUIPMENT STORAGE_TYPE OF SECURITY_8": "",
    "EQUIPMENT STORAGE_TYPE OF SECURITY_9": "",
    "EQUIPMENT STORAGE_TYPE OF SECURITY_10": "",
    "EQUIPMENT STORAGE_TYPE OF SECURITY_11": "",
    "EQUIPMENT STORAGE_TYPE OF SECURITY_12": "",
    "EQUIPMENT STORAGE_TYPE OF SECURITY_13": "",
    "GENERAL INFORMATION_EQUIPMENT_EQUIPMENT RENTED, LOANED TO OTHERS WITH / WITHOUT OPERATORS_Text": "Yes Equipment loaned to without operators.",
    "GENERAL INFORMATION_EQUIPMENT_EQUIPMENT RENTED, LOANED TO OTHERS WITH / WITHOUT OPERATORS_Y/N": "N",
    "GENERAL INFORMATION_EQUIPMENT_EQUIPMENT RENTED, LOANED FROM OTHERS WITH / WITHOUT OPERATORS_TEXT": "Equipment rented with operators",
    "GENERAL INFORMATION-EQUIPMENT_EQUIPMENT RENTED, LOANED FROM OTHERS WITH / WITHOUT OPERATORS_Y/N": "Y",
    "GENERAL INFORMATION-EQUIPMENT_IS APPLICANT OPERATING EQUIPMENT NOT LISTED HERE_Text": "Yes applicant Operating equipment equipment not listed.",
    "GENERAL INFORMATION-EQUIPMENT_IS APPLICANT OPERATING EQUIPMENT NOT LISTED HERE_Y/N": "N",
    "GENERAL INFORMATION-EQUIPMENT_PROPERTY USED UNDERGROUND_Text": "Yes the property is used underground for storage purposes.",
    "GENERAL INFORMATION-EQUIPMENT_PROPERTY USED UNDERGROUND_Y/N": "Y",
    "GENERAL INFORMATION-EQUIPMENT_ANY WORK DONE AFLOAT_Text": "Yes work is done afloat",
    "GENERAL INFORMATION-EQUIPMENT_ANY WORK DONE AFLOAT_Y/N": "Y",
    "ACORD 45 Attached_Boolean": "No",
    "ADDITIONAL INTEREST_INTEREST_1_LENDER'S LOSS PAYABLE": "Yes",
    "ADDITIONAL INTEREST_INTEREST_1_LIENHOLDER": "No",
    "ADDITIONAL INTEREST_INTEREST_1_LossPayee": "Yes",
    "ADDITIONAL INTEREST_INTEREST_1_AdditionalInsured": "Yes",
    "ADDITIONAL INTEREST_interestOther(Text)1": "Additional Insured",
    "ADDITIONAL INTEREST_NAME AND ADDRESS_1": "Tiny Little Theatre 965 Courtland Ave Bronx, NY 10346",
    "ADDITIONAL INTEREST_Rank_1": "A",
    "ADDITIONAL INTEREST_Evidence_Certificate_1": "Yes",
    "ADDITIONAL INTEREST_Evidence_Policy_1": "Yes",
    "ADDITIONAL INTEREST_Evidemce_SendBill_1": "Yes",
    "ADDITIONAL INTEREST_Refrence/Loan#1": "39103319",
    "ADDITIONAL INTEREST_LienAmount_1": "0",
    "ADDITIONAL INTEREST_Interest End Date_1": "13/09/2021",
    "ADDITIONAL INTEREST_PHONE_1": "48382811",
    "ADDITIONAL INTEREST_INTEREST IN ITEM NUMBER_LOCATION_1": "1",
    "ADDITIONAL INTEREST_Email_1": "info@tinylittletheatre.org",
    "ADDITIONAL INTEREST_INTEREST IN ITEM NUMBER_Building_1": "3",
    "ADDITIONAL INTEREST_INTEREST IN ITEM NUMBER_ScheduleNum_1": "130930166",
    "ADDITIONAL INTEREST_INTEREST IN ITEM NUMBER_ItemNum_1": "130930193",
    "ADDITIONAL INTEREST_INTEREST IN ITEM NUMBER_ItemDesc_1": "Owns stage props",
    "ADDITIONAL INTEREST_ReasonForInterest_1": "Subsidiary of firm",
    "ADDITIONAL INTEREST_Interest_Lender'sLossPayable_2": "Yes",
    "ADDITIONAL INTEREST_Interest_LienHolder_2": "No",
    "ADDITIONAL INTEREST_Interest_LossPayee_2": "Yes",
    "ADDITIONAL INTEREST_Interest_Other_2": "Yes",
    "ADDITIONAL INTEREST_interestOther(Text)2": "Mortgagee",
    "ADDITIONAL INTEREST_Name and Address_2": "Inc Finance 674 Walnut Ave Bldng A Huntington Station, NY 11700",
    "ADDITIONAL INTEREST_Rank_2": "B",
    "ADDITIONAL INTEREST_Evidence_Certificate_2": "Yes",
    "ADDITIONAL INTEREST_Evidence_Policy_2": "Yes",
    "ADDITIONAL INTEREST_Evidence_SendBill_2": "Yes",
    "ADDITIONAL INTEREST_Reference/Loan#_2": "490390139",
    "ADDITIONAL INTEREST_LienAmount_2": "0",
    "ADDITIONAL INTEREST_InterestEndDate_2": "13/09/2021",
    "ADDITIONAL INTEREST_Phone_2": "48382811",
    "ADDITIONAL INTEREST_InterestInItemNumber_Location_2": "1",
    "ADDITIONAL INTEREST_InterestInItemNumber_Building_2": "2",
    "ADDITIONAL INTEREST_InterestInItemNumber_Schedule_Number_2": "130930141",
    "ADDITIONAL INTEREST_InterestInItemNumber_ItemNum_2": "130930193",
    "ADDITIONAL INTEREST_InterestInItemNumber_ItemDisc_2": "Finance company",
    "ADDITIONAL INTEREST_ResonForInterest_2": "Finance compay",
    "ADDITIONAL INTEREST_Email_2": "info@fabledfinance.org",
    "ADDITIONAL INTEREST_Interest_Lender'sLossPayable_3": "Yes",
    "ADDITIONAL INTEREST_Interest_Lienholder_3": "Yes",
    "ADDITIONAL INTEREST_Interest_LossPayee_3": "Yes",
    "ADDITIONAL INTEREST_Interest_Other_3": "Yes",
    "ADDITIONAL INTEREST_interestOther(Text)3": "Mortgagee",
    "ADDITIONAL INTEREST_NameAndAddress_3": "Limit Finance 34 Walnut Ave Bldng A Huntington Station, NY 11166",
    "ADDITIONAL INTEREST_Rank_3": "A",
    "ADDITIONAL INTEREST_Evidence_Certificate_3": "Yes",
    "ADDITIONAL INTEREST_Evidence_Policy_3": "Yes",
    "ADDITIONAL INTEREST_Evidence_SendBill_3": "Yes",
    "ADDITIONAL INTEREST_Refrence/Loan#_3": "490390139",
    "ADDITIONAL INTEREST_InterestEndDate_3": "13/04/2022",
    "ADDITIONAL INTEREST_LienAmount_3": "2000",
    "ADDITIONAL INTEREST_Phone_3": "48382811",
    "ADDITIONAL INTEREST_InterestInItemNumber_Location_3": "2",
    "ADDITIONAL INTEREST_InterestInItemNumber_Building_3": "2",
    "ADDITIONAL INTEREST_InterestInItemNumber_ScheduleNum_3": "34221441",
    "ADDITIONAL INTEREST_InterestInItemNumber_ItemNum_3": "",
    "ADDITIONAL INTEREST_InterestInItemNumber_ItemDisc_3": "Finance Comp",
    "ADDITIONAL INTEREST_InterestInItemNumber_ReasonForInterest_3": "N/A",
    "ADDITIONAL INTEREST_InterestInItemNumber_Email_3": "limit@email.com",
    "Remarks": "No remarks",
    "SCHEDULED ITEMS_SCH #_1": "1",
    "SCHEDULED ITEMS_SCH #_2": "2",
    "SCHEDULED ITEMS_SCH #_3": "3",
    "SCHEDULED ITEMS_SCH #_4": "4",
    "SCHEDULED ITEMS_SCH #_5": "5",
    "SCHEDULED ITEMS_SCH #_6": "",
    "SCHEDULED ITEMS_SCH #_7": "",
    "SCHEDULED ITEMS_SCH #_8": "",
    "SCHEDULED ITEMS_SCH #_9": "",
    "SCHEDULED ITEMS_SCH #_10": "",
    "SCHEDULED ITEMS_SCH #_11": "",
    "SCHEDULED ITEMS_SCH #_12": "",
    "SCHEDULED ITEMS_SCH #_13": "",
    "SCHEDULED ITEMS_ITEM #_1": "1",
    "SCHEDULED ITEMS_ITEM #_2": "2",
    "SCHEDULED ITEMS_ITEM #_3": "3",
    "SCHEDULED ITEMS_ITEM #_4": "4",
    "SCHEDULED ITEMS_ITEM #_5": "5",
    "SCHEDULED ITEMS_ITEM #_6": "",
    "SCHEDULED ITEMS_ITEM #_7": "",
    "SCHEDULED ITEMS_ITEM #_8": "",
    "SCHEDULED ITEMS_ITEM #_9": "",
    "SCHEDULED ITEMS_ITEM #_10": "",
    "SCHEDULED ITEMS_ITEM #_11": "",
    "SCHEDULED ITEMS_ITEM #_12": "",
    "SCHEDULED ITEMS_ITEM #_13": "",
    "SCHEDULED ITEMS_DESCRIPTION_1": "Stage Prop 1",
    "SCHEDULED ITEMS_DESCRIPTION_2": "Stage Prop 2",
    "SCHEDULED ITEMS_DESCRIPTION_3": "Stage Prop 3",
    "SCHEDULED ITEMS_DESCRIPTION_4": "Stage Prop 4",
    "SCHEDULED ITEMS_DESCRIPTION_5": "Stage Prop 5",
    "SCHEDULED ITEMS_DESCRIPTION_6": "",
    "SCHEDULED ITEMS_DESCRIPTION_7": "",
    "SCHEDULED ITEMS_DESCRIPTION_8": "",
    "SCHEDULED ITEMS_DESCRIPTION_9": "",
    "SCHEDULED ITEMS_DESCRIPTION_10": "",
    "SCHEDULED ITEMS_DESCRIPTION_11": "",
    "SCHEDULED ITEMS_DESCRIPTION_12": "",
    "SCHEDULED ITEMS_DESCRIPTION_13": "",
    "SCHEDULED ITEMS_MANUFACTURER_1": "Manufacturer",
    "SCHEDULED ITEMS_MANUFACTURER_2": "Manufacturer 2",
    "SCHEDULED ITEMS_MANUFACTURER_3": "Manufacturer 3",
    "SCHEDULED ITEMS_MANUFACTURER_4": "Manufacturer 4",
    "SCHEDULED ITEMS_MANUFACTURER_5": "Manufacturer 5",
    "SCHEDULED ITEMS_MANUFACTURER_6": "",
    "SCHEDULED ITEMS_MANUFACTURER_7": "",
    "SCHEDULED ITEMS_MANUFACTURER_8": "",
    "SCHEDULED ITEMS_MANUFACTURER_9": "",
    "SCHEDULED ITEMS_MANUFACTURER_10": "",
    "SCHEDULED ITEMS_MANUFACTURER_11": "",
    "SCHEDULED ITEMS_MANUFACTURER_12": "",
    "SCHEDULED ITEMS_MANUFACTURER_13": "",
    "SCHEDULED ITEMS_MODEL_1": "Model 1",
    "SCHEDULED ITEMS_MODEL_2": "Model 2",
    "SCHEDULED ITEMS_MODEL_3": "Model 3",
    "SCHEDULED ITEMS_MODEL_4": "Model 4",
    "SCHEDULED ITEMS_MODEL_5": "Model 5",
    "SCHEDULED ITEMS_MODEL_6": "",
    "SCHEDULED ITEMS_MODEL_7": "",
    "SCHEDULED ITEMS_MODEL_8": "",
    "SCHEDULED ITEMS_MODEL_9": "",
    "SCHEDULED ITEMS_MODEL_10": "",
    "SCHEDULED ITEMS_MODEL_11": "",
    "SCHEDULED ITEMS_MODEL_12": "",
    "SCHEDULED ITEMS_MODEL_13": "",
    "SCHEDULED ITEMS_EXCL BLKT_1": "1",
    "SCHEDULED ITEMS_EXCL BLKT_2": "2",
    "SCHEDULED ITEMS_EXCL BLKT_3": "3",
    "SCHEDULED ITEMS_EXCL BLKT_4": "4",
    "SCHEDULED ITEMS_EXCL BLKT_5": "",
    "SCHEDULED ITEMS_EXCL BLKT_6": "",
    "SCHEDULED ITEMS_EXCL BLKT_7": "",
    "SCHEDULED ITEMS_EXCL BLKT_8": "",
    "SCHEDULED ITEMS_EXCL BLKT_9": "",
    "SCHEDULED ITEMS_EXCL BLKT_10": "",
    "SCHEDULED ITEMS_EXCL BLKT_11": "",
    "SCHEDULED ITEMS_EXCL BLKT_12": "",
    "SCHEDULED ITEMS_EXCL BLKT_13": "",
    "SCHEDULED ITEMS_Year_1": "2019",
    "SCHEDULED ITEMS_Year_2": "2020",
    "SCHEDULED ITEMS_Year_3": "2021",
    "SCHEDULED ITEMS_Year_4": "2022",
    "SCHEDULED ITEMS_Year_5": "2022",
    "SCHEDULED ITEMS_Year_6": "",
    "SCHEDULED ITEMS_Year_7": "",
    "SCHEDULED ITEMS_Year_8": "",
    "SCHEDULED ITEMS_Year_9": "",
    "SCHEDULED ITEMS_Year_10": "",
    "SCHEDULED ITEMS_Year_11": "",
    "SCHEDULED ITEMS_Year_12": "",
    "SCHEDULED ITEMS_Year_13": "",
    "SCHEDULED ITEMS_ITEM VALUE_1": "$ 3500",
    "SCHEDULED ITEMS_ITEM VALUE_2": "$ 2300",
    "SCHEDULED ITEMS_ITEM VALUE_3": "$ 3400",
    "SCHEDULED ITEMS_ITEM VALUE_4": "$ 5600",
    "SCHEDULED ITEMS_ITEM VALUE_5": "$ 1200",
    "SCHEDULED ITEMS_ITEM VALUE_6": "$",
    "SCHEDULED ITEMS_ITEM VALUE_7": "$",
    "SCHEDULED ITEMS_ITEM VALUE_8": "$",
    "SCHEDULED ITEMS_ITEM VALUE_9": "$",
    "SCHEDULED ITEMS_ITEM VALUE_10": "$",
    "SCHEDULED ITEMS_ITEM VALUE_11": "$",
    "SCHEDULED ITEMS_ITEM VALUE_12": "$",
    "SCHEDULED ITEMS_ITEM VALUE_13": "$",
    "SCHEDULED ITEMS_VALUATION_1": "ACV",
    "SCHEDULED ITEMS_VALUATION_2": "AB",
    "SCHEDULED ITEMS_VALUATION_3": "VC",
    "SCHEDULED ITEMS_VALUATION_4": "AC",
    "SCHEDULED ITEMS_VALUATION_5": "MV",
    "SCHEDULED ITEMS_VALUATION_6": "",
    "SCHEDULED ITEMS_VALUATION_7": "",
    "SCHEDULED ITEMS_VALUATION_8": "",
    "SCHEDULED ITEMS_VALUATION_9": "",
    "SCHEDULED ITEMS_VALUATION_10": "",
    "SCHEDULED ITEMS_VALUATION_11": "",
    "SCHEDULED ITEMS_VALUATION_12": "",
    "SCHEDULED ITEMS_VALUATION_13": "",
    "SCHEDULED ITEMS_VALUATION DATE_1": "05/26/2019",
    "SCHEDULED ITEMS_VALUATION DATE_2": "05/26/2020",
    "SCHEDULED ITEMS_VALUATION DATE_3": "05/26/2021",
    "SCHEDULED ITEMS_VALUATION DATE_4": "05/26/2022",
    "SCHEDULED ITEMS_VALUATION DATE_5": "01/26/2022",
    "SCHEDULED ITEMS_VALUATION DATE_6": "",
    "SCHEDULED ITEMS_VALUATION DATE_7": "",
    "SCHEDULED ITEMS_VALUATION DATE_8": "",
    "SCHEDULED ITEMS_VALUATION DATE_9": "",
    "SCHEDULED ITEMS_VALUATION DATE_10": "",
    "SCHEDULED ITEMS_VALUATION DATE_11": "",
    "SCHEDULED ITEMS_VALUATION DATE_12": "",
    "SCHEDULED ITEMS_VALUATION DATE_13": "",
    "SCHEDULED ITEMS_PURCHASE DATE_1": "04/19/2018",
    "SCHEDULED ITEMS_PURCHASE DATE_2": "04/19/2019",
    "SCHEDULED ITEMS_PURCHASE DATE_3": "04/19/2020",
    "SCHEDULED ITEMS_PURCHASE DATE_4": "04/19/2021",
    "SCHEDULED ITEMS_PURCHASE DATE_5": "01/26/2021",
    "SCHEDULED ITEMS_PURCHASE DATE_6": "",
    "SCHEDULED ITEMS_PURCHASE DATE_7": "",
    "SCHEDULED ITEMS_PURCHASE DATE_8": "",
    "SCHEDULED ITEMS_PURCHASE DATE_9": "",
    "SCHEDULED ITEMS_PURCHASE DATE_10": "",
    "SCHEDULED ITEMS_PURCHASE DATE_11": "",
    "SCHEDULED ITEMS_PURCHASE DATE_12": "",
    "SCHEDULED ITEMS_PURCHASE DATE_13": "",
    "SCHEDULED ITEMS_OWN / LEASE_1": "Own",
    "SCHEDULED ITEMS_OWN / LEASE_2": "Own",
    "SCHEDULED ITEMS_OWN / LEASE_3": "Own",
    "SCHEDULED ITEMS_OWN / LEASE_4": "Own",
    "SCHEDULED ITEMS_OWN / LEASE_5": "Own",
    "SCHEDULED ITEMS_OWN / LEASE_6": "",
    "SCHEDULED ITEMS_OWN / LEASE_7": "",
    "SCHEDULED ITEMS_OWN / LEASE_8": "",
    "SCHEDULED ITEMS_OWN / LEASE_9": "",
    "SCHEDULED ITEMS_OWN / LEASE_10": "",
    "SCHEDULED ITEMS_OWN / LEASE_11": "",
    "SCHEDULED ITEMS_OWN / LEASE_12": "",
    "SCHEDULED ITEMS_OWN / LEASE_13": "",
    "SCHEDULED ITEMS_NEW / USED_1": "New",
    "SCHEDULED ITEMS_NEW / USED_2": "used",
    "SCHEDULED ITEMS_NEW / USED_3": "New",
    "SCHEDULED ITEMS_NEW / USED_4": "New",
    "SCHEDULED ITEMS_NEW / USED_5": "used",
    "SCHEDULED ITEMS_NEW / USED_6": "",
    "SCHEDULED ITEMS_NEW / USED_7": "",
    "SCHEDULED ITEMS_NEW / USED_8": "",
    "SCHEDULED ITEMS_NEW / USED_9": "",
    "SCHEDULED ITEMS_NEW / USED_10": "",
    "SCHEDULED ITEMS_NEW / USED_11": "",
    "SCHEDULED ITEMS_NEW / USED_12": "",
    "SCHEDULED ITEMS_NEW / USED_13": "",
    "SCHEDULED ITEMS_% COINS_1": "25 %",
    "SCHEDULED ITEMS_% COINS_2": "21 %",
    "SCHEDULED ITEMS_% COINS_3": "22 %",
    "SCHEDULED ITEMS_% COINS_4": "23 %",
    "SCHEDULED ITEMS_% COINS_5": "34 %",
    "SCHEDULED ITEMS_% COINS_6": "%",
    "SCHEDULED ITEMS_% COINS_7": "%",
    "SCHEDULED ITEMS_% COINS_8": "%",
    "SCHEDULED ITEMS_% COINS_9": "%",
    "SCHEDULED ITEMS_% COINS_10": "%",
    "SCHEDULED ITEMS_% COINS_11": "%",
    "SCHEDULED ITEMS_% COINS_12": "%",
    "SCHEDULED ITEMS_% COINS_13": "%",
    "SCHEDULED ITEMS_ID # / SERIAL #_1": "1039013903193",
    "SCHEDULED ITEMS_ID # / SERIAL #_2": "1039013903145",
    "SCHEDULED ITEMS_ID # / SERIAL #_3": "1039013903123",
    "SCHEDULED ITEMS_ID # / SERIAL #_4": "1039013903134",
    "SCHEDULED ITEMS_ID # / SERIAL #_5": "1039013903099",
    "SCHEDULED ITEMS_ID # / SERIAL #_6": "",
    "SCHEDULED ITEMS_ID # / SERIAL #_7": "",
    "SCHEDULED ITEMS_ID # / SERIAL #_8": "",
    "SCHEDULED ITEMS_ID # / SERIAL #_9": "",
    "SCHEDULED ITEMS_ID # / SERIAL #_10": "",
    "SCHEDULED ITEMS_ID # / SERIAL #_11": "",
    "SCHEDULED ITEMS_ID # / SERIAL #_12": "",
    "SCHEDULED ITEMS_ID # / SERIAL #_13": "",
    "SCHEDULED ITEMS_CAPACITY_1": "40",
    "SCHEDULED ITEMS_CAPACITY_2": "41",
    "SCHEDULED ITEMS_CAPACITY_3": "35",
    "SCHEDULED ITEMS_CAPACITY_4": "44",
    "SCHEDULED ITEMS_CAPACITY_5": "45",
    "SCHEDULED ITEMS_CAPACITY_6": "",
    "SCHEDULED ITEMS_CAPACITY_7": "",
    "SCHEDULED ITEMS_CAPACITY_8": "",
    "SCHEDULED ITEMS_CAPACITY_9": "",
    "SCHEDULED ITEMS_CAPACITY_10": "",
    "SCHEDULED ITEMS_CAPACITY_11": "",
    "SCHEDULED ITEMS_CAPACITY_12": "",
    "SCHEDULED ITEMS_CAPACITY_13": "",
    "SCHEDULED ITEMS_AMOUNT OF INSURANCE_1": "$ 3500",
    "SCHEDULED ITEMS_AMOUNT OF INSURANCE_2": "$ 2700",
    "SCHEDULED ITEMS_AMOUNT OF INSURANCE_3": "$ 2000",
    "SCHEDULED ITEMS_AMOUNT OF INSURANCE_4": "$ 4000",
    "SCHEDULED ITEMS_AMOUNT OF INSURANCE_5": "$ 1200",
    "SCHEDULED ITEMS_AMOUNT OF INSURANCE_6": "$",
    "SCHEDULED ITEMS_AMOUNT OF INSURANCE_7": "$",
    "SCHEDULED ITEMS_AMOUNT OF INSURANCE_8": "$",
    "SCHEDULED ITEMS_AMOUNT OF INSURANCE_9": "$",
    "SCHEDULED ITEMS_AMOUNT OF INSURANCE_10": "$",
    "SCHEDULED ITEMS_AMOUNT OF INSURANCE_11": "$",
    "SCHEDULED ITEMS_AMOUNT OF INSURANCE_12": "$",
    "SCHEDULED ITEMS_AMOUNT OF INSURANCE_13": "$",
    "PRODUCER'S SIGNATURE": "John",
    "PRODUCER'S NAME ": "John",
    "STATE PRODUCER LICENSE NO": "31791RT33",
    "APPLICANT'S SIGNATURE": "Geremy",
    "SIGNATURE_DATE": "14/09/2021",
    "NATIONAL PRODUCER NUMBER": "109277E2"
  }
]