{
  "12-13 WC Loss Runs - QBE aso 4.12.17.xlsx": [
    "Class Code",
    "Indemnity Reserves",
    "Medical Reserves",
    "Expense Reserves"
  ],
  "19-20 WC - QBE loss runs 2017-18.xlsx": [
    "Class Code",
    "Indemnity Reserves",
    "Medical Reserves",
    "Expense Reserves"
  ],
  "260719513-loss-runs-qbe-wc-14-16-aso-6-30-17.xlsx": [
    "Class Code",
    "Indemnity Reserves",
    "Medical Reserves",
    "Expense Reserves"
  ],
  "260719527-loss-runs-qbe-wc-14-16-aso-8-9-17.xlsx": [
    "Class Code",
    "Indemnity Reserves",
    "Medical Reserves",
    "Expense Reserves"
  ],
  "260777684-loss-runs-qbe-wc-14-16-aso-6-30-17.xlsx": [
    "Class Code",
    "Indemnity Reserves",
    "Medical Reserves",
    "Expense Reserves"
  ],
  "260777695-loss-runs-qbe-wc-14-16-aso-8-9-17.xlsx": [
    "Class Code",
    "Indemnity Reserves",
    "Medical Reserves",
    "Expense Reserves"
  ],
  "Loss runs (QBE) WC 19-20 aso 1_24_20.xlsx": [
    "Class Code",
    "Indemnity Reserves",
    "Medical Reserves",
    "Expense Reserves"
  ],
  "Loss Runs - QBE WC 14-16 aso 6.30.17.xlsx": [
    "Class Code",
    "Indemnity Reserves",
    "Medical Reserves",
    "Expense Reserves"
  ],
  "Loss Runs - QBE WC 14-16 aso 8.9.17.xlsx": [
    "Class Code",
    "Indemnity Reserves",
    "Medical Reserves",
    "Expense Reserves"
  ],
  "Loss Runs QBE 16-17 WC aso 7 27 2020.xlsx": [
    "Class Code",
    "Indemnity Reserves",
    "Medical Reserves",
    "Expense Reserves"
  ],
  "Loss Runs QBE 16-17 WC aso 7_27_2020.xlsx": [
    "Class Code",
    "Indemnity Reserves",
    "Medical Reserves",
    "Expense Reserves"
  ],
  "Loss Runs QBE WC 16-17 aso 6.19.18.xlsx": [
    "Class Code",
    "Indemnity Reserves",
    "Medical Reserves",
    "Expense Reserves"
  ],
  "Loss Runs QBE WC 16-17 aso 7.2.19.xlsx": [
    "Class Code",
    "Indemnity Reserves",
    "Medical Reserves",
    "Expense Reserves"
  ],
  "Loss Runs QBE WC 16-17 aso 7_2_19.xlsx": [
    "Class Code",
    "Indemnity Reserves",
    "Medical Reserves",
    "Expense Reserves"
  ],
  "Praetorian Loss Runs.xlsx": [
    "Class Code",
    "Indemnity Reserves",
    "Medical Reserves",
    "Expense Reserves"
  ],
  "QWC3000925 LOSS RUNS.xlsx": [
    "Class Code",
    "Indemnity Reserves",
    "Medical Reserves",
    "Expense Reserves"
  ]
}