{
  "19-20 PKG, BAP1, UMB - Travelers loss runs 2012-17 asof 1_5_19.xlsx": [
    "Paid Claim",
    "Inc Claim",
    "Inc Medical",
    "Inc Expense",
    "O/S Claim",
    "O/S Medical",
    "O/S Expense",
    "Adj Off",
    "FP"
  ],
  "260762248-loss-runs-f-travelers-wc-1-1-13-15-aso-10-1-19.xlsx": [
    "Paid Claim",
    "Inc Claim",
    "Inc Medical",
    "Inc Expense",
    "O/S Claim",
    "O/S Medical",
    "O/S Expense",
    "Adj Off",
    "FP"
  ],
  "260860790-eastern-christian-childrens-retreat-all-years-with-liberty-mutual.xlsx": [
    "LOB",
    "Claim ID",
    "Tenure",
    "Catalyst",
    "O/S Reserve",
    "Supp Part Of Body",
    "Inc Indem",
    "Inc Med",
    "Inc Exp"
  ],
  "260990272-loss-runs-aspira-of-new-york-inc-ub-7j498012.xlsx": [
    "Paid Claim",
    "Inc Claim",
    "Inc Medical",
    "Inc Expense",
    "O/S Claim",
    "O/S Medical",
    "O/S Expense",
    "Adj Off",
    "FP"
  ],
  "260990277-loss-runs-aspira-of-new-york-inc-ub-5707y965.xlsx": [
    "Paid Claim",
    "Inc Claim",
    "Inc Medical",
    "Inc Expense",
    "O/S Claim",
    "O/S Medical",
    "O/S Expense",
    "Adj Off",
    "FP"
  ],
  "260990294-loss-runs-f-travelers-pkg-umb-11_22_14-17-aso-8_9_19.xlsx": [
    "Paid Claim",
    "Inc Claim",
    "Inc Medical",
    "Inc Expense",
    "O/S Claim",
    "O/S Medical",
    "O/S Expense",
    "Adj Off",
    "FP"
  ],
  "260990304-loss-runs-f-travelers-prop-06_30_2013-to-06_30_2016-aso-4_22_20.xlsx": [
    "Paid Claim",
    "Inc Claim",
    "Inc Medical",
    "Inc Expense",
    "O/S Claim",
    "O/S Medical",
    "O/S Expense",
    "Adj Off",
    "FP"
  ],
  "260990313-loss-runs-f-travelers-12-10-13-15-aso-8-10-19.xlsx": [
    "Paid Claim",
    "Inc Claim",
    "Inc Medical",
    "Inc Expense",
    "O/S Claim",
    "O/S Medical",
    "O/S Expense",
    "Adj Off",
    "FP"
  ],
  "260990328-loss-runs-f-travelers-wc-2-1-14-12-12-16-aso-12-10-19.xlsx": [
    "Paid Claim",
    "Inc Claim",
    "Inc Medical",
    "Inc Expense",
    "O/S Claim",
    "O/S Medical",
    "O/S Expense",
    "Adj Off",
    "FP"
  ],
  "Bushwick Gardens Apartment Corp - 17-20 Travelers LR.xlsx": [
    "Paid Claim",
    "Inc Claim",
    "Inc Medical",
    "Inc Expense",
    "O/S Claim",
    "O/S Medical",
    "O/S Expense",
    "Adj Off",
    "FP"
  ],
  "detail loss   BANC3 INC..xlsx": [
    "Paid Claim",
    "Inc Claim",
    "Inc Medical",
    "Inc Expense",
    "O/S Claim",
    "O/S Medical",
    "O/S Expense",
    "Adj Off",
    "FP"
  ],
  "detail loss  KAPPERMAN ENTERPRISES INC.xlsx": [
    "Paid Claim",
    "Inc Claim",
    "Inc Medical",
    "Inc Expense",
    "O/S Claim",
    "O/S Medical",
    "O/S Expense",
    "Adj Off",
    "FP"
  ],
  "detail loss ASOCIACION DE PUERTORRIQUENOS EN MARCHA, INC.xlsx": [
    "Paid Claim",
    "Inc Claim",
    "Inc Medical",
    "Inc Expense",
    "O/S Claim",
    "O/S Medical",
    "O/S Expense",
    "Adj Off",
    "FP"
  ],
  "detail loss PRC WE CARE LLC.xlsx": [
    "Paid Claim",
    "Inc Claim",
    "Inc Medical",
    "Inc Expense",
    "O/S Claim",
    "O/S Medical",
    "O/S Expense",
    "Adj Off",
    "FP"
  ],
  "Loss Run (Travelers) PKG, UMB 15-17 aso 112419.xlsx": [
    "Paid Claim",
    "Inc Claim",
    "Inc Medical",
    "Inc Expense",
    "O/S Claim",
    "O/S Medical",
    "O/S Expense",
    "Adj Off",
    "FP"
  ],
  "Loss Run (Travelers) PKG, UMB 15-17 aso 11_24_19.xlsx": [
    "Paid Claim",
    "Inc Claim",
    "Inc Medical",
    "Inc Expense",
    "O/S Claim",
    "O/S Medical",
    "O/S Expense",
    "Adj Off",
    "FP"
  ],
  "Loss Runs  - WRM 2009-2013.pdf.xlsx": [
    "Indemnity Reserve",
    "Expense Reserve"
  ],
  "Loss Runs (ACE) WC-REHAB 14-16 aso 8_22_19.xlsx": [
    "Paid Claim",
    "Inc Claim",
    "Inc Medical",
    "Inc Expense",
    "O/S Claim",
    "O/S Medical",
    "O/S Expense",
    "Adj Off",
    "FP"
  ],
  "Loss runs (Church Mutual) WC 14-18 aso 6_26_19.xlsx": [
    "Reported By",
    "ALLEGED INJURY/DAMAGE",
    "Reserve"
  ],
  "Loss runs (Travelers) WC 06-17 aso 10 14 19.xlsx": [
    "Paid Claim",
    "Inc Claim",
    "Inc Medical",
    "Inc Expense",
    "O/S Claim",
    "O/S Medical",
    "O/S Expense",
    "Adj Off",
    "FP"
  ],
  "Loss runs (Travelers) WC 06-17 aso 10_14_19.xlsx": [
    "Paid Claim",
    "Inc Claim",
    "Inc Medical",
    "Inc Expense",
    "O/S Claim",
    "O/S Medical",
    "O/S Expense",
    "Adj Off",
    "FP"
  ],
  "Loss runs (Travelers) WC 16-17 aso 3_11_19.xlsx": [
    "Paid Claim",
    "Inc Claim",
    "Inc Medical",
    "Inc Expense",
    "O/S Claim",
    "O/S Medical",
    "O/S Expense",
    "Adj Off",
    "FP"
  ],
  "Loss runs (Travelers) WC 16-19 aso 9 11 19.xlsx": [
    "Paid Claim",
    "Inc Claim",
    "Inc Medical",
    "Inc Expense",
    "O/S Claim",
    "O/S Medical",
    "O/S Expense",
    "Adj Off",
    "FP"
  ],
  "Loss runs (Travelers) WC 16-19 aso 9_11_19.xlsx": [
    "Paid Claim",
    "Inc Claim",
    "Inc Medical",
    "Inc Expense",
    "O/S Claim",
    "O/S Medical",
    "O/S Expense",
    "Adj Off",
    "FP"
  ],
  "Loss runs (Travelers) WC 17-19 aso 10 14 19.xlsx": [
    "Paid Claim",
    "Inc Claim",
    "Inc Medical",
    "Inc Expense",
    "O/S Claim",
    "O/S Medical",
    "O/S Expense",
    "Adj Off",
    "FP"
  ],
  "Loss runs (Travelers) WC 17-19 aso 10_14_19.xlsx": [
    "Paid Claim",
    "Inc Claim",
    "Inc Medical",
    "Inc Expense",
    "O/S Claim",
    "O/S Medical",
    "O/S Expense",
    "Adj Off",
    "FP"
  ],
  "Loss Runs - 2005-2011-Diocese Loss Runs.xlsx.xlsx": [
    "Reporting Unit",
    "JCL",
    "AGE",
    "SEX",
    "AWW",
    "LWD",
    "ADJ PRI",
    "Source",
    "LTG",
    "Rehab Paid",
    "Indem Reserve",
    "Medcl Reserve",
    "MedPaid",
    "Rehab Reserve",
    "Build",
    "BIPaid",
    "BIreserve",
    "CollPaid",
    "Collreserve",
    "Pdpaid",
    "PDreserve",
    "Contpaid",
    "Contreserve",
    "Expense Reserve"
  ],
  "Loss Runs - PHLY PKG& UMB (09-19), MPKG (14-19) aso 6.2.21.xlsx": [
    "Paid Loss"
  ],
  "Loss Runs - Travelers WC 14-17 aso 12.10.18.xlsx": [
    "Paid Claim",
    "Inc Claim",
    "Inc Medical",
    "Inc Expense",
    "O/S Claim",
    "O/S Medical",
    "O/S Expense",
    "Adj Off",
    "FP"
  ],
  "Loss Runs - YAI, Inc. - WC - Liberty Mutual - Claims Review - cv 2.2.2018.xlsx.xlsx": [
    "Catalyst",
    "Date Of hire",
    "Lost Time Days",
    "Litigation Status",
    "Incurred Medical",
    "Incurred Indemnity",
    "Incurred Expense",
    "Medical O/R",
    "Indemnity O/R",
    "Expense O/R",
    "Outstanding Reserve",
    "Column1"
  ],
  "Loss runs 2012.2018 Travelers.xlsx": [
    "Paid Claim",
    "Inc Claim",
    "Inc Medical",
    "Inc Expense",
    "O/S Claim",
    "O/S Medical",
    "O/S Expense",
    "Adj Off",
    "FP"
  ],
  "Loss Runs f. Travelers 12.10.13-15 aso 8.10.19.xlsx": [
    "Paid Claim",
    "Inc Claim",
    "Inc Medical",
    "Inc Expense",
    "O/S Claim",
    "O/S Medical",
    "O/S Expense",
    "Adj Off",
    "FP"
  ],
  "Loss Runs f. Travelers WC 1.1.07-17 aso 10.15.19.xlsx": [
    "Paid Claim",
    "Inc Claim",
    "Inc Medical",
    "Inc Expense",
    "O/S Claim",
    "O/S Medical",
    "O/S Expense",
    "Adj Off",
    "FP"
  ],
  "Loss Runs f. Travelers WC 2.1.14 - 12.12.16 aso 12.10.16.xlsx": [
    "Paid Claim",
    "Inc Claim",
    "Inc Medical",
    "Inc Expense",
    "O/S Claim",
    "O/S Medical",
    "O/S Expense",
    "Adj Off",
    "FP"
  ],
  "Loss Runs f. Travelers WC 8.1.14-17 aso 6.6.20.xlsx": [
    "Paid Claim",
    "Inc Claim",
    "Inc Medical",
    "Inc Expense",
    "O/S Claim",
    "O/S Medical",
    "O/S Expense",
    "Adj Off",
    "FP"
  ],
  "Loss Runs f.Travelers 11.1.14-17 aso 7.23.19.xlsx": [
    "Paid Claim",
    "Inc Claim",
    "Inc Medical",
    "Inc Expense",
    "O/S Claim",
    "O/S Medical",
    "O/S Expense",
    "Adj Off",
    "FP"
  ],
  "Loss Runs f.Travelers WC 8.26.14-8.26.17 aso 4.29.19.xlsx": [
    "Paid Claim",
    "Inc Claim",
    "Inc Medical",
    "Inc Expense",
    "O/S Claim",
    "O/S Medical",
    "O/S Expense",
    "Adj Off",
    "FP"
  ],
  "Loss Runs f.Travelers WC 8.26.14-8.26.17 aso 5.9.20.xlsx": [
    "Paid Claim",
    "Inc Claim",
    "Inc Medical",
    "Inc Expense",
    "O/S Claim",
    "O/S Medical",
    "O/S Expense",
    "Adj Off",
    "FP"
  ],
  "Loss Runs fTravelers PROP 06.30.2013 to 06.30.2016 aso 4.22.20.xlsx": [
    "Paid Claim",
    "Inc Claim",
    "Inc Medical",
    "Inc Expense",
    "O/S Claim",
    "O/S Medical",
    "O/S Expense",
    "Adj Off",
    "FP"
  ],
  "Loss Runs f_ Travelers 12_10_13-15 aso 8_10_19 .xlsx": [
    "Paid Claim",
    "Inc Claim",
    "Inc Medical",
    "Inc Expense",
    "O/S Claim",
    "O/S Medical",
    "O/S Expense",
    "Adj Off",
    "FP"
  ],
  "Loss Runs f_ Travelers WC 1_1_07-17 aso 10_15_19 .xlsx": [
    "Paid Claim",
    "Inc Claim",
    "Inc Medical",
    "Inc Expense",
    "O/S Claim",
    "O/S Medical",
    "O/S Expense",
    "Adj Off",
    "FP"
  ],
  "Loss Runs f_ Travelers WC 2_1_14 - 12_12_16 aso 12_10_16.xlsx": [
    "Paid Claim",
    "Inc Claim",
    "Inc Medical",
    "Inc Expense",
    "O/S Claim",
    "O/S Medical",
    "O/S Expense",
    "Adj Off",
    "FP"
  ],
  "Loss Runs f_ Travelers WC 8_1_14-17 aso 6_6_20.xlsx": [
    "Paid Claim",
    "Inc Claim",
    "Inc Medical",
    "Inc Expense",
    "O/S Claim",
    "O/S Medical",
    "O/S Expense",
    "Adj Off",
    "FP"
  ],
  "Loss Runs f_Travelers - WC 13-16 aso 9_24.xlsx": [
    "Paid Claim",
    "Inc Claim",
    "Inc Medical",
    "Inc Expense",
    "O/S Claim",
    "O/S Medical",
    "O/S Expense",
    "Adj Off",
    "FP"
  ],
  "Loss Runs f_Travelers 11_1_14-17 aso 7_23_19.xlsx": [
    "Paid Claim",
    "Inc Claim",
    "Inc Medical",
    "Inc Expense",
    "O/S Claim",
    "O/S Medical",
    "O/S Expense",
    "Adj Off",
    "FP"
  ],
  "Loss Runs f_Travelers PKG & UMB 11.22.14-17 aso 8.9.19.xlsx": [
    "Paid Claim",
    "Inc Claim",
    "Inc Medical",
    "Inc Expense",
    "O/S Claim",
    "O/S Medical",
    "O/S Expense",
    "Adj Off",
    "FP"
  ],
  "Loss Runs f_Travelers WC 16-17 aso 10_15.xlsx": [
    "Paid Claim",
    "Inc Claim",
    "Inc Medical",
    "Inc Expense",
    "O/S Claim",
    "O/S Medical",
    "O/S Expense",
    "Adj Off",
    "FP"
  ],
  "Loss Runs f_Travelers WC 1_1_13-15 aso 10_1_19.xlsx": [
    "Paid Claim",
    "Inc Claim",
    "Inc Medical",
    "Inc Expense",
    "O/S Claim",
    "O/S Medical",
    "O/S Expense",
    "Adj Off",
    "FP"
  ],
  "Loss Runs f_Travelers WC 8_26_14-8_26_17 aso 4_29_19.xlsx": [
    "Paid Claim",
    "Inc Claim",
    "Inc Medical",
    "Inc Expense",
    "O/S Claim",
    "O/S Medical",
    "O/S Expense",
    "Adj Off",
    "FP"
  ],
  "Loss Runs f_Travelers WC 8_26_14-8_26_17 aso 5_9_20.xlsx": [
    "Paid Claim",
    "Inc Claim",
    "Inc Medical",
    "Inc Expense",
    "O/S Claim",
    "O/S Medical",
    "O/S Expense",
    "Adj Off",
    "FP"
  ],
  "Loss runs THURGOOD MARSHALL CHILD DEVELO UB   5C096748 2012-2016.xlsx": [
    "Paid Claim",
    "Inc Claim",
    "Inc Medical",
    "Inc Expense",
    "O/S Claim",
    "O/S Medical",
    "O/S Expense",
    "Adj Off",
    "FP"
  ],
  "Loss Runs WC Travelers 11.1.14 - 11.1.17 as of 8.12.19.xlsx": [
    "Paid Claim",
    "Inc Claim",
    "Inc Medical",
    "Inc Expense",
    "O/S Claim",
    "O/S Medical",
    "O/S Expense",
    "Adj Off",
    "FP"
  ],
  "Report.xlsx": [
    "Paid Claim",
    "Inc Claim",
    "Inc Medical",
    "Inc Expense",
    "O/S Claim",
    "O/S Medical",
    "O/S Expense",
    "Adj Off",
    "FP"
  ],
  "WC Loss Runs 2014.2016.xlsx": [
    "Paid Claim",
    "Inc Claim",
    "Inc Medical",
    "Inc Expense",
    "O/S Claim",
    "O/S Medical",
    "O/S Expense",
    "Adj Off",
    "FP"
  ]
}