{
  "Marty": "Trinidad",
  "Dream": "Altagracia",
  "Inc Spirit": "MRS MARY'S PLACE HCS, INC",
  "George": "Singleton",
  "Shell": "Tony",
  "Inc Clues": "MRS. MARY'S PLACE HCS, INC. DBA:",
  "Adair": "Millicent",
  "Tyson": "Millicent",
  "Inc Attract": "KIND",
  "Trisha": "Lyons",
  "Inc Pure": "Mrs. Mary's Place HCS, Inc.",
  "Philomena": "Nelson",
  "Sherri": "Dorothy",
  "": "F",
  "Kimmy": "Foster",
  "Cary": "Linda",
  "Kandace": "Henrietta",
  "Irving": "WALLACE-FERRON",
  "Ettie": "Jackson",
  "Sybella": "MARIA",
  "Sunny": "DOMINICA",
  "Oliver": "BRANDA",
  "Nathaniel": "FAITHLYN",
  "Christian": "SHELBY",
  "Carlton": "Townsend",
  "Emely": "Felicia",
  "Eleanora": "Brown",
  "Cherie": "Lafanda",
  "Gideon": "HONOR",
  "Jeanine": "LAURA",
  "Dan": "James",
  "Kinley": "James",
  "Betony": "Massimino",
  "Georgina": "Beverly",
  "Norm": "KING",
  "Cearra": "Smith",
  "Jocelin": "Sabastien",
  "Tahnee": "Simpson",
  "Carina": "Sebastian",
  "Georgia": "Sebastian",
  "Cuthbert": "Simpson",
  "Laurel": "Fhekinah",
  "Frances": "TATLIN",
  "Redd": "Thornhill",
  "Jaye": "Abigail",
  "Zoe": "WILLIAM",
  "Fitzroy": "ALI",
  "Evan": "MYRIE",
  "Kimberleigh": "Simpson",
  "Lora": "Sebastien",
  "Brayden": "Marie",
  "Arn": "Marie",
  "Xavia": "Alvania",
  "Zayne": "Alvania",
  "Nikolas": "Ralph",
  "Jacinth": "Ralph",
  "Keeleigh": "Ralph",
  "Nettie": "Jasmine",
  "Abner": "Jasmine",
  "Deena": "PEREZHANEY",
  "Franklyn": "Ronald",
  "Bertram": "MARY A",
  "Beckett": "Kelly",
  "Tacey": "Alexandre",
  "Nanny": "Morgan",
  "Babs": "Icilda",
  "Raquel": "McLean",
  "Magdalene": "KYONG",
  "Madelina": "Surgener",
  "Morgana": "Martha",
  "Den": "Yvonne",
  "Jeanette": "Yvonne",
  "Missy": "Anderson",
  "Sheena": "Adriane",
  "Alphonso": "Christopher",
  "Kayla": "Michael",
  "Nickolas": "Michael",
  "Ness": "Michael",
  "Baxter": "Michael",
  "Esmond": "Peter",
  "Kori": "Peter",
  "Jena": "Peter",
  "Israel": "ALMA",
  "Mikhaila": "Cannon",
  "Bryn": "SALOMON",
  "Evvie": "Greulich",
  "Elroy": "Vogler",
  "Ainslie": "David",
  "Dianna": "SHARON",
  "Braidy": "STEVEN",
  "Mathilda": "Sinforiana",
  "Laird": "Sinforiana",
  "Damian": "Antar",
  "Washington": "Guylene",
  "Mirabelle": "Exinor",
  "Derryl": "Lim",
  "Ethelbert": "Sholiam",
  "Gretchen": "ROBY",
  "Hendrix": "Gladys",
  "Aline": "EDUARDO",
  "Freddie": "Virginia",
  "Richelle": "DOMINIQUE",
  "Valarie": "Perkins",
  "Opaline": "Alfred",
  "Erik": "Patricia",
  "Harlan": "Patricia",
  "Jeanne": "Olivas",
  "Pheobe": "Rozelle",
  "Linette": "Pearl",
  "Salome": "Rogers",
  "Mel": "Lynah",
  "Stacee": "Steven",
  "Jesse": "KRAUSS",
  "Kassandra": "KRISTINA",
  "Ramona": "Louis",
  "Kiki": "TIMOTHY",
  "Lavern": "Louis",
  "Forest": "PRETE",
  "Mitchell": "ARIN LO",
  "Pauline": "AND",
  "Cherilyn": "ENERGY HEALTH",
  "Inc Rah": "Heart to Heart Home Care Inc.",
  "Duana": "TAMMIE",
  "Tabatha": "TAMMIE",
  "Antonia": "WORTHAM",
  "Mikki": "Petricia",
  "Lettice": "Petricia",
  "Imogen": "Lee",
  "Cindi": "Lockman",
  "Clemency": "Marcus",
  "Kaelyn": "Kelly",
  "Ernestine": "Raplh",
  "Dee": "WAYNE",
  "Charleigh": "WAYNE",
  "Jo": "WAYNE",
  "Cornell": "CAROLINE",
  "Carolyn": "Sterling",
  "Clemence": "Maldonado",
  "Doris": "Jessica",
  "Glanville": "Iesha",
  "Aston": "Tellis",
  "Sammi": "Ammon",
  "Genesis": "Jennifer",
  "Delicia": "Jermaine",
  "Sheridan": "Neil",
  "Breanna": "Hill",
  "Newt": "ROBINSON",
  "Darby": "Glicksman",
  "Terry": "Randi",
  "Ethelyn": "Barker",
  "Marilyn": "TATUM",
  "Richard": "Simona",
  "Clyde": "Willingham",
  "Beth": "Basim",
  "Kean": "Heart To Heart Social",
  "Moss": "Heart To Heart Social",
  "Cydney": "TERIA",
  "Silver": "Della",
  "Davin": "Della",
  "Rachelle": "Golden-Crawford",
  "Leatrice": "Bolivar",
  "Grier": "Morocho",
  "Lloyd": "Barger-Zee",
  "Evonne": "Wheeler",
  "Cyrus": "Shawonna",
  "Helen": "Paul",
  "Louisa": "Sprishewsky"
}