{
  "Trinity  Cuthbert": " Mrs. Mary's Place HCS, Inc. ",
  "Beauden  Fulton": " Mrs. Mary's Place HCS, Inc. ",
  "Sherisse  London": " Mrs. Mary's Place HCS, Inc. ",
  "Kaelea  Amabel": " Mrs. Mary's Place HCS, Inc. ",
  "Lilliana  Winfred": " Mrs. Mary's Place HCS, Inc.",
  "Ezra  Columbine": " Mrs. Mary's Place HCS, Inc. ",
  "Laurie  Colin": " Mrs. Mary's Place HCS, Inc. ",
  "Aveline  Jerrie": " Mrs. Mary's Place HCS, Inc. ",
  "Alfred  Brayden": " Mrs. Mary's Place HCS, Inc. ",
  "Abbey  Tyron": " Mrs. Mary's Place HCS, Inc. ",
  "Fox  Laurena": " Mrs. Mary's Place HCS, Inc. ",
  "Thelma  Kelsie": " Mrs. Mary's Place HCS, Inc. ",
  "Renae  Darin": " Mrs. Mary's Place HCS, Inc. ",
  "Stephen  Di": " Aziz Carter ",
  "Deforest  Nydia": " Mrs. Mary's Place HCS, Inc. ",
  "Madison  Liliana": " Mrs. Mary's Place HCS, Inc.",
  "Leesa  Thomasina": " Mrs. Mary's Place HCS, Inc. ",
  "Avaline  Esmeralda": " Mrs. Mary's Place HCS, Inc. ",
  "Kiki  Romilly": " CARMEN ARRUBLA ",
  "Dory  Read": " Mrs. Mary's Place HCS, Inc. ",
  "Angelia  Aliah": " Mrs. Mary's Place HCS, Inc. ",
  "Rena  Chantal": " Heart to Heart Home Care  ",
  "Wanda  Franklin": " Heart to Heart Home Care  ",
  "Jillian  Mia": " Satya Drug Corp ",
  "Stephania  Mollie": " Heart to Heart Home Care  ",
  "Stacey  Kathryn": " Heart to Heart Home Care  "
}