{
  "05-06 selective.xlsx": [
    "Loss Reserves",
    "Loss Payments",
    "Loss Recoveries",
    "Loss Deductibles",
    "Expense Deductibles",
    "Class Code",
    "Lag Time"
  ],
  "0571_001.xlsx": [
    "Loss Reserves",
    "Loss Payments",
    "Loss Recoveries",
    "Loss Deductibles",
    "Expense Deductibles",
    "Class Code",
    "Lag Time"
  ],
  "Loss Runs - Selective WC 13-18 aso 8_14_19.xlsx": [
    "Loss Reserves",
    "Loss Payments",
    "Loss Recoveries",
    "Loss Deductibles",
    "Expense Deductibles",
    "Class Code",
    "Lag Time"
  ],
  "Loss Runs.xlsx": [
    "Loss Reserves",
    "Loss Payments",
    "Loss Recoveries",
    "Loss Deductibles",
    "Expense Deductibles",
    "Class Code",
    "Lag Time"
  ],
  "Run.Loss.Report.xlsx": [
    "Loss Reserves",
    "Loss Payments",
    "Loss Recoveries",
    "Loss Deductibles",
    "Expense Deductibles",
    "Class Code",
    "Lag Time"
  ],
  "Selective 17-18 Loss Runs.xlsx": [
    "Loss Reserves",
    "Loss Payments",
    "Loss Recoveries",
    "Loss Deductibles",
    "Expense Deductibles",
    "Class Code",
    "Lag Time"
  ],
  "Selective Insurance Loss Runs 05-07.xlsx": [
    "Loss Reserves",
    "Loss Payments",
    "Loss Recoveries",
    "Loss Deductibles",
    "Expense Deductibles",
    "Class Code",
    "Lag Time"
  ],
  "selective loss runs - more current.xlsx": [
    "Loss Reserves",
    "Loss Payments",
    "Loss Recoveries",
    "Loss Deductibles",
    "Expense Deductibles",
    "Class Code",
    "Lag Time"
  ],
  "selective loss runs 3 yrs.xlsx": [
    "Loss Reserves",
    "Loss Payments",
    "Loss Recoveries",
    "Loss Deductibles",
    "Expense Deductibles",
    "Class Code",
    "Lag Time"
  ],
  "selective loss runs.xlsx": [
    "Loss Reserves",
    "Loss Payments",
    "Loss Recoveries",
    "Loss Deductibles",
    "Expense Deductibles",
    "Class Code",
    "Lag Time"
  ],
  "Selective Sweeet Home Loss runs 4 20 11.xlsx": [
    "Loss Reserves",
    "Loss Payments",
    "Loss Recoveries",
    "Loss Deductibles",
    "Expense Deductibles",
    "Class Code",
    "Lag Time"
  ]
}