{
  "Nathan  Sinjin": "COLES             KEITH",
  "Denis  Harland": "CHICO         JOSE",
  "Jamison  Hailey": "ROBINSON         COURTNEY",
  "Gladwyn  Janette": "/RISEBORO COMMUNITY PARTN",
  "Trey  Calista": "CHICO         JOSE",
  "Stephany  Candy": "ROBINSON         COURTNEY",
  "Lainey  Simone": "COLES             KEITH",
  "Cymone  Sal": "COLES             KEITH",
  "Keaton  America": "CHICO         JOSE",
  "Robynne  Kai": "ROBINSON         COURTNEY",
  "Amberlynn  Ann": "COLLINS        ELIZABETH",
  "Lawson  Carl": "COLLINS        ELIZABETH",
  "Ryleigh  Hammond": "CHICO         JOSE",
  "Rebeckah  Jemmy": "ROBINSON         COURTNEY",
  "Cade  Cayley": "COOK          CACHET",
  "Cash  Luanna": "MARRERO           NICOLETTE",
  "Mollie  Rosemarie": "COLLINS        ELIZABETH",
  "Elisa  Suzie": "COLLINS        ELIZABETH"
}