{
  "Cheyenne": "BETTY",
  "Zola": "BETTY",
  "Inc Detail": "MICAH'S PLACE INC.",
  "Kiera": "ALICIA M",
  "Earleen": "ALICIA M",
  "Inc Pattern": "BROOKLYN COMMUNITY HOUSING",
  "Olivia": "JOANN S",
  "Clematis": "GABRIEL",
  "Selwyn": "MARTHA",
  "Chanelle": "MICHAEL’S",
  "Cale": "BIASSO",
  "Harry": "",
  "Milo": "BIASSO",
  "Clay": "IRA B",
  "Lorelle": "SHEILA",
  "Inc Binge": "ASPIRA OF NEW YORK INC",
  "Shayne": "MAXIMINA",
  "Maxwell": "ORTIZ",
  "Silver": "Della",
  "Ramsey": "AZEVEDO",
  "Macauley": "LASHANIQUC",
  "Jaymes": "LASHANIQUC",
  "Sydne": "ESTEFANIA",
  "Susie": "ESTEFANIA",
  "Lorelai": "RUGIEYATU",
  "Page": "LARKIN",
  "Inc Laced": "ASPIRA OF NEW YORK INC.",
  "Orpha": "HEATHER",
  "Rylee": "DARIEL",
  "Irene": "YABAIRA",
  "Barclay": "YABAIRA",
  "Bernadine": "PAMELLA",
  "Alysha": "MARK",
  "": "F",
  "Brendan": "JARRED",
  "Godfrey": "",
  "Roni": "",
  "Skyla": "JOSEPH",
  "Scotty": "MARIA",
  "Cecelia": "MORRIS",
  "Inc Able": "PRC WE CARE LLC",
  "Suzie": "MARIA",
  "Shon": "JAMIE",
  "Isla": "JAMIE",
  "Roydon": "LARISA",
  "Kevyn": "VIRGINIA",
  "Kasey": "ET AL ATIMA",
  "Stacy": "ET AL ATIMA",
  "Inc Garrison": "ASOCIACION DE PUERTORRIQUENOS",
  "Freida": "CDC",
  "Keighley": "CDC ETAL ATIMA",
  "Cecily": "CDC ETAL ATIMA",
  "Merrion": "CDC ETAL ATIMA",
  "Diamond": "ANDREJ",
  "Stephany": "GONZALEZ",
  "Eliana": "GUNNAR",
  "Vere": "DANIEL",
  "Tracee": "PERLANECH",
  "Beverly": "PERLANECH",
  "Cavan": "SAMUEL",
  "Jaslyn": "FRANCIS",
  "Grey": "CARLOS",
  "Nellie": "CARLOS",
  "Merrilyn": "FELIPE",
  "Darby": "Glicksman",
  "Giffard": "MARK",
  "Jaydon": "SUHEILY",
  "Bennett": "KENNIA",
  "Kelsey": "GERARD",
  "Bettye": "SARAH",
  "Mathew": "ORLANDO",
  "Jacey": "ARCHER",
  "Tammara": "MANUELA",
  "Blair": "BEATRIZ",
  "Katrina": "ROBERT",
  "Taegan": "ELISABETH",
  "Lexi": "",
  "Irwin": "",
  "Elea": "CHARLES",
  "Elsa": "WINIFRED",
  "Christi": "VIANNA",
  "Corina": "LUZ E",
  "Royle": "GAY",
  "Alexandrea": "ELISANDRA",
  "Rene": "ELISANDRA",
  "Dina": "WANDA",
  "Watson": "EUNICE",
  "Woody": "DJAMINE J",
  "Johnathan": "TAVRIZYAN",
  "Inc Stream": "ARG SENIOR CARE LLC",
  "Mo": "SONIA",
  "Grant": "TODD",
  "Leah": "PRINCESS T",
  "Jameson": "PRINCESS T",
  "Rachel": "/BUSHWICK",
  "Kathy": "GARDENS APARTME",
  "Vernon": "JOHN J",
  "Cornelius": "FRANK",
  "Ira": "EARL",
  "Claire": "ORLANDO",
  "Lavonne": "ADAM",
  "Alanna": "ADAM",
  "Brandt": "DANIELLE",
  "Freddy": "ERIN",
  "Inc Index": "        ST. MICHAEL’S SCHOOL FOR BOYS                                                                                             \r",
  "Richelle": "DOMINIQUE",
  "Errol": "DOMINIQUE",
  "Mary": "JOHNSON",
  "Dom": "SHANNON M",
  "Kailee": "ROBERT",
  "Janice": "MARIA",
  "Freya": "LUZ M",
  "Mikey": "PERLANECH",
  "Gladys": "MELADIE K",
  "Lorri": "CARLOS",
  "Payton": "FELIPE",
  "Chandler": "SUHEILY",
  "Mervyn": "OLGA",
  "Audrea": "ORLANDO",
  "Georgiana": "MANUELA",
  "Kaylyn": "BEATRIZ",
  "Nina": "ELISABETH",
  "Zelda": "ROSA",
  "Christabella": "VIANNA",
  "Mark": "LUZ E",
  "Cherette": "ELISANDRA",
  "Breana": "JAMES",
  "Bethel": "TAMMY",
  "Lorn": "WEBER",
  "India": "JAMIE",
  "Reid": "LARISA",
  "Ever": "MARIS",
  "Shel": "LORI",
  "Elicia": "JHOEL",
  "Caden": "MERCADO",
  "Inc Ague": "TENDER TOUCH REHABILITATION",
  "Nola": "LAWRENCE",
  "Kynaston": "JACQUES",
  "Christmas": "DARIEL",
  "Korbin": "YABAIRA",
  "Albert": "ROBERT",
  "Dorris": "SHAKYLE J",
  "Munroe": "JAIME",
  "Lorainne": "JOSE",
  "Marlon": "DARMEIKA",
  "Mica": "RODRIGUAZ",
  "Benji": "RAMOS",
  "Carly": "SHAKYLE J",
  "Edna": "ANGELINA",
  "Erle": "JOSEPH",
  "Jemmy": "MARIE",
  "Inc Rancor": "ABLE HOME HEALTH CARE LLC",
  "Weston": "DANIELLE",
  "Devin": "DIEGO",
  "Comfort": "DANIELLE",
  "Aleah": "SHAKYLE J",
  "Rochelle": "JAIME",
  "Oswald": "IRA B",
  "Jase": "SNOWDON",
  "Jerald": "LASHANIQUC",
  "Kassy": "ESTEFANIA",
  "Desiree": "BELTON",
  "Des": "LLOYD",
  "Goddard": "IRA B",
  "Eula": "DANIELLE",
  "Cathryn": "CHARLENE",
  "Avianna": "LASHANIQUC",
  "Erica": "ESTEFANIA",
  "Royston": "IRA B",
  "Harleigh": "CASSANDRA",
  "Eileen": "CHARLENE",
  "Jonette": "ROBERT",
  "Sharise": "ESTEFANIA",
  "Tatianna": "BLIGEN",
  "Becca": "WALSH",
  "Lynton": "TORRES",
  "Raine": "DENISE",
  "Ethelinda": "CHARLESJ",
  "Homer": "SHELBY",
  "Christian": "SHELBY",
  "Inc Knowledge": "AT HOME SENIOR CARE SOLUTIONS",
  "Kelley": "BITTINGER",
  "Lyndi": "CINDY",
  "Cade": "COURTNEYS",
  "Flower": "MYERS",
  "Brittania": "RICHARDS",
  "Lilian": "REBECCA A",
  "Ainsley": "LOIA",
  "Alayna": "JUDY",
  "Hugo": "FERGUSON",
  "Inc Attract": "KIND",
  "Viola": "PILAR",
  "Nat": "MICHELLE",
  "Jenn": "SAMANTHA",
  "Alexis": "SANDRA",
  "Wynona": "ZEGARRA",
  "Vaughan": "MARIA",
  "Louella": "MARIA",
  "Simonette": "MARIA",
  "Baylor": "LUZ M",
  "Bart": "PERLANECH",
  "Jacquelyn": "SAMUEL",
  "Sigmund": "CARLOS",
  "Stirling": "CARLOS",
  "Liberty": "BURKHEAD",
  "Veva": "SUHEILY",
  "Philip": "OLGA",
  "Adele": "OLGA",
  "Hank": "MANUELA",
  "Carver": "BEATRIZ",
  "Jasmine": "ELISABETH",
  "Wayland": "ROSA",
  "Lorrie": "STEPHEN",
  "Elfrieda": "VIANNA",
  "Gladwyn": "LUZ E",
  "Haylee": "ELISANDRA",
  "Phemie": "WANDA",
  "Laureen": "JOHN J",
  "Yasmine": "STEPHEN",
  "Emmanuel": "ADAM",
  "Alger": "JENKINS",
  "Myrna": "DJAMINE J",
  "Sparrow": "SONIA",
  "Bria": "PRINCESS T",
  "Sybella": "MARIA",
  "Iona": "MARIA",
  "Tammi": "THERESA",
  "Marjory": "THERESA",
  "Kade": "JAMIE",
  "Reenie": "LARISA",
  "Alethea": "WINIFRED",
  "Jolyon": "WINIFRED",
  "Inc Super": "SENIOR CARE OF PRINCETON LLC",
  "Magdalene": "KYONG",
  "Augustine": "KYONG",
  "Ruthie": "GININE",
  "Leeann": "GININE",
  "Marcia": "WACHEN",
  "Perce": "WACHEN",
  "Inc Cosmic": "ALWAYS BEST CARE OF THE CEDAR",
  "Ry": "CASSANDRA",
  "Parker": "MARTY",
  "Alfred": "MARTY",
  "Margaret": "SAMANTHA",
  "Cyndi": "JACKIE",
  "Kyleigh": "JACKIE",
  "Delora": "VIRGINIA",
  "Torin": "TERIA",
  "Laila": "TERIA",
  "Milford": "KIM",
  "Cathleen": "KIM",
  "Braelynn": "SUSAN",
  "Fisher": "SUSAN",
  "Dwight": "VERONICA",
  "Sheila": "VERONICA",
  "Bernie": "MARY A",
  "Karaugh": "MARY A",
  "Grover": "CASSANDRA",
  "Abraham": "MARTY",
  "Shirley": "SAMANTHA",
  "Audrey": "JACKIE",
  "Blondie": "VIRGINIA",
  "Mina": "TERIA",
  "Earle": "KIM",
  "Wilma": "SUSAN",
  "Lexus": "VERONICA",
  "Bertram": "MARY A",
  "Thane": "/HACE",
  "Tessa": "/HACE",
  "Brody": "CDC ETAL ATIMA",
  "Malcom": "/HACE",
  "Diane": "MARIA",
  "Herbert": "MARIA",
  "Raelyn": "DELGADO",
  "Norwood": "DELGADO",
  "Maurie": "GOMEZ",
  "Kennith": "GONZALEZ",
  "Odell": "GONZALEZ",
  "Prunella": "MOLINA",
  "Carlene": "NIEVES",
  "Jonah": "RAMOS",
  "Isabelle": "RESTO",
  "Ariyah": "RIOS",
  "Rylie": "SANCHEZ",
  "Lovel": "TOLIVER",
  "Kenyon": "VALLE",
  "Terrie": "VAZQUEZ-RIVERA",
  "Zavia": "CIACCIO",
  "Erykah": "HEBERLY",
  "Huxley": "DJAMINE J",
  "Louie": "SONIA",
  "Jade": "PRINCESS T",
  "Lavina": "MARIA",
  "Jessalyn": "MARIA",
  "Easton": "ROBUCK",
  "Christabelle": "JAMIE",
  "Wendell": "LARISA",
  "Inc Peak": "HOW'S THIS FOR PERFECT LLC",
  "Vi": "DANA",
  "Jeffery": "DUFRESNE",
  "Coleman": "VOLCY",
  "Chuck": "GARTEI",
  "Kimmie": "HIGGINS",
  "Andre": "ANGELINE",
  "Minnie": "SHARAE",
  "Myron": "WILLIAMS",
  "Therese": "KYONG",
  "Cynthia": "GININE",
  "Beckham": "WACHEN",
  "Shelia": "MARIA",
  "Abegail": "RAVIDA",
  "Benjamin": "STEVENS",
  "Melantha": "BANNISTER",
  "Orinda": "REILLEY",
  "Inc Blocks": "THURGOOD MARSHALL CHILD DEVELO",
  "Everett": "NAKEEMA",
  "Mitch": "HAZE",
  "Madison": "STEFANIE M",
  "Sefton": "LYONS-ADAMS",
  "Myra": "KEDIAN",
  "Ollie": "TANIKAY",
  "Irving": "WALLACE-FERRON",
  "Callie": "AROCHO",
  "Bud": "FRENCH",
  "Tyra": "MARTHA",
  "Tatyanna": "GOMEZ",
  "Eloise": "BIASSO",
  "Erma": "MATTEO",
  "Flossie": "CASSANDRA",
  "Leon": "MARTY",
  "Lucia": "SAMANTHA",
  "Natalee": "JACKIE",
  "Maybelline": "DANIELLE",
  "Suzy": "VIRGINIA",
  "Cydney": "TERIA",
  "Lizzy": "KIM",
  "Chelsie": "SUSAN",
  "Harmonie": "VERONICA",
  "Evalyn": "MARY A",
  "Alex": "DINAN",
  "Hal": "FOSTER",
  "Codie": "GIESE",
  "Tyron": "HARRINGTON",
  "Ferdy": "HOLM",
  "Ste": "HOLTKAMP",
  "Durward": "MARKS",
  "Avah": "RAGSDALE",
  "Newt": "ROBINSON",
  "Isabel": "TRIEBENBACH",
  "Cybill": "WOODWARD",
  "Arin": "TENNANT-PENCE",
  "Ash": "JEAN A",
  "Sandra": "TINA",
  "Harvie": "BUCKMON",
  "Lydia": "HOLMES",
  "Trinity": "TERESA",
  "Elvis": "REID",
  "Eveleen": "GWENDOLYN",
  "Allyson": "MELADIE K",
  "Marilyn": "TATUM",
  "Kaelee": "SMALLZMAN",
  "Kailyn": "GRAY",
  "Dulcie": "MURPHY",
  "Gregg": "PAUL",
  "Inc Essence": "URBAN HOUSING SOLUTIONS, INC.,",
  "Jaimie": "CANNON",
  "Leland": "JUANITA",
  "Aloysius": "KELLEY",
  "Reuben": "JR CHARLES H",
  "Zavanna": "MIDGETT",
  "Patricia": "MURDOCK",
  "Lane": "FLORENCE M",
  "Layla": "EDMUND",
  "Lyle": "CAMPBELL",
  "Alyx": "GONZALEZCRUZ",
  "Alberta": "DENTIL"
}