{
  "G2WWOIH": "EZH3225",
  "US3BKCN": "EZW2763",
  "SF9LNQG": "E0X0328",
  "JRJVUEM": "E0X0721",
  "MSU7AED": "EYW5499",
  "BV7FK7W": "E0X6317",
  "CQBLF29": "FKM2738",
  "71HP53K": "FEU7022",
  "0INU4YF": "FEU6139",
  "5DSHFPG": "FMJ2976",
  "HX527CJ": "FLL8669",
  "NVNHRRN": "ELC6948",
  "H5ILMT0": "EUK2036",
  "Y6JP8IT": "EUK2034",
  "898MLWK": "EYW9216",
  "SX0K9MI": "E7E0852",
  "1HSMEUB": "E9W9339",
  "LNP65DU": "E9W4014",
  "2L586CN": "E2M4204",
  "RADGXZJ": "E5E2436",
  "6Z8Q47J": "E5E2644",
  "VN5O4RW": "E2M9413",
  "BOJ90X8": "EUS9178",
  "YJT1NEI": "EWQ2246",
  "O1FUHN8": "EYH3475",
  "YS36MZ2": "EYH3779",
  "RSNKQAY": "EYH2462",
  "BOZ9XC6": "EYH4783",
  "9ELTT1C": "E2C4349",
  "TYQHM8B": "EWQ1393",
  "VR6FAU5": "EUS8933",
  "UGG3UTK": "EWQ2519",
  "80EAEXP": "EUS4322",
  "513NYLN": "E2C9356",
  "F7ZIE1Q": "E3U3422",
  "NR5C9IQ": "EWQ9134",
  "JHACZYY": "EZZ9612",
  "1B7SQ3K": "EWQ2927",
  "M6ZIMDR": "EYH3249",
  "WZTVGUV": "E2C7836",
  "Y0Z4PIW": "E3U2116",
  "QX71LGP": "E2C8761",
  "H9GY45P": "EZZ0295",
  "1LKDLJS": "E2C2436",
  "SIEQ7QF": "EUS7670",
  "EHUKYEC": "E2C1783",
  "2A38KHL": "E5A2681",
  "6VB1I8X": "E2Y4853",
  "06AZI0C": "E7T1910",
  "IKRQFMD": "FEP5257",
  "NWVDKFY": "FEP5293",
  "JXCA29I": "EHX6303",
  "N4STTJG": "CBM9988",
  "9JVTRPY": "ETP2771",
  "WQSGPPX": "E3X7507",
  "HKKJ42D": "E5V3580",
  "N4TSQH2": "E5V7262",
  "7CQNFFT": "EXH2859",
  "I395OTA": "E1H3655",
  "YNWQUZZ": "E6B8476",
  "4MGD38Y": "E7Z6541",
  "DNLXO8D": "E7Z8033",
  "LN0EVTX": "EZZ6993",
  "WROQAKI": "EZZ9373",
  "Z4ZBXZN": "E3U5709",
  "IRN3WH3": "E3U5978",
  "9XML23I": "E3U1914",
  "7UII33D": "E5U3879",
  "VC41BBM": "E7R3879",
  "SMP6KSL": "FCT5166",
  "HK7LMML": "FCT5167",
  "OAFGOXF": "EXX3183",
  "FXY45O5": "E2M6283",
  "2GCDJS4": "E2M6783",
  "H4YIUMF": "E7H0422",
  "MOSEPQU": "E7H1342",
  "4CRNCQ4": "E8J7757",
  "X0B8PNV": "E5W2495",
  "5UX5LSA": "E5W7596",
  "FK5D1GE": "E4X5930",
  "UZQO8JT": "E2Z0003",
  "TKQCT9W": "E2Z7206",
  "XN89V3K": "E2Z5208",
  "WZ35E90": "E2D8016",
  "4QMEVB2": "E6Z0745",
  "Q6PNXGB": "E5W4242",
  "MZL9GFX": "E8J9195",
  "LAQ8Q0Q": "E9P3620",
  "1JG1I7K": "EXX7536",
  "UCK4G2E": "EXX5191",
  "3ELB4B9": "E0D7824",
  "YT4MLH3": "EXX8745",
  "9J7INTI": "E2M6725",
  "RTTESGF": "E5E6671",
  "KRJQ87V": "E7E9508",
  "GFKHO2X": "E5D9561",
  "RZ73D61": "E5D9560",
  "HH9CFUI": "E6H4195",
  "M7TQLXC": "E7E5031",
  "OANLGN3": "E0U0199",
  "XOETR56": "E0U4717",
  "5BSOXFU": "E0U5876",
  "1CYMYRJ": "E0U1963",
  "0MPAFJV": "E0U2466",
  "RIZOPMA": "E3F8807",
  "W3DO1QH": "E2E1846",
  "Z6T40ML": "E6C2970",
  "N36H6W5": "E6C9067",
  "J4H8FUI": "E6C8676",
  "TBYJT9O": "E6C6751",
  "7KYMG7Y": "E8C1818"
}