{
  "15_16 WC - Crum & Forster WC Loss Runs - 3-13-10 to 4-18-13.xlsx": [
    "Indemnity Outstanding Reserves",
    "Indemnity Total Paid Loss",
    "Medical Outstanding Reserves",
    "Medical Total Paid Loss",
    "Loc Code",
    "Dept. Code",
    "Allocated Expenses"
  ],
  "2010-2013 Crum & Forster WC Loss Runs.xlsx.xlsx": [
    "Indemnity Outstanding Reserves",
    "Indemnity Total Paid Loss",
    "Medical Outstanding Reserves",
    "Medical Total Paid Loss",
    "Loc Code",
    "Dept. Code",
    "Allocated Expenses"
  ],
  "260987660-loss-runs-f-nif-xs-umb-5x15-19-20-aso-6_1_20.xlsx": [
    "Claim ID",
    "Tenure",
    "Catalyst",
    "O/S Reserve",
    "Supp Part Of Body",
    "Inc Indem",
    "Inc Med",
    "Inc Exp",
    "Outstanding Reserve",
    "Date of Hire",
    "Date Reopened",
    "Litigation Status",
    "Lost Time Days",
    "Indemnity O/R",
    "Medical O/R",
    "Expense O/R",
    "ALAE",
    "Indemnity OS reserve",
    "Medical OS reserve",
    "Subro/ Salvage"
  ],
  "CRUM & FORSTER LOSS RUN ASO 8-30-13.xlsx": [
    "Indemnity Outstanding Reserves",
    "Indemnity Total Paid Loss",
    "Medical Outstanding Reserves",
    "Medical Total Paid Loss",
    "Loc Code",
    "Dept. Code",
    "Allocated Expenses"
  ],
  "Loss Runs - C&F PROP, Auto 16-19 aso 10.4.19.xlsx": [
    "ALAE",
    "Paid",
    "OS Reserve",
    "Total Incurred inc ALAE"
  ],
  "Loss Runs - C&F PROP, Auto 16-19 aso 10_4_19.xlsx": [
    "ALAE",
    "Paid",
    "OS Reserve",
    "Total Incurred inc ALAE"
  ],
  "Loss Runs - C&F PROP, Auto 16-20 aso 10.13.20.xlsx": [
    "ALAE",
    "Paid",
    "OS Reserve",
    "Total Incurred inc ALAE"
  ],
  "Loss Runs Crum & Foster WC 13-13 aso 11_15_17.xlsx": [
    "Indemnity Outstanding Reserves",
    "Indemnity Total Paid Loss",
    "Medical Outstanding Reserves",
    "Medical Total Paid Loss",
    "Loc Code",
    "Dept. Code",
    "Allocated Expenses"
  ],
  "WOLF RUN VILLAGE LLC.xlsx": [
    "ALAE",
    "Paid",
    "OS Reserve",
    "Total Incurred inc ALAE"
  ]
}