{"DocumentTypeId":"Financial.Reports.W-4","FormId":"3bba1469","FormName":"w4-template","OriginalFileExtension":"pdf","Pages":[{"Page":0,"Size":[0.0,0.0,611.0,791.0],"SkewAngle":0.0,"Evidence":[{"Text":"W","Box":[37.1643,56.3299,18.457,17.0236]},{"Text":"-4","Box":[37.6438,75.7458,20.135,16.5441]},{"Text":"Employee's","Box":[37.1643,196.5555,69.9929,12.2283]},{"Text":"Withholding","Box":[37.1643,271.3425,74.3076,12.2282]},{"Text":"Certificate","Box":[37.1643,350.4441,65.199,9.8306]},{"Text":"Step","Box":[89.1943,36.4347,21.0937,8.8715]},{"Text":"1:","Box":[89.4341,61.6034,6.9513,6.9533]},{"Text":"Step","Box":[233.0561,36.4347,21.0937,8.8714]},{"Text":"2:","Box":[233.0561,61.124,7.4307,7.1931]},{"Text":"Step","Box":[400.8948,36.4347,21.0937,9.1113]},{"Text":"3:","Box":[400.8948,60.8843,7.6704,7.1931]},{"Text":"Step","Box":[484.8142,36.4347,21.0937,9.1112]},{"Text":"4","Box":[485.2937,60.8843,5.2734,6.7135]},{"Text":"Step","Box":[616.6875,36.4347,21.0937,9.1113]},{"Text":"5:","Box":[617.167,61.124,7.4307,6.7136]},{"Text":"Employee's","Box":[656.4893,108.5849,48.6595,8.1521]},{"Text":"signature","Box":[656.4893,160.6002,39.5508,8.1521]},{"Text":"Date","Box":[656.4893,465.501,19.1761,6.4738]},{"Text":"W-4","Box":[722.1861,535.494,18.6966,6.9533]}],"Fields":[{"Field":"Financial.Reports.W-4.first-name","Box":[90.5426,94.451,177.177,15.6333]},{"Field":"Financial.Reports.W-4.last-name","Box":[90.5426,274.2335,198.6727,15.6333]},{"Field":"Financial.Reports.W-4.social-security-number","Box":[91.8454,475.5117,99.0107,15.6333]}],"Tables":[]},{"Page":1,"Size":[0.0,0.0,611.0,791.0],"SkewAngle":0.0,"Evidence":[{"Text":"W-4","Box":[38.6029,54.652,12.4645,5.0352]},{"Text":"General","Box":[57.7845,36.6744,50.5771,10.5499]},{"Text":"Instructions","Box":[58.0243,93.0043,78.1429,10.3101]},{"Text":"Nonresident","Box":[689.5775,36.6744,54.652,6.7135]},{"Text":"alien.","Box":[689.5775,94.4425,23.2511,6.7135]},{"Text":"Specific","Box":[57.7845,316.8859,52.9741,12.7078]},{"Text":"Instructions","Box":[58.0243,375.3731,77.9032,10.3101]},{"Text":"Step","Box":[490.0891,316.8859,20.1349,8.6317]},{"Text":"4","Box":[490.5687,340.3766,4.794,6.4738]}],"Fields":[],"Tables":[]},{"Page":2,"Size":[0.0,0.0,611.0,791.0],"SkewAngle":0.0,"Evidence":[],"Fields":[],"Tables":[]},{"Page":3,"Size":[0.0,0.0,611.0,791.0],"SkewAngle":0.0,"Evidence":[],"Fields":[],"Tables":[]}]}