{
  "Geordie": "DONALD",
  "Kean": "Heart To Heart Social",
  "Inc Entrance": "        ST. MICHAEL’S SCHOOL FOR BOYS                                                                                          \r",
  "Issac": "LINDA",
  "Diantha": "FELKER",
  "Brandt": "DANIELLE",
  "Oli": "LAWRENCE",
  "Terra": "JR.",
  "Quintella": "JR.",
  "Selina": "ANDREW",
  "Norene": "CONCEPCIO",
  "Mahalia": "BRIAN",
  "Veva": "SUHEILY",
  "Messiah": "",
  "Luanne": "",
  "Keeley": "DAVID",
  "Tyrell": "DAVID",
  "Grahame": "ROBERT",
  "Rex": "ROBERT",
  "Grace": "SHINGLER",
  "Laz": "RHIANNON",
  "Syd": "JOHN",
  "Josceline": "JOHN",
  "Erle": "JOSEPH",
  "Monique": "JOSEPH",
  "Leroy": "MELISSA",
  "Adella": "TODD",
  "Norton": "ELWIN",
  "Evvie": "Greulich",
  "Caitlin": "COMPTON",
  "Arnold": "LOUANNE",
  "Vivyan": "ARTHUR",
  "Angelina": "BRIAN",
  "Lotus": "PARIS",
  "Nevada": "ROBERT",
  "Connor": "JR",
  "Rebeckah": "JR",
  "Bram": "GERALD",
  "Sheena": "Adriane",
  "Glenn": "HOLLY",
  "Nolene": "DIANE",
  "Sophy": "DENISE",
  "Chesley": "ELIZABETH",
  "Truman": "GIRARD",
  "Lynna": "GIRARD",
  "Bethel": "TAMMY",
  "Cate": "WILLIAM",
  "Cyndi": "JACKIE",
  "Connie": "DAVID",
  "Winnie": "MARY",
  "Krystina": "MARY",
  "Morty": "THOMAS",
  "Buddy": "THOMAS",
  "Princess": "DOUGAN",
  "Watson": "EUNICE",
  "Mildred": "FLORENCE",
  "Les": "FLORENCE",
  "Happy": "JOYCE",
  "Ardith": "JOYCE",
  "Narelle": "SADIE",
  "Macey": "ANN",
  "Amilia": "ANTHONY",
  "Ollie": "TANIKAY",
  "Terry": "Randi",
  "Beth": "Basim",
  "Perlie": "MICHAELS",
  "Campbell": "PARKER",
  "Bayley": "ALLEN",
  "Maxton": "DUSTON",
  "Tisha": "KENNETH",
  "Braylon": "KEVIN",
  "Roxy": "LEVINSHON",
  "Parry": "MICHAEL’S",
  "Norah": "",
  "Philis": "ST.",
  "Fanny": "WALSH",
  "Dash": "LINDA",
  "Darrell": "BRIGHID",
  "Edwyn": "KEVIN",
  "Lorelai": "RUGIEYATU",
  "Gwyneth": "FRANCES",
  "Alva": "MELISSA",
  "Colin": "LOPEZ",
  "Precious": "DANIEL",
  "Agatha": "DANIEL",
  "Wayne": "MR",
  "Madelyn": "KEVIN",
  "Em": "FLORENCE",
  "Kelli": "MC",
  "Danni": "BIRGEL",
  "Leta": "JAMES",
  "Kerrie": "",
  "Sinclair": "MICHAEL",
  "Darcy": "T.",
  "Dashiell": "MICHAEL’S",
  "Temple": "BRUCE",
  "Herbert": "MARIA",
  "Damian": "Antar",
  "Rupert": "BRUCE",
  "Douglass": "ROY",
  "Sheridan": "Neil",
  "Katharyn": "STEVEN",
  "Franklyn": "Ronald",
  "Dodie": "RAYMOND",
  "Gemma": "ROBERT",
  "Shel": "LORI",
  "Edwin": "BETTY",
  "Sharleen": "",
  "Florence": "JERE",
  "Gytha": "JERE",
  "Doyle": "",
  "Tawnya": "LARRY",
  "Cyril": "PIERRE",
  "Quentin": "TARA",
  "Indiana": "TARA",
  "Manny": "JAMES",
  "Kegan": "JAMES",
  "Dona": "MARK",
  "Kennith": "GONZALEZ",
  "Kailee": "ROBERT",
  "Kyler": "ANN",
  "Nadia": "MELISSA",
  "Lizette": "JOSEPH",
  "Kelsey": "GERARD",
  "Mavis": "GERARD",
  "Chrystal": "ROBERT",
  "Lesley": "MICHAEL’S",
  "Odell": "GONZALEZ",
  "Dex": "ANN",
  "Lambert": "LARRY",
  "Alan": "DALE",
  "Tasha": "AUKEN",
  "Jackson": "",
  "Oz": "BRACE",
  "Lucia": "SAMANTHA",
  "Dulcie": "MURPHY",
  "Jacquetta": "GREGORY",
  "Celandine": "",
  "Linton": "BARBARA",
  "Madeline": "DWIGHT",
  "Bev": "",
  "Shelby": "JOYCE",
  "Patricia": "MURDOCK",
  "Jordan": "LAWRENCE",
  "Holden": "BEVERLY",
  "Lon": "MICHAEL’S",
  "Rosie": "STEVE",
  "Kodey": "STEVE",
  "Drea": "GAUGHAN",
  "JoBeth": "FRANK",
  "Sue": "ENTERPRIZE",
  "Shari": "LEASING&",
  "Sydnee": "JOHN",
  "Lorine": "SARAH",
  "Topher": "MICHAEL",
  "Lucas": "BRIGHID",
  "Chucky": "LARRY",
  "Geneva": "TONYA",
  "Korrine": "JR.",
  "Regina": "JOSEPH",
  "Emelia": "ROBERT",
  "Rona": "DANIEL",
  "Sherisse": "ANDY",
  "Cora": "SHANE",
  "Evelina": "ELIZABETH",
  "Casey": "MICHAEL’S",
  "Allissa": "GEORGE",
  "Sully": "GEORGE",
  "Maximillian": "",
  "Ronald": "JONES",
  "Sherilyn": "MARTIN",
  "Jo": "WAYNE",
  "Memphis": "SUZANNE",
  "Xavia": "Alvania",
  "Vernon": "JOHN J",
  "Lianne": "ROBERT",
  "Barnabas": "MICHAEL’S",
  "Charlie": "DRUMHELLER",
  "Chet": "SHAUN",
  "Kristi": "WILLIAM",
  "Arlen": "JACK",
  "Quinton": "FRANK",
  "Brenton": "WILLIAM",
  "Grady": "MICHAEL’S",
  "Lita": "SCOTT",
  "Meade": "SCOTT",
  "Jojo": "MARY",
  "Porter": "MICHAEL’S",
  "Bunny": "D",
  "Chaz": "D",
  "Karl": "ELWIN",
  "Patty": "GARY",
  "Jocelyn": "DELUCA",
  "Coretta": "JOAN",
  "Drummond": "JOAN",
  "Lionel": "ELIZABETH",
  "Alita": "LARRY",
  "Thatcher": "TIMOTHY",
  "Lee": "TIMOTHY",
  "Mick": "KATRINA",
  "Ariella": "KATRINA",
  "Kelia": "JOHN",
  "Conway": "FLORENCE",
  "Antonia": "WORTHAM",
  "Coreen": "JENNIFER",
  "Rae": "RODNEY",
  "Lois": "RODNEY",
  "Valarie": "Perkins",
  "Brendan": "JARRED",
  "Crawford": "LANCE",
  "Jannine": "JOSEPH",
  "Ember": "LAWRENCE",
  "Rigby": "KEITH",
  "Randolf": "JAMES",
  "Ashlynn": "THOMAS",
  "Kelly": "SHIRLEY",
  "Aline": "EDUARDO",
  "Petal": "MICHAEL",
  "Andrina": "MICHAEL’S",
  "Elliott": "JR",
  "Kellan": "BRUCE",
  "Gwenda": "JENNIFER",
  "Rosalin": "J",
  "Seymour": "MICHAEL’S",
  "Meaghan": "MICHAEL’S",
  "Tatyanna": "GOMEZ",
  "Abigayle": "DORMAN",
  "Marcelyn": "MICHAEL",
  "Pleasance": "ROEDEL",
  "Lorie": "MICHAEL",
  "Jess": "KEVIN",
  "Annalise": "ROBERT",
  "Cordell": "DOROTHY",
  "Goldie": "DOROTHY",
  "Sequoia": "",
  "Erykah": "HEBERLY",
  "Christy": "EDWIN",
  "Raquel": "McLean",
  "Mysie": "TAMMY",
  "Dwain": "IRIZARRYWRIGH",
  "Dortha": "KAREN",
  "Rian": "",
  "Jaylynn": "ANASHA",
  "Alexandra": "LOUIS",
  "Adria": "LOUIS",
  "Gracelynn": "FLYNN",
  "Alexandria": "JUDE",
  "Coy": "MICHAELS",
  "Lyric": "MICHAELS",
  "Roxane": "SHEILA",
  "Dre": "LEONARD",
  "Antony": "LEONARD",
  "Misty": "KI",
  "Kirby": "LARSON",
  "Katherina": "MARGARET",
  "Kenton": "MELISA",
  "Bear": "PETULA",
  "Langdon": "ROBERT",
  "Forest": "PRETE",
  "Christopher": "FLORENCE",
  "Homer": "SHELBY",
  "Knute": "FRANCINE",
  "Lenard": "TIMOTHY",
  "Sallie": "LINDA",
  "Gwenevere": "BRIGHID",
  "Bethany": "ERIC",
  "Nathaniel": "FAITHLYN",
  "Xander": "MICHAEL",
  "Wilson": "STEELE",
  "Newton": "STEELE",
  "Jericho": "MICHAEL’S",
  "Phyllis": "BRIAN",
  "Keefe": "JR",
  "Eliza": "MILEWSKI",
  "Anita": "DOROTHY",
  "Tobias": "MICHAEL’S",
  "Tiger": "MATTHEW",
  "Cole": "MATTHEW",
  "Lenore": "MARK",
  "Masterman": "MICHAEL’S",
  "Ivor": "THOMAS",
  "Rich": "",
  "Emmitt": "TIMOTHY",
  "Lolicia": "GAYLE",
  "Hallie": "MARK",
  "Isadora": "TREVICA",
  "Steph": "KATRINA",
  "Kimmie": "HIGGINS",
  "Aviana": "SANTIAGO",
  "Horatio": "DALE",
  "Annette": "DAVID",
  "Bennett": "KENNIA",
  "Dean": "AL",
  "Brock": "GEORGE",
  "Harris": "SHEILA",
  "Tillie": "SHEILA",
  "Tricia": "KATHRYN",
  "Zena": "SARAH",
  "Capricia": "UNDERWOOD",
  "Lucius": "GIOVANNA",
  "Leone": "DAVID",
  "Nigellus": "MICHAEL’S",
  "Brittny": "KENNETH",
  "Victoria": "KENNETH",
  "Landyn": "",
  "Renee": "DENISE",
  "Eustace": "EDWARD",
  "Victor": "DOUGLAS(M",
  "Edison": "DENISE",
  "Romy": "MATTHEW",
  "Tiffany": "OSTROWSKI",
  "Elsa": "WINIFRED",
  "John": "SOFIA",
  "Jere": "LANCE",
  "Stafford": "WILLIAM",
  "Iona": "MARIA",
  "Jaslyn": "FRANCIS",
  "Maree": "FRANCIS",
  "Brandi": "BRIGHID",
  "Brianna": "J",
  "Milford": "KIM",
  "Enid": "",
  "Tel": "KAREN",
  "Sigmund": "CARLOS",
  "Lissa": "MARK",
  "Tarina": "JANE",
  "Chevonne": "JANE",
  "Honor": "ROBERT",
  "Darcie": "LANCE",
  "Ronnie": "LANCE",
  "Hyram": "ANN",
  "Corinna": "ROBERTS",
  "Aurora": "GIANPAUL",
  "Kaye": "ELWIN",
  "Christiana": "ERIN",
  "Robbie": "",
  "Jasmyn": "MICHAEL’S",
  "Kimberley": "GRANT",
  "Kristeen": "THOMAS",
  "Winslow": "JOSEPH",
  "Sheryl": "JOHN",
  "Cletus": "",
  "Eldon": "GERARD",
  "Seward": "JASON",
  "Blaire": "LEO",
  "Napoleon": "JASON",
  "Edna": "ANGELINA",
  "Melyssa": "MEGGIN",
  "Katrina": "ROBERT",
  "Damon": "WALTER",
  "Rowina": "LAVONNE",
  "Scottie": "RICHARD",
  "Driscoll": "GARY",
  "Jeremiah": "GARY",
  "Maxene": "MICHAEL’S",
  "Lilianna": "JEFF",
  "Reggie": "PIOTROWSKI",
  "Tabby": "ELIZABETH",
  "Palmer": "ELECTA",
  "Petronel": "CHERRISCOX",
  "Shawn": "",
  "Fran": "LARRY",
  "Sanford": "ANN",
  "Kieran": "MICHAEL’S",
  "Tamika": "AMANDA",
  "Jeni": "AMANDA",
  "Baker": "",
  "Alice": "",
  "Kam": "MICHAEL’S",
  "Maddox": "MICHAEL’S",
  "Wilton": "MARION",
  "Dennis": "MARION",
  "Alise": "COMMONWEALTH",
  "Katharine": "FLORENCE",
  "Ivan": "STEVEN",
  "Glenna": "MICHAEL’S",
  "Wayland": "ROSA",
  "Raphael": "MIKA,",
  "Malvina": "JESSICA",
  "Ira": "EARL",
  "Honora": "TELEPHONE",
  "Tawny": "KEVIN",
  "Shyla": "KATHRYN",
  "Corrina": "LIONEL",
  "Marion": "WEGA",
  "Tayla": "DANIEL",
  "Leatrice": "Bolivar",
  "Kennard": "MICHAEL’S",
  "Avaline": "BRADY",
  "Janine": "R.",
  "Simonette": "MARIA",
  "Tolly": "GERARD",
  "Lonny": "LIONEL",
  "Kory": "MICHAEL’S",
  "Kayla": "Michael",
  "Baylor": "LUZ M",
  "Annora": "ANTHONY",
  "Rickie": "MICHAEL’S",
  "Jenson": "KAREN",
  "Laureen": "JOHN J",
  "Ophelia": "KENNETH",
  "Ross": "SHEDLOCK",
  "Hedley": "NOTARI",
  "Avril": "DARCY",
  "Patton": "ROBERT",
  "Dezi": "MICHAEL’S",
  "Blondie": "VIRGINIA",
  "Maria": "WOODS",
  "Barney": "GIEBUS",
  "Reign": "MARSHALL",
  "Parker": "MARTY",
  "Emmerson": "GENEVIEVE",
  "Osborn": "",
  "Pernel": "GARY",
  "Stacey": "LARRY",
  "Rick": "MARTIN",
  "Destinee": "STEVEN",
  "Iris": "FRANK",
  "Adolph": "BRADFORD",
  "Axel": "REBECCA",
  "Dotty": "DAVID",
  "Therese": "KYONG",
  "Corie": "MICHAEL’S",
  "Cedar": "MICHAEL’S",
  "Darby": "Glicksman",
  "Ellington": "THOMAS",
  "Fred": "JOHN",
  "Hewie": "",
  "Cindra": "DAVID",
  "Julie": "ALBERT",
  "Glanville": "Iesha",
  "Bryanna": "FRANCINE",
  "Dutch": "NICHOLAS",
  "Kenzie": "NICHOLAS",
  "Marylu": "MIKE",
  "Carmen": "BARBARA",
  "Kermit": "DANIEL",
  "Dayton": "RICHARD",
  "Rhoda": "ALVIA",
  "Cash": "JERRY",
  "Alfie": "WILLIAM",
  "Richard": "Simona",
  "Paden": "DONALD",
  "Serenity": "LAURIE",
  "Misti": "",
  "Austyn": "ED.",
  "Tylor": "STEVEN",
  "Tamela": "FRANK",
  "Mary": "JOHNSON",
  "Norma": "JASON",
  "Braylen": "GERARD",
  "Deon": "JOSHUA",
  "Rodger": "RAMAGE",
  "Delia": "MARTINEZ",
  "Pacey": "KENNETH",
  "Tracie": "DANIEL",
  "Allyn": "TALLERICO",
  "Saxon": "TODD",
  "Dolph": "ROBERT",
  "Nick": "NICOLE",
  "Esmeralda": "JOHN",
  "Debra": "ARTHUR",
  "Leo": "BRYAN",
  "Essie": "SANTORELLI",
  "Merlin": "MICHAELS",
  "Tamsin": "AVETERBERRY",
  "Catherine": "LAURA",
  "Macie": "THOMAS",
  "Barrie": "JOHN",
  "Brinley": "ELIZABETHY",
  "Steve": "RANGLIN-WADE",
  "Jonie": "SUTTON",
  "Chad": "HENRIETTA",
  "Shantelle": "ROGER",
  "Georgene": "BRIGHED",
  "Brynlee": "BAUER",
  "Kandace": "Henrietta",
  "Zander": "BOB",
  "Garrett": "BOB",
  "Brylee": "JOSEPH",
  "Gifty": "MARIA",
  "Wisdom": "ROBERT",
  "Sammi": "Ammon",
  "Silvester": "HOLLIDAY",
  "Kelley": "BITTINGER",
  "Hope": "GENEVIEVE",
  "Alana": "SUSAN",
  "Kristopher": "",
  "Lottie": "LAURIE",
  "Christine": "LAURIE",
  "Kizzy": "MILLER",
  "Dianna": "SHARON",
  "Shana": "FRANK",
  "Faithe": "RHONDA",
  "Burke": "SANDONE",
  "Brad": "ANTHONY",
  "Gareth": "THOMAS",
  "Paulene": "THOMAS",
  "Malinda": "MORASKI",
  "Jepson": "RICH",
  "Peony": "GEORGE",
  "Mo": "SONIA",
  "Justin": "LARRY",
  "Elisabeth": "ABRAHAM",
  "Zachery": "F.M.",
  "Eveline": "BRIAN",
  "Tyra": "MARTHA",
  "Earnest": "ROBERT",
  "Avalon": "MEGAN",
  "Geraldine": "BRIAN",
  "Addyson": "DENNIS",
  "Daisy": "DENNIS",
  "Ernestine": "Raplh",
  "Sadie": "LAWRENCE",
  "Bertrand": "CHESTNUT",
  "Gwendoline": "",
  "Monty": "GRYVER",
  "McKenna": "KEM",
  "Shane": "ELIZABETH",
  "Ursula": "LARRY",
  "Lola": "JOANN",
  "Whitney": "STANLEY",
  "Gresham": "RAYANNIC",
  "Epiphany": "SANDY",
  "Marianna": "MICHAEL’S",
  "Nelda": "",
  "Merit": "BENJAMIN",
  "Ethelyn": "Barker",
  "Rudyard": "LORI",
  "Ami": "JEFFREY",
  "Ashley": "MICHAEL",
  "Honour": "ZAVESKY",
  "Nylah": "REEDY",
  "Devyn": "SR",
  "Jodie": "DAVID",
  "Earnestine": "MARY",
  "Zaria": "MACKENZIE",
  "Athelstan": "APPLEGATE",
  "Roddy": "MATTHEW",
  "Jen": "RICHARD",
  "Gloriana": "KATHLEEN",
  "Malcolm": "THOMAS",
  "Christina": "BOYLES",
  "Clematis": "GABRIEL",
  "Davy": "DONNA",
  "Ashlie": "DONNA",
  "Kimberleigh": "Simpson",
  "Rosaline": "ROBERT",
  "Rosamund": "ISABELLE",
  "Sylvester": "JAMES",
  "King": "WALTER",
  "Betony": "Massimino",
  "Posie": "DOROTHY",
  "Karlene": "JOSEPH",
  "Dave": "FERRELL",
  "Eryn": "JEAN",
  "Suz": "",
  "Duke": "DAVID",
  "Minnie": "SHARAE",
  "Benton": "EDWARD",
  "Davena": "ASFE",
  "Nolan": "JEAN",
  "Alvina": "MARK",
  "Larrie": "GREGORY",
  "Ingram": "JAMES",
  "Geoffrey": "ELIZABETH",
  "Pamella": "ALISA",
  "Calla": "MILLER",
  "Georgie": "AHKIM",
  "Tobin": "TAIQUAN",
  "Kelleigh": "JR",
  "Bowen": "MICHAEL’S",
  "Foster": "BRUCE",
  "Judi": "",
  "Salena": "DAY",
  "": "F",
  "Trista": "MICHAEL",
  "August": "BRENDAN",
  "Kathie": "BRENDAN",
  "Janetta": "BLAIR",
  "Alayah": "LARUE",
  "Pierce": "GEORGE",
  "Joetta": "RON",
  "Bridger": "MICHAEL",
  "Heaven": "DOMINIC",
  "Harding": "",
  "Edgar": "",
  "Isbel": "JOSEPH",
  "Nicky": "MARTIN",
  "Grayson": "JOHN",
  "Becci": "MILAN",
  "Peace": "MICHAEL",
  "Eleanore": "CRYSTAL",
  "Morley": "MICHAEL",
  "Primula": "LAMONT",
  "Zula": "JR.",
  "Suzanna": "DAVID",
  "Viviette": "JOHN",
  "Jazmine": "TODD",
  "Lenny": "LOUIS",
  "Polly": "MATTHEW",
  "Knox": "ALBERT",
  "Frankie": "DAVID",
  "Esmae": "LAWRENCE",
  "Sacheverell": "LAWRENCE",
  "Lorn": "WEBER",
  "Adamina": "JOSEPH",
  "Robert": "JAMES",
  "Morton": "LINDA",
  "Lyndsay": "SARA",
  "Carley": "ARTHUR",
  "Kaylyn": "BEATRIZ",
  "Adam": "RICHARD",
  "Mandi": "STEVEN",
  "Daxton": "DONALD",
  "Merry": "JENNIFER",
  "Devin": "DIEGO",
  "Suzanne": "JARRETT",
  "Esmond": "Peter",
  "Freda": "ELECTA",
  "Lulu": "LAURIE",
  "Odin": "JEFFERY",
  "Deidre": "DAVID",
  "Stevie": "EILEEN",
  "Theresa": "SHANAY",
  "Tessa": "/HACE",
  "Ilene": "ANTHONY",
  "Ashtyn": "FRANCES",
  "Berniece": "HILL",
  "Wilfreda": "BJOURN",
  "Alyse": "MICHAEL",
  "Jorja": "FRANK",
  "Elmo": "DONNIE",
  "Montague": "BRYAN",
  "Jaimie": "CANNON",
  "Hellen": "SUSAN",
  "Frieda": "JESSIAH",
  "Denver": "BABOOLALL",
  "Tarah": "COYNE",
  "Don": "LAURYN",
  "Finnley": "JR.",
  "Clarette": "TORRE",
  "Robyn": "DAVID",
  "Tamara": "JENNIFER",
  "Nigel": "ELECTA",
  "Shanae": "FRANK",
  "Anabella": "JESSICA",
  "Melville": "JESSICA",
  "Jasper": "ORISAN",
  "Allegra": "TRACI",
  "Royle": "GAY",
  "Elodie": "VARGAS",
  "Elfleda": "JR.",
  "Kaydence": "RONALD",
  "Serina": "DAVIS",
  "Eden": "WILLIAM",
  "Margie": "",
  "Sylvanus": "VALENCIA",
  "Leesa": "KELIHER",
  "Hollie": "SUZETTE",
  "Desirae": "SUSAN",
  "Jared": "JOHN",
  "Grant": "TODD",
  "Lavonne": "ADAM",
  "Fox": "ADAM",
  "Inigo": "SHALLINE",
  "Prince": "",
  "Ralf": "RICHARD",
  "Darin": "MICHAEL",
  "Magdalen": "JAMES",
  "Wesley": "R",
  "Wardell": "A",
  "Gaz": "BANKS",
  "Jayma": "FRANK",
  "Denis": "WALTER",
  "Alison": "SUSAN",
  "Rylan": "KATE",
  "Deforest": "DALE",
  "Dorine": "FRANK",
  "Kiarra": "ANDREW",
  "Demelza": "BARBARA",
  "Ramona": "Louis",
  "Meadow": "NAZARCHUK",
  "Staci": "JONES",
  "Christal": "ROBERT",
  "Jamey": "STEPHEN",
  "Otto": "SHEILA",
  "Kashton": "THOMAS",
  "Shae": "ADENIYI",
  "Norbert": "FORGIONE",
  "Nikole": "BORIS",
  "Laverne": "KIMBERLY",
  "Stacy": "ET AL ATIMA",
  "Amyas": "JENNIFER",
  "Clair": "MATTHEW",
  "Deitra": "KEITH",
  "Kelsie": "MARTIN",
  "Teresa": "",
  "Dylan": "ANN",
  "Debi": "FRANK",
  "Tommie": "ROUSSE-INNISS",
  "Grosvenor": "BILL",
  "Alf": "BRENDAN",
  "Alden": "MOYER",
  "Jessi": "",
  "Paulette": "ROSENCRANCE",
  "Ryder": "BRIAN",
  "Emory": "BERRY",
  "Maverick": "RACHEL",
  "Barret": "RICHARD",
  "Shanelle": "ELECTA",
  "Kaleb": "GARDNER",
  "Sheree": "GAY",
  "Valerie": "BLAIR",
  "Aria": "",
  "Vern": "EBLE",
  "Gina": "JOEL",
  "Monte": "SHAUN",
  "Lorene": "TIMOTHY",
  "Remington": "JOSEPH",
  "Creighton": "GERALD",
  "Cheyanne": "BRYAN",
  "Jacklyn": "MICHAEL’S",
  "Deena": "PEREZHANEY",
  "Clarissa": "GERARD",
  "India": "JAMIE",
  "Roxie": "MICHAELS",
  "Stan": "ANN",
  "Marje": "JOSEPH",
  "Sandra": "TINA",
  "Yorick": "",
  "Balfour": "DONALD",
  "Alanis": "INA",
  "Avice": "WILLIAM",
  "Azaria": "MICHAEL’S",
  "Dominica": "TIMOTHY",
  "Baldric": "ROBERT",
  "Tennyson": "MICHAEL’S",
  "Katherine": "LUBINSKI,",
  "Godfrey": "",
  "Liza": "B",
  "Esm": "ALBERT",
  "Breana": "JAMES",
  "Lisette": "",
  "Justina": "GERALD",
  "Colson": "CAROLINA",
  "Sherill": "WALTER",
  "Sampson": "COLUCCIO",
  "Candice": "DAVID",
  "Demetria": "JOSEPH",
  "Boyce": "MICHAEL’S",
  "Fannie": "NICHOLAS",
  "Jase": "SNOWDON",
  "Renie": "JESSIAH",
  "Dion": "JUSTIN",
  "Miracle": "MATTHEW",
  "Jayne": "MICHAEL",
  "Shaye": "BRIAN",
  "Tina": "MICHAEL",
  "Chelsea": "LARRY",
  "Krysten": "MARY",
  "Rafe": "ROBERT",
  "Chris": "LEWIS",
  "Cornelius": "FRANK",
  "Merv": "MICHAEL",
  "Irvine": "ANN",
  "Susan": "MICHAEL",
  "Kylan": "JENNIFER",
  "Kennedy": "BRYAN",
  "Aidan": "GEORGE",
  "Josephina": "SHARON",
  "Johnathon": "JANICE",
  "Madelina": "Surgener",
  "Jarred": "JOHN",
  "Tetty": "MICHAEL’S",
  "Marlene": "",
  "Anselm": "",
  "Addison": "JOHN",
  "Sylvia": "KEVIN",
  "Harriet": "RICHARD",
  "Derby": "JENNIFER",
  "Roberta": "",
  "Eugenia": "ROBERT",
  "Regana": "WALTER",
  "Teri": "MATTHEW",
  "Charisma": "",
  "Kody": "WALTER",
  "Kacie": "JR",
  "Mariel": "MORRISSEY",
  "Ellis": "W",
  "Tahlia": "HARRY",
  "Graeme": "DERK",
  "Adair": "Millicent",
  "Hilary": "JOHN",
  "Washington": "Guylene",
  "Rosamond": "WICHITE",
  "Beatrice": "GERALD",
  "Bobbie": "BLANCA",
  "Gilbert": "JACK",
  "Farrell": "RUTH",
  "Kara": "DAVID",
  "Trudie": "JASON",
  "Shannah": "RYAN",
  "Evangeline": "RYAN",
  "Joanne": "",
  "Ansley": "ANGEL",
  "Brandy": "JOHN",
  "Tottie": "ROY",
  "Windsor": "ZWEIGLE",
  "Lyda": "BRADISH",
  "Brittania": "RICHARDS",
  "Myrtle": "FRANK",
  "Femie": "CASHMARK",
  "Stephen": "DENNIS",
  "Sara": "OPTIMUM",
  "Dale": "",
  "Shaelyn": "MARY",
  "Tristram": "BRUCE",
  "Bridget": "JAMES",
  "Tiffani": "FRANK",
  "Tylar": "DAVID",
  "Gloria": "DANA",
  "Lavina": "MARIA",
  "Auberon": "MADOLYNE",
  "Jillian": "",
  "Nona": "BUTERA",
  "Alec": "SALVATORE",
  "Skyla": "JOSEPH",
  "Kenrick": "STEVEN",
  "Mel": "Lynah",
  "Rube": "MICHAEL’S",
  "Chanelle": "MICHAEL’S",
  "Luella": "THOMAS",
  "Wil": "DI",
  "Eddy": "SIMONI",
  "Tyron": "HARRINGTON",
  "Aura": "RONALD",
  "Marilou": "ANDREW",
  "Kenyon": "VALLE",
  "Kayleah": "THOMAS",
  "Emilia": "JOHN",
  "Nena": "JOSEPH",
  "Ridge": "LAWRENCE",
  "Kairo": "JENNIFER",
  "Peers": "GERALD",
  "Briscoe": "RICHARD",
  "Phyliss": "CELLA",
  "Seraphina": "RUSSELL",
  "Chelsey": "KAVELLARI",
  "Chip": "TOMASI",
  "Zowie": "GARY",
  "Gordon": "GARCIA",
  "Lucile": "HUNTING",
  "Darwin": "DONALD",
  "Edie": "DAVID",
  "Issy": "LINDA",
  "Austen": "GENEVIEVE",
  "Todd": "",
  "Frannie": "JOHN",
  "Garey": "MICHAEL’S",
  "Charli": "COLLINS",
  "Junior": "MARIE",
  "Quin": "MARIE",
  "Denzel": "LAWRENCE",
  "Cohen": "KEVIN",
  "Chadwick": "KEVIN",
  "Ever": "MARIS",
  "Ros": "KORONA",
  "Conrad": "ALAN",
  "Retha": "JOSEPH",
  "Nixon": "MARIE",
  "Westley": "MICHAELS",
  "Shelly": "JORDAN",
  "Britney": "JIM",
  "Alpha": "JENNIFER",
  "Gyles": "DAVID",
  "Raven": "A",
  "Fawn": "BELLAMY",
  "Layla": "EDMUND",
  "Jocelin": "Sabastien",
  "Isabel": "TRIEBENBACH",
  "Dwight": "VERONICA",
  "Elyse": "",
  "Zella": "",
  "Daria": "JOSEPH",
  "Joe": "KEARNEY",
  "Jody": "",
  "Shanene": "SHUPP",
  "Ace": "MICHAEL",
  "Ricky": "",
  "St": "JOSEPH",
  "Reene": "STEVEN",
  "Elijah": "BARBARA",
  "Matthew": "",
  "Avis": "ROBERT",
  "Nyah": "LONG",
  "Janele": "VAN",
  "Tess": "LOUVENDER",
  "Caleb": "ROBERT",
  "Kyla": "",
  "Destiny": "ROBERT",
  "Fern": "GARY",
  "Coral": "JOSEPH",
  "Ulysses": "DAVID",
  "Evan": "MYRIE",
  "Jaden": "ELIZABETH",
  "Anderson": "JASON",
  "Jacob": "",
  "Nanny": "Morgan",
  "Tiara": "JAMES",
  "Merilyn": "MICHAELS",
  "Joel": "JOHN",
  "Maddie": "SMITH",
  "Deloris": "GAYE",
  "London": "SHEILA",
  "Finley": "JEFFREY",
  "Vere": "DANIEL",
  "Chantelle": "BRUNO",
  "Bennie": "&",
  "Delmar": "GREGORY",
  "Audrea": "ORLANDO",
  "Amos": "SHAUN",
  "Renae": "SWARTWOOD",
  "Kevyn": "VIRGINIA",
  "Jezza": "MILAN",
  "Daley": "JAMES",
  "Jed": "GARDNER",
  "Sean": "BETTE",
  "Iola": "ELIZABETH",
  "Hugo": "FERGUSON",
  "Trevelyan": "",
  "Lorelle": "SHEILA",
  "Loretta": "ASHFORD",
  "Daniel": "BERNARD",
  "Jackalyn": "ROBERT",
  "Daniela": "SCARAMASTRO",
  "Benjy": "MICHAEL",
  "Roosevelt": "THOMAS",
  "Tracy": "TRAVISM",
  "Hadyn": "PISZAK",
  "Quintin": "J",
  "Shirlee": "WALTER",
  "Jaylyn": "JOHN",
  "Shad": "MICHAEL",
  "Ernest": "NARDONE",
  "Oneida": "DI",
  "Rosemarie": "BIASI",
  "Patience": "MICHAEL",
  "Lennie": "ROY",
  "Ella": "ROBERT",
  "Alea": "ELWIN",
  "Odelia": "TINA",
  "Kerri": "ERIN",
  "Leroi": "KEVIN",
  "Tamsen": "MICHAEL’S",
  "Laurel": "Fhekinah",
  "Marty": "Trinidad",
  "Vicki": "RYAN",
  "Oscar": "SHEILA",
  "Carlisa": "VITO",
  "Shelagh": "DIBIASI",
  "Marci": "LAWRENCE",
  "Emery": "DONALD",
  "Stephany": "GONZALEZ",
  "Angelle": "RUTH",
  "Cheryl": "WELCH",
  "Davie": "MICHAEL",
  "Pollie": "JAMES",
  "Melany": "MICHAELS",
  "Lyndi": "CINDY",
  "Jayson": "MARSHALL",
  "Corey": "BRENDA",
  "Drogo": "BRENDA",
  "Bonnie": "",
  "Wright": "",
  "Chloe": "ELIZABETH",
  "Micheal": "JOHN",
  "Humphrey": "",
  "Myron": "WILLIAMS",
  "Tatton": "ST.",
  "Savanna": "MICHAEL,S",
  "Tanzi": "BRIAN",
  "Carol": "KENNETH",
  "Aldous": "TODD",
  "Russ": "MARTIN",
  "Conor": "ROBERT",
  "Clarity": "KARECA",
  "Jayden": "MALE",
  "Olivia": "JOANN S",
  "Johnathan": "TAVRIZYAN",
  "Becca": "WALSH",
  "Eben": "WINTERS",
  "Lavern": "Louis",
  "Angus": "SHAUN",
  "Ashton": "LAIDACKER",
  "Izzy": "JAMES",
  "Mervyn": "OLGA",
  "Callan": "",
  "Dreda": "WILLIAM",
  "Raine": "DENISE",
  "Charissa": "MARY",
  "Roscoe": "FRED",
  "Danette": "MATTHEW",
  "Aaron": "BRUCE",
  "Warwick": "ROBERT",
  "Sheelagh": "MUSTO",
  "Deeann": "MUSTO",
  "Magdalena": "FRANK",
  "Paget": "",
  "Kynaston": "JACQUES",
  "Elliot": "",
  "Milburn": "FORTNEY",
  "Otis": "BRAIN",
  "Rosy": "DONALD",
  "Gideon": "HONOR",
  "Kacey": "GEORGETTI",
  "Ciera": "DWAYNE",
  "Madge": "MARK",
  "Bernadine": "PAMELLA",
  "Stewart": "MICHAEL",
  "Carmel": "ST.",
  "Rikki": "JOSEPH",
  "Emmaline": "ROBERT",
  "Mack": "NOTO",
  "Alysha": "MARK",
  "Jonny": "MICHAEL",
  "Dene": "GIANBRA",
  "Malone": "",
  "Chalice": "MCCLARY",
  "Clarinda": "ROBERT",
  "Dunstan": "GERARD",
  "Rod": "MANBECK",
  "Noreen": "MARIE",
  "Sherrie": "JOHN",
  "Heidi": "",
  "Erika": "RUTH",
  "Jennifer": "BARBARA",
  "Cory": "RONALD",
  "Arlene": "EDWARD",
  "Coleman": "VOLCY",
  "Glenda": "RAYMOND",
  "Harry": "",
  "Humphry": "ANDREW",
  "Amethyst": "MARK",
  "Shaylyn": "SHAUN",
  "Curt": "RENDINA",
  "Cree": "ALLESANDR",
  "Matilda": "GILGALLON",
  "Samson": "MICHAEL’S",
  "Rudy": "BATNATANEL",
  "Luvenia": "ROBERT",
  "Petrina": "BETH",
  "Babette": "JEFFREY",
  "Karyn": "GERALD",
  "Kaya": "DIANE",
  "Royalty": "DONALD",
  "Shelley": "",
  "Eldred": "HUNTER",
  "Yvette": "",
  "Gene": "SCOTT",
  "Nola": "LAWRENCE",
  "Gary": "",
  "Trixie": "",
  "Siena": "JOHN",
  "Daphne": "DAVID",
  "Francis": "JACK",
  "Flannery": "DAVID",
  "Tucker": "ROBERT",
  "Melva": "III",
  "Sabryna": "",
  "Macaulay": "MICHAEL’S",
  "Juliana": "JR",
  "Franklin": "MARTIN",
  "Lexi": "",
  "Jacki": "ELIZABETH",
  "Lindsie": "ALIDA",
  "Royal": "SAMANTHA",
  "Karrie": "DANIEL",
  "Josiah": "MICHAEL’S",
  "Elle": "JEFFREY",
  "Jeannette": "FRANK",
  "Cecil": "DONNA",
  "Alvena": "JEROME",
  "Jerome": "DONALD",
  "Willow": "DAWN",
  "Cass": "ANDERSON",
  "Dederick": "VITO",
  "Adrianne": "N",
  "Hamilton": "SMITH",
  "Randy": "",
  "Albert": "ROBERT",
  "Ry": "CASSANDRA",
  "Lorri": "CARLOS",
  "Robena": "MILLS",
  "Patsy": "GERARD",
  "Kiley": "GRIFF",
  "Katie": "GERARD",
  "Samuel": "",
  "Gaila": "",
  "Linette": "Pearl",
  "Keith": "BRIAN",
  "Shonda": "",
  "Candida": "ELIZABETH",
  "Joline": "WOHR",
  "Pearl": "STEPHEN",
  "Lou": "LYNNE",
  "Loyd": "JAMISON",
  "Kortney": "",
  "Marlowe": "KENNETH",
  "Unity": "RONALD",
  "Marianne": "MICHAELS",
  "Diane": "MARIA",
  "Ryan": "LAURA",
  "Gabriella": "LARRY",
  "Brand": "LOGAN",
  "Conner": "JR.",
  "Moreen": "ELIZABETH",
  "Tanner": "LISA",
  "Bryony": "JOHN",
  "September": "DAVID",
  "Queenie": "GARY",
  "Bettye": "SARAH",
  "James": "ELEAZER",
  "Anton": "DAVID",
  "Eliott": "WALTER",
  "Helen": "Paul",
  "Greer": "O",
  "Dannie": "PATRICK",
  "Malachi": "SOTO",
  "Kym": "JOE",
  "Zoie": "GERALD",
  "Azura": "",
  "Gavin": "BALTRUSAITIS",
  "Betty": "BRUCE",
  "Gladys": "MELADIE K",
  "Midge": "PATRICK",
  "Bryant": "WILLIAM",
  "Nat": "MICHELLE",
  "Ethel": "ROY",
  "Madilynn": "ARNOLD",
  "Kiki": "TIMOTHY",
  "Kingsley": "DAVID",
  "Jacquelyn": "SAMUEL",
  "Byron": "GUY",
  "Linnaea": "STEVE",
  "Clover": "DAVID",
  "Rena": "TAFFERA",
  "Marinda": "BLACK",
  "Meridith": "HALLAS",
  "Ron": "GERARD",
  "Janie": "FRANCIS",
  "Derryl": "Lim",
  "Madison": "STEFANIE M",
  "Donovan": "LARRY",
  "Braelyn": "GERARD",
  "Baylee": "BRIAN",
  "Rafferty": "NAIQUAJHA",
  "Lalia": "WINDERBAUM",
  "Drake": "STACY",
  "Opal": "GEORGE",
  "Barb": "FORTNEY",
  "Bea": "MARK",
  "Charleen": "ELIZABETH",
  "Levi": "MICHAELS",
  "Dolly": "TOM",
  "Calleigh": "MESKEY",
  "Milo": "BIASSO",
  "Elouise": "RENNICKS",
  "Sherlyn": "WILLIAM",
  "Blanche": "TANYA",
  "Kelvin": "",
  "Lorin": "THOMAS",
  "Priscilla": "",
  "Kaylani": "",
  "Irma": "BURNETT",
  "Ally": "L.",
  "Seth": "L",
  "Sharalyn": "L",
  "Tatiana": "GREGORY",
  "Monna": "WILLIAMS",
  "Sheri": "",
  "Petunia": "ALICE",
  "Rosalie": "DWIGHT",
  "Hester": "M",
  "Delores": "MUNDY",
  "Gregory": "FISHER",
  "Lallie": "OLYWN",
  "Brandee": "BALL",
  "Anima": "LARRY",
  "Zachary": "GRANDE",
  "Kaitlin": "GRANDE",
  "Kassia": "S",
  "Annabeth": "",
  "Maxwell": "ORTIZ",
  "Laryn": "PICILLO",
  "Katey": "NATALIE",
  "Lockie": "CUCURA",
  "Chace": "KEEGER",
  "Nan": "WILLIAM",
  "Russel": "",
  "Earlene": "JOAN",
  "Cyan": "FRANK",
  "Selby": "FRANK",
  "Lilah": "KAREN",
  "Jamison": "WILLIAM",
  "Jacqueline": "JR",
  "Braidy": "STEVEN",
  "Bronwyn": "JAMES",
  "Millie": "DIMMICK",
  "Amaya": "LARRYS",
  "Delphia": "STEPHEN",
  "Toby": "LAWRENCE",
  "Brody": "CDC ETAL ATIMA",
  "Red": "JANET",
  "Roni": "",
  "Beaumont": "VANAUKEN",
  "Howard": "DONALD",
  "Brett": "MICHAEL’S",
  "Constant": "COLBERT",
  "Bart": "PERLANECH",
  "June": "ROBINSON",
  "Caroline": "JOYCE",
  "Mimi": "BLANCA",
  "Edmund": "MICHAEL",
  "Miles": "MICHAEL",
  "Stephania": "MARY",
  "Herbie": "JAMES",
  "Clemence": "Maldonado",
  "Raegan": "WILLIAM",
  "Earle": "KIM",
  "Estella": "JOHN",
  "Ireland": "ELIZABETH",
  "Hervey": "LAURA",
  "Frederica": "CONTALIS",
  "Leona": "COLEMAN",
  "Jude": "SIMKO",
  "Gisselle": "KENNETH",
  "Trudy": "LARRY",
  "Asia": "RUKHSAR",
  "Evie": "ROY",
  "Pamela": "THOMAS",
  "Tibby": "BARRETT",
  "Gretchen": "ROBY",
  "Michael": "HERNANDEZ",
  "Cherette": "ELISANDRA",
  "Jonette": "ROBERT",
  "Belle": "MICHAEL",
  "Lynwood": "GERALD",
  "Gerald": "RICHARD",
  "Pip": "MICHAEL",
  "Ness": "Michael",
  "Belinda": "TRAKES",
  "Kaycee": "ALI",
  "Bertram": "MARY A",
  "Deb": "WILLIAM",
  "Delbert": "SHEILA",
  "Tayler": "MICHAEL",
  "Jayna": "GARY",
  "Averie": "",
  "Walker": "JEFFREY",
  "Melba": "SHIRLEY",
  "Kimberlee": "GARY",
  "Lorelei": "",
  "Verity": "JASON",
  "Giffard": "MARK",
  "Lorainne": "JOSE",
  "Mabelle": "",
  "Deanna": "JOSEPH",
  "Lucy": "DENNEY",
  "Liddy": "",
  "Hazel": "MICHAEL",
  "Gena": "ROGER",
  "Pam": "MARIE",
  "Annmarie": "JOSEPH",
  "Cindy": "JANET",
  "Birdie": "GARRAHAN",
  "Kent": "ELIZABETH",
  "Lexie": "DONALD",
  "Inez": "GERALD",
  "Randal": "RENEE",
  "Lucille": "MARIE",
  "Inc Index": "        ST. MICHAEL’S SCHOOL FOR BOYS                                                                                             \r",
  "Tallulah": "KELLY",
  "Wat": "JOSEPH",
  "Lara": "DAVID",
  "Cayley": "DONAVAN",
  "Kimber": "EDNA",
  "Clifford": "LARRY",
  "Guy": "AMBRUTIS",
  "Nicole": "FLORENCE",
  "Jessamine": "LIONEL",
  "Rodney": "OPSHINSKY",
  "Lewis": "THOMAS",
  "Xavier": "ELLSWORTH",
  "Zoe": "WILLIAM",
  "Hubert": "BETH",
  "Satchel": "ALLEN",
  "Philip": "OLGA",
  "Zoey": "GERARD",
  "Mckayla": "ELIZABETH",
  "Kassidy": "ASH",
  "Yasmine": "STEPHEN",
  "Galen": "MACKIE",
  "Kayly": "ELIZABETH",
  "Alexina": "ADAMS",
  "e": "MARILYN",
  "Alisya": "MARIE",
  "Radclyffe": "",
  "Flossie": "CASSANDRA",
  "Maisie": "PNINAH",
  "Mindy": "DIMMICK",
  "Natalia": "KIM",
  "Maud": "KIM",
  "Jarvis": "DREW",
  "Kristia": "KNIGHT",
  "Kamden": "MIELE",
  "Delano": "KRICENAK",
  "Cairo": "MULLEN",
  "Elea": "CHARLES",
  "Brooks": "KELLER",
  "Reginald": "EDWARD",
  "Brandon": "BRIAN",
  "Crispin": "SHIRLEY",
  "Bryce": "FORTNEY",
  "Mason": "SHAWN",
  "Connell": "",
  "Lisa": "MICHAEL’S",
  "Teddie": "LAWRENCE",
  "Herman": "BUNCICH",
  "Montana": "JEAN",
  "Cori": "RUNDELL",
  "Russell": "",
  "Bowie": "PARADIS",
  "Kaylynn": "LAWRENCE",
  "Margaret": "SAMANTHA",
  "Upton": "ROSEMARY",
  "Lynne": "MARK",
  "Marnie": "ZAHONIC",
  "Trecia": "",
  "Muriel": "ROBERT",
  "Adalyn": "MELISSA",
  "Ermintrude": "JOSEPH",
  "Jinny": "ROWLANDS",
  "Juliet": "COOLBAUGH",
  "Kingston": "LAURI",
  "Val": "SHIRLEY",
  "Bob": "",
  "Sid": "MICHAEL",
  "Timothy": "LAWRENCE",
  "Emmalyn": "MICHAEL",
  "Shirley": "SAMANTHA",
  "Candy": "MICHAEL",
  "Read": "BARBINI",
  "Milani": "",
  "Joslyn": "BRIAN",
  "Suzy": "VIRGINIA",
  "Buffy": "LAWRENCE",
  "Elihu": "MCLAUGHLIN",
  "Brian": "WHITE",
  "Fae": "DENNIS",
  "Joyce": "KORONA",
  "Thankful": "MARLA",
  "Keegan": "ROBERT",
  "Duff": "GUNNAR",
  "Eliana": "GUNNAR",
  "Talon": "GUNNAR",
  "Harlow": "NORDBERG",
  "Eve": "",
  "Larissa": "JARED",
  "Dusty": "MARIA",
  "Imogen": "Lee",
  "Jessalyn": "MARIA",
  "Lilian": "REBECCA A",
  "Edytha": "ROBERT",
  "Andi": "HUGHES",
  "Vaughan": "MARIA",
  "Hepsie": "THOMAS",
  "Melissa": "NEPTUNE-GRANT",
  "Vincent": "BRYAN",
  "Teddy": "PRYOR",
  "Aubree": "",
  "Salem": "WAGNER",
  "Sorrel": "JONATHAN",
  "Sabrina": "MICHAEL’S",
  "Irwin": "",
  "Kian": "FELIX",
  "Pattie": "MICHAEL",
  "Doug": "JASON",
  "Jerrard": "DONALD",
  "Totty": "ST.",
  "Alene": "ROBERT",
  "Laci": "SIMPSON",
  "Sandie": "STUART",
  "Eva": "BAUER",
  "Lucian": "DOUGAL",
  "Bee": "DOE,",
  "Alaya": "ROBERT",
  "Kaden": "SCOTT",
  "Tony": "MARIAN",
  "Marshal": "TORALDO",
  "Emmanuel": "ADAM",
  "Trix": "JOSEPH",
  "Isebella": "ENGLES",
  "Zayne": "Alvania",
  "Theodore": "LUIZ",
  "Toni": "WHITE",
  "Andy": "",
  "Sparrow": "SONIA",
  "Gordie": "PRICE",
  "Jakki": "RYAN",
  "Haylee": "ELISANDRA",
  "Charla": "KOPA",
  "Serrena": "LONG",
  "Robina": "BIEN-AIME",
  "Lorena": "MIKKI",
  "Van": "MEYERS",
  "Garfield": "MICHAEL",
  "Bruce": "GRACE",
  "Janey": "KAHANIC"
}