{
  "09-16 PKG LR- Wright Ins (Catlin).xlsx": [
    "Indemnity Reserve",
    "Expense Reserve"
  ],
  "15-17 PKG_UMB_BAP_ELL LR valued 10.21.16.xlsx": [
    "Indemnity Reserve",
    "Expense Reserve"
  ],
  "16_17 PKG_MPKG - Loss Runs - Catlin_WRM (2015-2016).xlsx": [
    "Indemnity Reserve",
    "Expense Reserve"
  ],
  "2010-2013 PKG Loss Run.pdf.xlsx": [
    "Indemnity Reserve",
    "Expense Reserve"
  ],
  "260765966-2017-2018-liab-umb-prop-policies-wrm-loss-runs.xlsx": [
    "Indemnity Reserve",
    "Expense Reserve"
  ],
  "260765971-loss-run-wright-bap-pkg-umb-edll-19-20-aso-4-14-20.xlsx": [
    "Indemnity Reserve",
    "Expense Reserve"
  ],
  "260765976-loss-runs-f-wright-pkg-bap-edll-exce-7-1-18-20-aso-4-1-20.xlsx": [
    "Indemnity Reserve",
    "Expense Reserve"
  ],
  "260765981-loss-runs-f-wright-pkg-bap-edl-umb-7-1-18-19-aso-3-29-19.xlsx": [
    "Indemnity Reserve",
    "Expense Reserve"
  ],
  "260766012-wrm-loss-runs-pdf.xlsx": [
    "Indemnity Reserve",
    "Expense Reserve"
  ],
  "Loss Run BAP, PKG, EDLL, EXCE EDLL 18-19 aso 6.2.20 f_Wright.xlsx": [
    "Indemnity Reserve",
    "Expense Reserve"
  ],
  "wrm loss runs.pdf 2.xlsx": [
    "Indemnity Reserve",
    "Expense Reserve"
  ]
}