{
  "20170615 Claim Loss Run - Philadelphiar - Loss Run (2).xlsx": [],
  "20170615 Claim Loss Run - Philadelphiar - Loss Run 2.xlsx": [],
  "20170615 Claim Loss Run - Philadelphiar - Loss Run.xlsx": [],
  "260853712-evelyn-loss-runs.xlsx": [],
  "360 Youth- PHLY Loss Runs.xlsx": [],
  "customer loss detail report,..xlsx": [],
  "Easter Seals  PHila  2004-2011 2.xlsx": [],
  "Easter Seals  PHila  2004-2011.xlsx": [],
  "Heartshare Human Services acct 78941033  11-3-15.xlsx": [],
  "Loss Runs - PHLY - PKG & UMB - 2006-2014 - as of 5.10.16.xlsx": [],
  "New York Common Pantry  8-1-19.xlsx": []
}