{
  "Shawn": "Dirqtji",
  "Veterans Leadership Program of Western": "Inc Emerald",
  "FRANK": "Qwu",
  "MARY": "Fbzir",
  "SHARON": "Nnr",
  "TADARRYL": "Vadxsym",
  "THOMAS": "Slgkd",
  "DORIAN": "Axlaawf",
  "VETERANS LEADERSHIP PROGRAM OF WEST": "Inc Relief",
  "SHAWN": "Anirwdi",
  "Carmella": "Vmgq",
  "Veterans Leadership Program": "Inc Drip",
  "LAMIN": "Wobmni",
  "THOMAS MOONE,": "Mkvcdu",
  "Evelyn Douglin Center for Serving People": "Inc Club",
  "Pierre": "Lrspyo",
  "Edna": "Aunk",
  "JENNIFER": "Qtc",
  "IRIS": "Dwpitb",
  "RAUL": "Insmqi",
  "GERARD": "Tbimyg",
  "GREGORY": "Expphf",
  "DEMETRIUS": "Cvpivd",
  "Wambui": "Xojj",
  "VALERIE": "Sdrj",
  "Olha": "Jfbm",
  "Roseann": "Zhjugn",
  "PETER": "Cdwc",
  "ISLIM": "Mlhzopd",
  "JANET": "Bzm",
  "TOWANA": "Jqia",
  "ELIAS": "Wqsrh",
  "LORRAINE": "Kirap",
  "JOAN": "Asynbps",
  "JEMAINE": "Llck",
  "Joceline": "Sjmruf",
  "Evelyn Douglin Center for Children's": "Inc Rely",
  "Monique": "Uhyc",
  "SHALAY": "Zjo",
  "EVELYN DOUGLIN CENTER FOR SERVING P": "Inc Drip",
  "JOSEPHINE": "Tfbmr",
  "TANYA": "Uzfvzk",
  "IRWIN": "Rac",
  "ELLEN": "Wkc",
  "JERRY ST": "Cajqiv",
  "LUIS": "Ylgs",
  "ANNETTE": "Rdhggxs",
  "SHERYL": "Gqgcf",
  "WILLIAM": "Ojrcyo",
  "RALPH": "Pafmib",
  "BENJAMIN": "Bkb",
  "Jose": "Jylzr",
  "Kadiesha": "Rlq",
  "Kevon": "Ndb",
  "HENRY": "Zmbkqe",
  "Arturo": "Aeo",
  "Jamine": "Lxiypu",
  "Tamiko": "Cuvhxcz",
  "EFRAIM": "Urmjn",
  "DONNELL": "Xbz",
  "Eilleen": "Ankxcx",
  "Peter": "Dodgiss",
  "Leodan Ramirez": "Huzd",
  "Yora": "Qrdxkzw",
  "Vu": "Hjvnx",
  "Wednesday": "Mgy",
  "unk": "Kjsw",
  "Dawid": "Dxuur",
  "ANETA": "Vys",
  "BARBARA": "Anjd",
  "KESTER": "Kwin",
  "Julio": "Idbkg",
  "MUSSET": "Clvfp",
  "Jaime": "Zqv",
  "Zaire": "Oxdhauw",
  "EVELYN DOUGLIN CENTER FOR CHILDREN'": "Inc Smart",
  "Christopher": "Jow",
  "Francine": "Wupw",
  "TRAVIS": "Mwdzp",
  "SUBHANATI": "Vtbf",
  "CHRISTOPHER": "Pvatau",
  "Michael": "Sigx",
  "Brannon": "Sqvs",
  "Eugene": "Rpxwpp",
  "Peggy": "Jxfv",
  "Melissa": "Bfne",
  "Lucien": "Ksi",
  "Verion": "Ddwcvsu",
  "Jerry St.": "Okuuu",
  "MEAGAN": "Wqccoe",
  "Samuel": "Ghl",
  "Dennis": "Xmrazfr",
  "Maleek": "Ylckpus",
  "TRACY": "Ngrswe",
  "Yolanda": "Ynlei",
  "Ronald": "Mnhbwo",
  "Jacques": "Fasnkq",
  "Laura": "Ufiqf",
  "Janie": "Igp",
  "Eddie": "Bnmru",
  "Jerry": "Ikaq",
  "Unk": "Dnwo",
  "James": "Gyo",
  "Cathy": "Geu",
  "Iris": "Gds",
  "Richard": "Lgzvwnq",
  "Louis": "Shqxfih",
  "Luis": "Miiu",
  "DERRICK": "Rtbtmn",
  "Irwin": "Cfdgo",
  "Susan": "Oaz",
  "William": "Rxznji",
  "Derrick": "Cplkz",
  "Marsha": "Lzkjxdc",
  "Sherell": "Nffm",
  "Jamal": "Pzvk",
  "Levin": "Pugheqj",
  "Andrea": "Ekarbd",
  "Josephine": "Xgh",
  "Dion": "Uetiebm",
  "Maria": "Uomdkn",
  "Julian Sylvain, a": "Zcme",
  "New York": "Ldqg",
  "Anita": "Lqqw",
  "Vito": "Rsz",
  "John": "Qzprl",
  "Wendy": "Kjlfc",
  "Benjamin": "Rnlxqxa",
  "Kerryanne": "Puek",
  "Miguelina": "Mjodme",
  "TANISE": "Ctdet",
  "HAAKIM": "Qdyx",
  "CANEON": "Jsioa",
  "ADELINA": "Cwk",
  "ANITA": "Hihgab",
  "SUMEET": "Nmwz",
  "RUTH": "Qhstwv",
  "JANIE": "Stoz",
  "JOEL": "Egvx",
  "LAURA": "Cfebq",
  "TYRELL": "Yvex",
  "QUIDAR": "Ztdn",
  "HORACE": "Dshels",
  "Evelyn Douglin Center for Serving": "Inc Havoc",
  "HOWARD": "Ovyplz",
  "JAMES": "Tcozlta",
  "ERIC": "Mus",
  "NAOMI": "Qid",
  "ANTHONY": "Mzurni",
  "PEGGY": "Fvik",
  "GABRIEL": "Xrzpa",
  "FRITZ": "Norqqy",
  "EVANS": "Bexbx",
  "Efrain": "Wzi",
  "Josmo": "Olmtanw",
  "Pedro": "Xnz",
  "KEVIN": "Guq",
  "KENNETH": "Eewfgj",
  "MICHAEL": "Ykaqudp",
  "UNKN0WN": "Xrnqzko",
  "Joseph": "Qeb",
  "GANESH": "Jhn",
  "VINCENT": "Fjfdnn",
  "CRISTINA": "Emi",
  "MUHAMMED": "Vmu",
  "GEICO A/S/O ODETTA JACOBS AND TERRENCE": "Vxvukez",
  "JOHN": "Bizvsgs",
  "RANDALL": "Qbnr",
  "ERNEST": "Ibnn",
  "RENALDO": "Tgsfzp",
  "WILSON": "Ywwd",
  "JUAN": "Whz",
  "ALEXANDER": "Hyemaq",
  "TERRENCE": "Lmaxbf",
  "CAROL": "Rehg",
  "Terrance": "Lbzgw",
  "HAROLD": "Mljmyd",
  "GEORGINA": "Fhjliw",
  "EFRAIN": "Lvpo",
  "CLARISSA": "Nie",
  "ENRIQUE": "Xldfff",
  "GLENDA": "Fxk",
  "LYNETTE": "Htain",
  "FRANCES": "Nywv",
  "JANE": "Wegx",
  "NICHOLAS": "Zgmnb",
  "CONSTANCE": "Juucqv",
  "ROBIN": "Exjjnsu",
  "MANUEL": "Uck",
  "JIMMY": "Amezt",
  "ABC GLASS AND": "Gzw",
  "Elias": "Tnnztri",
  "Jasmine": "Fupq",
  "MAZOL": "Odaegsg",
  "MAHMUDUR": "Tsvfdi",
  "FRANKY": "Yvwsp",
  "JUANA": "Pfqwwc",
  "JOSEPH": "Hael",
  "EDWARD": "Axaabz",
  "MARVIN": "Pdfj",
  "Sadie": "Ycwjj",
  "MARCELINO": "Yvotg",
  "Paula": "Rcsikd",
  "360 Youth Services": "Inc Radiant",
  "TIMOTHY": "Lrbyuzp",
  "ELIZABETH": "Vqk",
  "Ashley": "Dpz",
  "NCO YOUTH & FAMILY SERVICES": "Inc Develop",
  "NATHAN": "Rigwob",
  "PHASE, INC": "Inc Enjoy",
  "LATOYIA": "Uvxklx",
  "P.H.A.S.E., INC": "Inc Place",
  "RHONDA": "Xlowmp",
  "LORALTY": "Pxwjv",
  "PATRICIA": "Shrrff",
  "EILEEN": "Ipr",
  "Chrystal": "Tgftgpc",
  "Larosa": "Rwrnnjc",
  "REMEDIES RENEWING LIVES": "Inc Place",
  "ADRIAN": "Kxmlw",
  "Remedies Renewing Lives": "Inc Adonis",
  "CATHY": "Arn",
  "Easter Seal Society of NJ": "Inc Electrifying",
  "NOREEN": "Uiufmr",
  "JOSEPHINA": "Ndluswo",
  "ALEKSANDR": "Vkozt",
  "WALTER": "Hrqhd",
  "BRIANA": "Wlbhn",
  "Lois": "Yigaspq",
  "Karen": "Rjy",
  "Elizabeth": "Seo",
  "Victoria": "Nhpaqpn",
  "MICHELLE": "Hugijfq",
  "KIBAEK": "Ecuohb",
  "LINDA": "Yaq",
  "BRIAN": "Bvqyt",
  "PHILLIP": "Scs",
  "THE COUNTY OF": "Ikc",
  "SANDRA": "Bnklh",
  "DAVID": "Vmqsa",
  "BRENDA": "Xhierg",
  "ROBERT": "Snmrv",
  "DENNIS": "Fuv",
  "SARABETH": "Qflcjx",
  "Cherie": "Jddp",
  "S.A. GLBI COMML PHYSICAL": "Ehpny",
  "L.A.": "Ezrj",
  "Neal": "Eyj",
  "DOMINIQUE": "Ttd",
  "EASTER SEAL SOCIETY OF NEW JERSEY": "Inc Bench",
  "SOPHIE": "Zbik",
  "JULIANNE": "Guofat",
  "LUCA": "Ljind",
  "RYAN": "Dhz",
  "JOSEFINA": "Aefhzy",
  "DANIEL": "Eragrth",
  "Hsian": "Rvp",
  "Bertha": "Qcodt",
  "THERESA": "Dusih",
  "Yosef": "Snbe",
  "Adam": "Ghkdcqo",
  "RICHARD": "Fvyzu",
  "Lucia": "Rord",
  "CALIPAH": "Nzrqz",
  "Chris": "Bfnhk",
  "CLIFFORD": "Bqhmnt",
  "CONLON": "Rejiiv",
  "RAWLINGS": "Fpih",
  "VALENTINE": "Nvg",
  "GRANT": "Ywfk",
  "TORYN": "Abfo",
  "ROSALBA": "Eyekgmo",
  "OSHA": "Hll",
  "STEVEN": "Mmnigcm",
  "Dawn": "Gtypwm",
  "SARAH": "Lwuhnat",
  "Aleksey": "Afznwup",
  "ROLAND": "Bqw",
  "Michele": "Taeloh",
  "MARILYN": "Spcuedg",
  "JEFFREY": "Hezcp",
  "Alice": "Dkghzaf",
  "NATASHA": "Mnz",
  "MIKE": "Vjf",
  "Natalie": "Pjk",
  "JEANNETTE": "Iacqnzq",
  "DONALD": "Prz",
  "MARIA": "Vrknh",
  "TINA": "Isg",
  "ISMAEL": "Sqqqdo",
  "Robert": "Ugxuajz",
  "Lynn": "Yyoczh",
  "David Lake GL PROPERTY DAMAGE ON COMBINED": "Getcdfo",
  "NATALIE": "Epu",
  "Easter Seals New Jersey, Inc.,": "Inc Ethereal",
  "ANDREW": "Rjdljp",
  "Steven": "Elox",
  "Tara": "Cqzqd",
  "CHRISTINE": "Kfrwtqv",
  "Mary": "Cfsqjsi",
  "SUSAN": "Jkfmqa",
  "ALLAN": "Qkk",
  "ANGELIC": "Wdq",
  "MARYANNE": "Igmynsh",
  "SAMUEL": "Rjkcst",
  "Dwight": "Jyp",
  "Rebecca": "Buv",
  "BILL": "Uxky",
  "RAJINDA": "Dwlsewo",
  "Ted": "Xfpb",
  "Jeffrey": "Algie",
  "TORRANCE": "Wduwhdy",
  "DENISE": "Akc",
  "Shanna": "Zjf",
  "LaSalle Bank National Association GL PROPERTY DAMAGE ON COMBINED": "Qkdeqbf",
  "EASTER SEALS NEW JERSEY, INC.,": "Inc Proof",
  "Lenore": "Irpmp",
  "Luciano": "Kxcy",
  "Jacquelin": "Owtax",
  "TAMMARA": "Dnqyu",
  "Irene": "Sykjvwb",
  "Renee": "Foylne",
  "LORONDA": "Jto",
  "Jorie": "Brrl",
  "u": "Qhzdu",
  "BETH": "Adfa",
  "Brian": "Gdudow",
  "Elferry": "Ikkb",
  "RAGHURAM": "Ebsqxi",
  "Aimee": "Xmsb",
  "EASTER SEALS NEW JERSEY, INC.": "Inc Rely",
  "paul": "Ozwj",
  "David": "Kuug",
  "Cindy": "Wehfz",
  "Deborah": "Koxy",
  "Advanced Gutter": "Wgxi",
  "INNA": "Fyw",
  "Bobbi": "Kpaekpn",
  "Randy": "Nugsvcm",
  "BARBARA ST.": "Jeidx",
  "Shauna": "Hmjlnr",
  "Brittany": "Kpb",
  "Catheria": "Ptptxp",
  "Carmen Correa": "Fdyu",
  "Nancy": "Lxdlfo",
  "RACHEL": "Keucusw",
  "BLACK RIVER & WESTERN": "Nrte",
  "Sean": "Rwxgr",
  "Sherry": "Myvx",
  "MARGARET": "Fuvnd",
  "Jeanine": "Htlp",
  "JACK": "Ujgz",
  "JOYCE": "Fsiyn",
  "Jody": "Mfes",
  "LUIZA": "Chn",
  "Jennifer": "Vnylyjz",
  "Kristin": "Rglnazh",
  "Eucharia": "Yonix",
  "Dyanne": "Akwlqiu",
  "Easter Seals New Jersey, Inc.": "Inc Design",
  "SAMEER": "Secz",
  " Carmen": "Hkfd",
  "KRISTEN": "Oic",
  "Khatija": "Hcpytje",
  "Shringika": "Rzfw",
  "DARIAN": "Gsyvbf",
  "Keith": "Vsbhrt",
  "Ellen": "Xepe",
  "Nicholas": "Pzumki",
  "Salvatore": "Urjolk",
  "Clifford": "Zmpaxdr",
  "Alton": "Nics",
  "Rui": "Loc",
  "Yousif": "Nljgoug",
  "DARRIN": "Jiilvk",
  "MARK": "Umuoky",
  "Marie": "Nnchfcj",
  "HEARTSHARE HUMAN SERVICES OF NEW YO": "Inc Customs",
  "Shana Caldwell": "Qyaois",
  "Christy": "Yxtmp",
  "Thaneekqua Adams": "Fszuxxy",
  "Crystal": "Fiaisi",
  "Dominick": "Aocun",
  "Sam": "Wzm",
  "ROSE": "Tpulpc",
  "JEAN": "Dtberhl",
  "Candice": "Szxo",
  "MOHINDER": "Nretym",
  "Jard": "Rvdo",
  "CLAUDE": "Mklahsv",
  "LAWRENCE": "Ivazul",
  "CONCETTA": "Uylrdry",
  "CLAUD": "Oxdoe",
  "Valerie": "Trrqs",
  "PHYLLIS": "Cng",
  "YU WAH": "Yjwv",
  "Paek Chong": "Tjm",
  "siamak tadeyon COMBINED": "Tieb",
  "SHIRLEY": "Vva",
  "EL PNTECSTL": "Qwur",
  "CATHERINE": "Udle",
  "DWIGHT": "Vkonglv",
  "Evelyn": "Ubtx",
  "ACME": "Zcw",
  "CAMILO": "Ecqqyjv",
  "DOREEN": "Gplfv",
  "Damion": "Lkznj",
  "WEI XIANG": "Iudcegf",
  "LUREATHA": "Qeu",
  "FRANCINE": "Tlqin",
  "Herb": "Ojjebpe",
  "JORGE": "Mvajy",
  "LIZETTE": "Cpg",
  "NATHANIEL": "Rvejsok",
  "Angelica": "Lhqvmpi",
  "Ariel": "Hsggoss",
  "djamila": "Pscszic",
  "Leonid": "Uabpy",
  "Bryant": "Ctwt",
  "Anthony": "Mnst",
  "Erica": "Rjyamql",
  "KADISHA": "Gxv",
  "Abdallah": "Tql",
  "Sumia": "Hrf",
  "JOSE": "Qnlzin",
  "EMIL": "Mucvx",
  "TREVOR": "Ofuakat",
  "ALI": "Tqkxfnj",
  "TRACEY": "Shfti",
  "PORFIRIO": "Aggq",
  "Michelle": "Asmzx",
  "Bhagyashree": "Qlt",
  "Annette": "Epik",
  "RAMONA": "Luajbjd",
  "Tim": "Vancppc",
  "Lizette": "Yvfbj",
  "Nathaniel": "Drcpukz",
  "Dimas": "Mzqred",
  "HEARTSHARE HUMAN SERVICES OF  NEW Y": "Inc Iron",
  "LURETHA": "Ajrluzx",
  "JASON": "Zyblktf",
  "Yehuda": "Hiv",
  "Artem": "Gnhwf",
  "DEBORAH": "Feyxn",
  "ELENA": "Zxmd",
  "Zedekiah": "Jcjmle",
  "Marin": "Wqiztk",
  "Aaron": "Aimmoaf",
  "Russell": "Svbynb",
  "ALIX": "Ghkiju",
  "Anil": "Knha",
  "LIZETTA": "Szk",
  "ISARDAT": "Mgc",
  "JOZEF": "Wdiv",
  "PAUL": "Insbmy",
  "Holy Angel Academy COMBINED": "Ckbkcj",
  "Treasure Island School COMBINED": "Qutntn",
  "Matt Tatdayon COMBINED": "Mcsjso",
  "Rumeo": "Hnug",
  "APRIL": "Yuzmv",
  "Yvette": "Ludwwg",
  "Slavadore": "Ngdqbfl",
  "ALEX": "Xdjdv",
  "Alphonso": "Lqqtpk",
  "Claudia": "Btuns",
  "Latonya": "Ieyv",
  "Orge": "Ibeoq",
  "Jite": "Fzusz",
  "Juan": "Qnt",
  "Arthur": "Ipv",
  "Kurt": "Twcuv",
  "Wade": "Vbcjis",
  "Joa": "Mqutxzy",
  "Keisha": "Akpbzyb",
  "Gregory": "Axzriq",
  " Anthony": "Qvqcw",
  "Rickey": "Urznwci",
  "Boa": "Svw",
  "Heartshare Human Services of  New Y": "Inc Accord",
  "GEWON": "Cav",
  "YITZCHOK": "Dsi",
  "SHANIYA": "Azztcim",
  "POLICE": "Qgfwcto",
  "Shemaiah": "Hkpirnr",
  "IRINA": "Utbv",
  "LARON": "Zytde",
  "Auto Tech": "Baxqflf",
  "A J": "Svrbo",
  "ZEDEKIA": "Hgn",
  "Ugonna": "Puxqgqg",
  "Cyris": "Tlqipm",
  "Cyris Jewels": "Nguqyhh",
  "JESSICA": "Tdox",
  " Caroline": "Iqbhr",
  "JUDY": "Nci",
  "RAULE": "Cml",
  "CHRISTINA": "Jvb",
  "LAUREN": "Suio",
  "YVONNE": "Ragbdn",
  "CABELLO": "Ceijg",
  "Heartshare Human Services of New Yo": "Inc Crash",
  "Best": "Suraju",
  "GLORIA": "Evh",
  "CHUL": "Lzxapyp",
  "MARC": "Iruhuh",
  "MARLENE": "Rau",
  "Juan Wie": "Mfyow",
  "Shonda": "Zfon",
  "ASHA": "Mxehqeh",
  "Sohaila": "Jzpr",
  "Jana Megan": "Oib",
  "Pauline": "Imgg",
  "Theresa": "Pbe",
  "Solomon": "Axypery",
  "Essance": "Xbmt",
  "Marcy": "Kivbaaj",
  "Shana": "Skef",
  "RUSSELL": "Uajyup",
  "Ayesha": "Obiy",
  "Chante": "Xkxekpw",
  "NARINE": "Bvrixee",
  "Chaya": "Vnpen",
  "NYPD": "Vapc",
  "Daniel Roldan and Eric": "Plrrpye",
  "Anyely": "Xyocctb",
  "NYC COMPTROLLER'S OFFICE ATTN: TAMIKA": "Nquvq",
  "Jeremiah": "Rfuei",
  "DWAYNE": "Ycz",
  "ARETHA": "Abp",
  "XINKUN": "Rzyzcix",
  "Theida": "Txpkj",
  "ALBERT": "Qwssqr",
  "Larry": "Wokimd",
  "Treasure": "Uplbve",
  "Kiana": "Izou",
  "DIEGO": "Oyfkkm",
  "IRVING": "Idfchsy",
  "Arcelay": "Iftwbko",
  "Toussaint": "Gef",
  "RONALD": "Osijc",
  "Nichelle": "Tolctpr",
  "Darren": "Wce",
  "SHIMON": "Hfgjq",
  "Abbigale": "Dhgvq",
  "Joan": "Mkvrkh",
  "Shaleek": "Abbwee",
  "Wendell": "Vvp",
  "Clarence": "Tmqqygj",
  "Hector": "Inzoj",
  "Imran": "Chxgvnm",
  "Allison": "Gfhwl",
  "ACCESS A": "Buvnxqj",
  "Elijah": "Gefue",
  "SILVIA": "Isfkxao",
  "Elaine": "Zvve",
  "Rina": "Tuu",
  "TED": "Pinqtmu",
  "Cesar": "Ycllksp",
  "MARQUIS": "Bwmx",
  "Jennifer Beltre": "Zqy",
  "CHARLES": "Xkzjc",
  "CON EDISON, COOPER": "Azynb",
  "JAVIER": "Xylw",
  "TRISHA": "Hmgu",
  "Luca": "Mvnv",
  "Ruth": "Crmo",
  "Said": "Xuz",
  "Jeremy": "Iktt",
  "MARIE": "Rjveyd",
  "MAHER": "Kouuvxt",
  "KEVON": "Ycuyzo",
  "Cean": "Dypm",
  "IKESHA": "Jxqghy",
  "Milagros": "Tmow",
  "Tiffany": "Uitgw",
  "LATOYA": "Chir",
  "CAREON": "Bdfu",
  "Serena": "Wiib",
  "CLARKE": "Ozjy",
  "EDUARD": "Wlozxad",
  "Tatiana": "Mwtphac",
  "Naomi": "Evge",
  "Sakesha": "Ixytvp",
  "Tawona": "Rmrackq",
  "OLYMPIC SEWER": "Glqnun",
  "Melana": "Qyiwuf",
  "Shanita": "Gyoxnpz",
  "Dannell": "Ykaiiso",
  "Jovan": "Wbl",
  "Eric": "Bxxp",
  "Georgina": "Anif",
  "Ella": "Lwvfz",
  "MIGUEL": "Mmtbni",
  "Lyubov": "Whnm",
  "Jaipersad": "Eeqtxgq",
  "rupert": "Qnrsr",
  "Dominique": "Yxzq",
  "Mark": "Bwzz",
  "Ofer": "Pxs",
  "Mei Lung": "Zlhbz",
  "simon": "Hzeq",
  "CLARENCE": "Kyxht",
  "Edward": "Xydf",
  "Donnell": "Bonfosi",
  "KHANDERKER": "Sayr",
  "Leiderman": "Ldmgp",
  "Coey": "Ccge",
  "Sheniqua": "Slzjznj",
  "Vincent": "Ude",
  "Jesse": "Nks",
  "Sung Ju": "Clxeknw",
  "JOVAN": "Llamhaq",
  "Robin": "Bhzcnv",
  "Constance": "Ojguif",
  "Antoine": "Qmmprkj",
  "Manuel": "Jnfzkxr",
  "Kenneth": "Zqmv",
  "Jolox": "Euruhu",
  "Rondell": "Rkykrw",
  "Gersende": "Tevbubl",
  "Patricia": "Ddf",
  "Jason": "Pnpfp",
  "Tysheen": "Apkyji",
  "Dan": "Nkzcr",
  "Jamil": "Qqrcdd",
  "Felix": "Qluv",
  "Rong": "Fwmt",
  "Patrick": "Zgf",
  "Christian": "Ozrc",
  "Debra": "Vgfif",
  "VICTOR": "Gcu",
  "STEPHEN": "Xwr",
  "LOUIS": "Czmuqdq",
  "Yorkville Common Pantry, Inc": "Inc Optimism",
  "Yorkville Common Pantry, Inc.": "Inc Beryl",
  "Shu-Mei": "Urkvhct",
  "ELENA ": "Klocs",
  "New York Common Pantry, Inc.": "Inc Rocket",
  "Sau Wah": "Bcjckk",
  "Mestousis ": "Nynbqo",
  "Isidiro": "Nyf",
  "Taisha": "Ivhxhch",
  "Taisha ": "Stagxmk",
  "Gerald": "Pblaxk",
  "JANET ": "Fpjg",
  "SANDRA ": "Vfg",
  "YOUNG ": "Lyz",
  "Edelmira ": "Iimbybt",
  "JASON ": "Mchhmcb",
  "Mark ": "Ftaxx"
}