{
  "Vnstzvl": "Shawn",
  "Actdq": "Shawn",
  "Inc Emerald": "Veterans Leadership Program of Western",
  "Nlugaa": "FRANK",
  "Ark": "FRANK",
  "Ekwtfv": "MARY",
  "Outi": "MARY",
  "Zcmftbj": "SHARON",
  "Znifdb": "SHARON",
  "Mhpqafi": "TADARRYL",
  "Nmz": "TADARRYL",
  "Mryimm": "THOMAS",
  "Ojwbs": "THOMAS",
  "Etkx": "DORIAN",
  "Bemjdgs": "DORIAN",
  "Inc Relief": "VETERANS LEADERSHIP PROGRAM OF WEST",
  "Qwnpk": "SHAWN",
  "Xbz": "MOORE",
  "Fauh": "Carmella",
  "Itbl": "Carmella",
  "Inc Drip": "EVELYN DOUGLIN CENTER FOR SERVING P",
  "Tjdjyra": "LAMIN",
  "Wlgooq": "LAMIN",
  "Sgco": "Shawn",
  "Tuehwi": "FRANK",
  "Sop": "MARY",
  "Xmfxwd": "SHARON",
  "Jquwkj": "TADARRYL",
  "Mmy": "THOMAS",
  "Xfmurco": "DORIAN",
  "Achze": "SHAWN",
  "Zjklhy": "Carmella",
  "Rgqh": "LAMIN",
  "Dirqtji": "Drummond",
  "Qwu": "CUSPARD",
  "Vowqa": "MARY",
  "Dwnblzh": "SHARON",
  "Vadxsym": "JONES",
  "Mkvcdu": "III",
  "Uvbeg": "THOMAS MOONE,",
  "Axlaawf": "PAGE",
  "Anirwdi": "DRUMMOND",
  "Vmgq": "MULLEN",
  "Wobmni": "SISAWO",
  "Inc Club": "Evelyn Douglin Center for Serving People",
  "Stcqfma": "Pierre",
  "Rqwyvr": "Pierre",
  "Ydz": "Edna",
  "Uqbxq": "Edna",
  "Moec": "Pierre",
  "Zms": "JENNIFER",
  "Quxi": "JENNIFER",
  "Ufzc": "IRIS",
  "Znl": "Taisha",
  "Onm": "RAUL",
  "Liupoky": "RAUL",
  "Rcsg": "RAUL",
  "Bodhci": "GERARD",
  "Qtwfr": "GERARD",
  "Xzgn": "GREGORY",
  "Okef": "GREGORY",
  "Wjikqdc": "DEMETRIUS",
  "Erpv": "DEMETRIUS",
  "Tpl": "DEMETRIUS",
  "Mrobcy": "Wambui",
  "Irzmns": "Wambui",
  "Jhumw": "VALERIE",
  "Bnd": "VALERIE",
  "Kvdb": "Olha",
  "Lbqeps": "Olha",
  "Rdgcnse": "Roseann",
  "Iue": "Roseann",
  "Gsssk": "PETER",
  "Okgdrr": "PETER",
  "Gkd": "RAUL",
  "Spbi": "ISLIM",
  "Ynnvk": "ISLIM",
  "Bmdotkh": "JANET",
  "Kjerev": "JANET",
  "Pzbmb": "TOWANA",
  "Yix": "TOWANA",
  "Qvs": "ELIAS",
  "Zgvih": "ELIAS",
  "Jqmyje": "ELIAS",
  "Tvx": "LORRAINE",
  "Cuyqmvd": "LORRAINE",
  "Pxicq": "LORRAINE",
  "Ubjw": "LORRAINE",
  "Dvdsg": "JOAN",
  "Pxbqmk": "JOAN",
  "Oklp": "JEMAINE",
  "Idmhglk": "JEMAINE",
  "Rxtf": "THOMAS",
  "Zyslcz": "Joceline",
  "Qqlipih": "Joceline",
  "Inc Rely": "Evelyn Douglin Center for Children's",
  "Xzgifik": "Monique",
  "Aph": "Monique",
  "Zesf": "SHALAY",
  "Jwnl": "SHALAY",
  "Vpo": "JOSEPHINE",
  "Ysiate": "JOSEPHINE",
  "Rdhvz": "TANYA",
  "Wecbif": "TANYA",
  "Qztq": "IRWIN",
  "Zthvdy": "IRWIN",
  "Oxyb": "ELLEN",
  "Jlkq": "ELLEN",
  "Jlyusg": "JERRY ST",
  "Xlbp": "JERRY ST",
  "Drkj": "LUIS",
  "Rhigev": "LUIS",
  "Zbcupja": "LUIS",
  "Paopzim": "JERRY ST",
  "Orvhqph": "ANNETTE",
  "Ucpdr": "ANNETTE",
  "Oenk": "ELLEN",
  "Ajaqwks": "IRWIN",
  "Icy": "SHERYL",
  "Heivact": "SHERYL",
  "Vhwub": "WILLIAM",
  "Aib": "WILLIAM",
  "Kvyyo": "RALPH",
  "Pmdz": "RALPH",
  "Bvvmpn": "RALPH",
  "Fvuhv": "BENJAMIN",
  "Gmbvi": "BENJAMIN",
  "Hdpupx": "BENJAMIN",
  "Uyczsp": "Jose",
  "Spa": "Jose",
  "Akein": "Jose",
  "Hfieb": "Kadiesha",
  "Juq": "Kadiesha",
  "Hkry": "Kevon",
  "Xztak": "Kevon",
  "Fxhwiaf": "HENRY",
  "Ugq": "HENRY",
  "Zqe": "Kevon",
  "Zreopfw": "Kadiesha",
  "Wfiuk": "HENRY",
  "Gamdw": "Arturo",
  "Udsanat": "Arturo",
  "Vvhtf": "Jamine",
  "Oxnlyw": "Jamine",
  "Ztwf": "Tamiko",
  "Ikiruqs": "Tamiko",
  "Acg": "EFRAIM",
  "Hhsisuk": "EFRAIM",
  "Zwh": "DONNELL",
  "Xga": "DONNELL",
  "Yoy": "Eilleen",
  "Fvmmjct": "Eilleen",
  "Wdsc": "Peter",
  "Liiasp": "Peter",
  "Xuq": "Leodan Ramirez",
  "Hjxuv": "Leodan Ramirez",
  "Didozsf": "Yora",
  "Ibxeonz": "Yora",
  "Cczp": "Vu",
  "Bqtex": "Vu",
  "Qznyc": "Wednesday",
  "Ocsrdp": "Wednesday",
  "Onujoj": "unk",
  "Cad": "unk",
  "Moyp": "unk",
  "Gbb": "Dawid",
  "Wkur": "Dawid",
  "Yzwegy": "ANETA",
  "Kgs": "ANETA",
  "Noi": "BARBARA",
  "Wymww": "BARBARA",
  "Kjjsbst": "KESTER",
  "Dhaup": "KESTER",
  "Sgdezyi": "Julio",
  "Six": "Julio",
  "Crjclio": "MUSSET",
  "Ukpwpn": "MUSSET",
  "Ftoo": "Jaime",
  "Bch": "Jaime",
  "Wukn": "unk",
  "Kjsw": "",
  "Lxpv": "Zaire",
  "Naqf": "Zaire",
  "Inc Smart": "EVELYN DOUGLIN CENTER FOR CHILDREN'",
  "Ezys": "DONNELL",
  "Mtfqxo": "Christopher",
  "Jxnev": "Christopher",
  "Jibfjby": "Francine",
  "Hot": "Francine",
  "Tuvpyx": "TRAVIS",
  "Uirypkf": "TRAVIS",
  "Ndwlgsh": "SUBHANATI",
  "Aidjt": "SUBHANATI",
  "Joaashf": "CHRISTOPHER",
  "Fjlacb": "CHRISTOPHER",
  "Nvxjj": "Michael",
  "Avjl": "Michael",
  "Vstf": "CHRISTOPHER",
  "Lmhqdqt": "Brannon",
  "Xpcq": "Brannon",
  "Rpxwpp": "Eugene",
  "Asqdrd": "Eugene",
  "Uurtf": "Peggy",
  "Sryw": "Peggy",
  "Ccyrs": "Melissa",
  "Kzxmvce": "Melissa",
  "Clq": "Lucien",
  "Yio": "Lucien",
  "Fnuu": "Verion",
  "Njkpfh": "Verion",
  "Okuuu": "Jerry St.",
  "Qrzzocc": "Jerry St.",
  "Wner": "MEAGAN",
  "Hjyeded": "MEAGAN",
  "Eno": "Samuel",
  "Uybyob": "Samuel",
  "Wtgfxla": "Christopher",
  "Hcx": "Dennis",
  "Qaog": "Dennis",
  "Gxssro": "Maleek",
  "Ukpjydl": "Maleek",
  "Fuvsxp": "Christopher",
  "Fwckcey": "TRACY",
  "Zrvhhh": "TRACY",
  "Oktuqzi": "Yolanda",
  "Pqu": "Yolanda",
  "Udqdvrl": "Ronald",
  "Pkre": "Ronald",
  "Esywzl": "Jacques",
  "Evivp": "Jacques",
  "Ohmw": "Laura",
  "Ijcnq": "Laura",
  "Fheaodw": "Janie",
  "Wlmcg": "Janie",
  "Pvo": "Eddie",
  "Cat": "Eddie",
  "Aese": "Jerry",
  "Rtn": "Jerry",
  "Vlcb": "Jose",
  "Qif": "Jerry",
  "Dnwo": "",
  "Vyve": "Unk",
  "Zne": "James",
  "Zgz": "James",
  "Rqegk": "Cathy",
  "Vfhr": "Cathy",
  "Lnptl": "Iris",
  "Vtmjjv": "Iris",
  "Byo": "Richard",
  "Pxmadw": "Richard",
  "Mxjdnrt": "Louis",
  "Jxypbwu": "Louis",
  "Eiiuo": "Dennis",
  "Darys": "Luis",
  "Tlc": "Luis",
  "Qiyhbzt": "Iris",
  "Xaytndu": "Cathy",
  "Rqb": "Luis",
  "Jkyfl": "Dennis",
  "Eaihsi": "Louis",
  "Gtdmojo": "Richard",
  "Zgh": "DERRICK",
  "Hsjpuk": "DERRICK",
  "Izvt": "Irwin",
  "Iswaul": "Irwin",
  "Jtkrb": "Susan",
  "Yorc": "Susan",
  "Zftf": "William",
  "Vif": "William",
  "Qqh": "Derrick",
  "Whkk": "Derrick",
  "Qnjxbd": "Marsha",
  "Dhn": "Marsha",
  "Bfyy": "Sherell",
  "Hrlq": "Sherell",
  "Ixsjkp": "Christopher",
  "Cjf": "Marsha",
  "Yudeu": "Jamal",
  "Awzf": "Jamal",
  "Fsklyxs": "Levin",
  "Wmikcb": "Levin",
  "Uiz": "Andrea",
  "Djok": "Andrea",
  "Qlso": "Andrea",
  "Hxkvd": "Sherell",
  "Zrpjh": "Josephine",
  "Ewyk": "Josephine",
  "Euqtt": "Dion",
  "Lhjln": "Dion",
  "Yqksi": "Maria",
  "Kzgo": "Maria",
  "Mgm": "Dion",
  "Fnhb": "James",
  "Ttho": "Julian Sylvain, a",
  "Sqey": "Julian Sylvain, a",
  "Jizxm": "New York",
  "Tlhf": "New York",
  "Yjb": "Anita",
  "Istwz": "Anita",
  "Utsfkqs": "Vito",
  "Jgoshov": "Vito",
  "Iidb": "John",
  "Iawajti": "John",
  "Uirfo": "Wendy",
  "Gewwe": "Wendy",
  "Uxmouvf": "Benjamin",
  "Bcw": "Benjamin",
  "Zgddnec": "Kerryanne",
  "Tfvlcnm": "Kerryanne",
  "Qplu": "Miguelina",
  "Gog": "Miguelina",
  "Bvv": "TANISE",
  "Tii": "TANISE",
  "Qbj": "HAAKIM",
  "Parvnby": "HAAKIM",
  "Sgx": "CANEON",
  "Kpqyolz": "CANEON",
  "Rkfbqj": "BENJAMIN",
  "Byrrjlp": "ADELINA",
  "Qvszalj": "ADELINA",
  "Qodfls": "ANITA",
  "Blkdzh": "ANITA",
  "Seaa": "SUMEET",
  "Wlszs": "SUMEET",
  "Semn": "RUTH",
  "Rzczgaj": "RUTH",
  "Mfbwnf": "JANIE",
  "Mrvoloq": "JANIE",
  "Fkrpso": "Dion",
  "Wjvzm": "JOEL",
  "Urujsl": "JOEL",
  "Jck": "LAURA",
  "Lrht": "LAURA",
  "Yzhlo": "TYRELL",
  "Ulbsbej": "TYRELL",
  "Rmo": "QUIDAR",
  "Osvp": "QUIDAR",
  "Hol": "HORACE",
  "Cqy": "HORACE",
  "Yclgyxg": "HORACE",
  "Inc Havoc": "Evelyn Douglin Center for Serving",
  "Amzn": "HOWARD",
  "Qjg": "HOWARD",
  "Biif": "JAMES",
  "Ryrreml": "JAMES",
  "Rtoqfdp": "ERIC",
  "Xca": "ERIC",
  "Qcfcvbf": "NAOMI",
  "Obm": "NAOMI",
  "Bpwq": "IRWIN",
  "Mynxtm": "ANTHONY",
  "Thoggd": "ANTHONY",
  "Dcudit": "ERIC",
  "Xnl": "PEGGY",
  "Oec": "PEGGY",
  "Bkzx": "GABRIEL",
  "Pzdzc": "GABRIEL",
  "Yea": "FRITZ",
  "Grjv": "FRITZ",
  "Pmn": "EVANS",
  "Cryptg": "EVANS",
  "Wvji": "FRITZ",
  "Norqqy": "FRITZ",
  "Ftiz": "Richard",
  "Fgipsy": "Efrain",
  "Ztwbpj": "Efrain",
  "Owunat": "Josmo",
  "Wbstb": "Josmo",
  "Potkeo": "Pedro",
  "Hpuj": "Pedro",
  "Ojlelrs": "KEVIN",
  "Eoh": "KEVIN",
  "Gcgllss": "KENNETH",
  "Wtbvgo": "KENNETH",
  "Zkdhrwh": "MICHAEL",
  "Zlqb": "MICHAEL",
  "Xrnqzko": "",
  "Nkw": "UNKN0WN",
  "Tti": "Joseph",
  "Yco": "Joseph",
  "Yabr": "Joseph",
  "Zag": "GANESH",
  "Cqdavh": "GANESH",
  "Fxh": "VINCENT",
  "Lemhsum": "VINCENT",
  "Zhw": "CRISTINA",
  "Xdfju": "CRISTINA",
  "Yzn": "MUHAMMED",
  "Ufnx": "MUHAMMED",
  "Glm": "GEICO A/S/O ODETTA JACOBS AND TERRENCE",
  "Ypgvmq": "GEICO A/S/O ODETTA JACOBS AND TERRENCE",
  "Qdmty": "JOHN",
  "Tiumht": "JOHN",
  "Ovlehec": "RANDALL",
  "Hshaxrd": "RANDALL",
  "Ewdn": "ERNEST",
  "Arspsp": "ERNEST",
  "Sttlo": "RENALDO",
  "Zvz": "RENALDO",
  "Awrgn": "WILSON",
  "Cwym": "WILSON",
  "Mlynfz": "KENNETH",
  "Bwnwtk": "JUAN",
  "Ngantc": "JUAN",
  "Qev": "ALEXANDER",
  "Cvsx": "ALEXANDER",
  "Mnwupiq": "TERRENCE",
  "Uundp": "TERRENCE",
  "Jkqkp": "KESTER",
  "Dnmimrw": "CAROL",
  "Zkj": "CAROL",
  "Dtj": "Terrance",
  "Rrhvnj": "Terrance",
  "Gymp": "Terrance",
  "Puujqzb": "HAROLD",
  "Oljcwsp": "HAROLD",
  "Lngaje": "GEORGINA",
  "Vmrm": "GEORGINA",
  "Hea": "EFRAIN",
  "Glkuoa": "EFRAIN",
  "Exzdp": "CLARISSA",
  "Fcjppm": "CLARISSA",
  "Jlit": "ENRIQUE",
  "Erijcp": "ENRIQUE",
  "Ktqcs": "ANTHONY",
  "Ypnlus": "MICHAEL",
  "Orsyj": "GLENDA",
  "Hkbu": "GLENDA",
  "Hry": "LYNETTE",
  "Mhkhpz": "LYNETTE",
  "Lpy": "FRANCES",
  "Bkjyvtk": "FRANCES",
  "Kzgeety": "JAMES",
  "Uyog": "JANE",
  "Geegz": "JANE",
  "Sld": "NICHOLAS",
  "Eodkzt": "NICHOLAS",
  "Ixw": "CONSTANCE",
  "Bilnvk": "CONSTANCE",
  "Oesrjdy": "MICHAEL",
  "Usnftc": "ROBIN",
  "Hxazr": "ROBIN",
  "Lqcj": "MANUEL",
  "Adfh": "MANUEL",
  "Nyf": "Gomez-Vargas",
  "Beltrku": "JIMMY",
  "Rgvtk": "ABC GLASS AND",
  "Cze": "ABC GLASS AND",
  "Mbal": "Elias",
  "Soyozmq": "Elias",
  "Ecvftgv": "Jasmine",
  "Yxqrf": "Jasmine",
  "Fupq": "Jasmine",
  "Fgilob": "MAZOL",
  "Qlho": "MAZOL",
  "Ccyjjj": "MAHMUDUR",
  "Huwfqe": "MAHMUDUR",
  "Mkjho": "FRANKY",
  "Fnv": "FRANKY",
  "Sih": "JUANA",
  "Lsgge": "JUANA",
  "Mlx": "DONNELL",
  "Hwyt": "JOSEPH",
  "Kybui": "JOSEPH",
  "Lpqtsk": "EDWARD",
  "Ynic": "EDWARD",
  "Xngzre": "MARVIN",
  "Jbp": "MARVIN",
  "Pijlizx": "Sadie",
  "Ciwfsl": "Sadie",
  "Xxftu": "MARCELINO",
  "Mawhkz": "MARCELINO",
  "Proulk": "Paula",
  "Jdct": "Paula",
  "Inc Radiant": "360 Youth Services",
  "Hyclk": "TIMOTHY",
  "Ffpoemm": "TIMOTHY",
  "Vqk": "TALAGA",
  "Cpezd": "ELIZABETH",
  "Ccecuzl": "ERIC",
  "Dhjdpt": "Ashley",
  "Qurazc": "Ashley",
  "Inc Develop": "NCO YOUTH & FAMILY SERVICES",
  "Rigwob": "VEGTER",
  "Bquasw": "NATHAN",
  "Nqwx": "WILLIAM",
  "Inc Enjoy": "PHASE, INC",
  "Uvxklx": "DISMUKE",
  "Lvpbwa": "LATOYIA",
  "Inc Place": "REMEDIES RENEWING LIVES",
  "Xlowmp": "WRENCHER",
  "Tox": "RHONDA",
  "Llmau": "WILLIAM",
  "Hdt": "LORALTY",
  "Amdnwfp": "LORALTY",
  "Pxwjv": "HARDEN",
  "Vkuqflg": "PATRICIA",
  "Hmk": "PATRICIA",
  "Shrrff": "SOCKWELL",
  "Ipr": "BERGERON",
  "Rrtck": "EILEEN",
  "Tgftgpc": "Mays",
  "Ris": "Chrystal",
  "Fmlfm": "Larosa",
  "Dvnme": "Larosa",
  "Rwrnnjc": "Moore",
  "Hfxu": "ADRIAN",
  "Ebjlik": "ADRIAN",
  "Inc Adonis": "Remedies Renewing Lives",
  "Kxmlw": "MONTELONGO",
  "Pxlfj": "CATHY",
  "Bhlgyn": "CATHY",
  "Inc Electrifying": "Easter Seal Society of NJ",
  "Lnchs": "CATHY",
  "Mkrezxt": "NOREEN",
  "Dgydif": "NOREEN",
  "Bal": "JOSEPHINA",
  "Ozwmxt": "JOSEPHINA",
  "Omzqv": "ALEKSANDR",
  "Uyf": "ALEKSANDR",
  "Ohrfgd": "ALEKSANDR",
  "Zmrplt": "WALTER",
  "Mwwmjc": "WALTER",
  "Mxbp": "BRIANA",
  "Ooa": "BRIANA",
  "Udwq": "Lois",
  "Glbyx": "Lois",
  "Uow": "Karen",
  "Hjdv": "Karen",
  "Hsupuoh": "Elizabeth",
  "Rcpfjx": "Elizabeth",
  "Ztbvm": "Victoria",
  "Bfrbhnb": "Victoria",
  "Swnr": "MICHELLE",
  "Vaztg": "MICHELLE",
  "Wdcuq": "KIBAEK",
  "Ylh": "KIBAEK",
  "Ckfdzg": "LINDA",
  "Fdu": "LINDA",
  "Utbuw": "BRIAN",
  "Oaqebi": "BRIAN",
  "Vpabv": "PHILLIP",
  "Twd": "PHILLIP",
  "Nodx": "THE COUNTY OF",
  "Oonqikz": "THE COUNTY OF",
  "Sqft": "SANDRA",
  "Nga": "SANDRA",
  "Squnczd": "DAVID",
  "Maeaydo": "DAVID",
  "Atomm": "DAVID",
  "Zop": "JOAN",
  "Wqy": "BRENDA",
  "Mhmg": "BRENDA",
  "Ijsja": "WILLIAM",
  "Vfbwbml": "ROBERT",
  "Ifn": "ROBERT",
  "Vztlnaq": "JOSEPH",
  "Bgbmsd": "DENNIS",
  "Sqtbqgi": "DENNIS",
  "Xrudwpi": "SARABETH",
  "Niyxm": "SARABETH",
  "Vnkoa": "Cherie",
  "Ufgxp": "Cherie",
  "Srbekzs": "Cherie",
  "Lxzm": "S.A. GLBI COMML PHYSICAL",
  "Vsnj": "S.A. GLBI COMML PHYSICAL",
  "Mgwik": "L.A.",
  "Hqncbs": "L.A.",
  "Zmhf": "Neal",
  "Hlfj": "Neal",
  "Iou": "DOMINIQUE",
  "Jvm": "DOMINIQUE",
  "Inc Bench": "EASTER SEAL SOCIETY OF NEW JERSEY",
  "Kaxb": "SOPHIE",
  "Sgcxpuu": "SOPHIE",
  "Ibt": "JULIANNE",
  "Qffvv": "JULIANNE",
  "Lestvfy": "LUCA",
  "Urq": "LUCA",
  "Tlpcehx": "LUIS",
  "Kvwpccq": "RYAN",
  "Edvmk": "RYAN",
  "Fsv": "RYAN",
  "Pljec": "JOSEFINA",
  "Esqcd": "JOSEFINA",
  "Kalzeim": "DANIEL",
  "Qsghee": "DANIEL",
  "Agmn": "Hsian",
  "Qbjzw": "Hsian",
  "Wvsxn": "Bertha",
  "Rdemy": "Bertha",
  "Unoq": "THERESA",
  "Iqj": "THERESA",
  "Fweod": "ELLEN",
  "Jcyp": "Yosef",
  "Ouvrwn": "Yosef",
  "Nihnx": "Adam",
  "Xnphr": "Adam",
  "Itiwtia": "Adam",
  "Txiwvc": "RICHARD",
  "Ofrvjaz": "RICHARD",
  "Ibnbtcz": "Lucia",
  "Wfiq": "Lucia",
  "Kwhzvq": "CALIPAH",
  "Wqg": "CALIPAH",
  "Eah": "Chris",
  "Gzz": "Chris",
  "Lqr": "CLIFFORD",
  "Rqldh": "CLIFFORD",
  "Ioitq": "CONLON",
  "Nli": "CONLON",
  "Wxld": "RAWLINGS",
  "Gisvdzc": "RAWLINGS",
  "Teax": "VALENTINE",
  "Hzg": "VALENTINE",
  "Tjcxfo": "GRANT",
  "Gwhr": "GRANT",
  "Aorpwg": "TIMOTHY",
  "Wnwhea": "TORYN",
  "Thk": "TORYN",
  "Ggff": "THOMAS",
  "Idfa": "THOMAS",
  "Dbffyox": "ROSALBA",
  "Lwfa": "ROSALBA",
  "Jyqmktp": "ROSALBA",
  "Thpqn": "OSHA",
  "Ifrauvi": "OSHA",
  "Wim": "STEVEN",
  "Pwoxbl": "STEVEN",
  "Nqnn": "Dawn",
  "Tqebday": "Dawn",
  "Sqlufz": "SARAH",
  "Vdrgag": "SARAH",
  "Wnry": "Aleksey",
  "Cryx": "Aleksey",
  "Bqw": "ROLAND",
  "Flmzdo": "ROLAND",
  "Zof": "Michele",
  "Svf": "Michele",
  "Lbupscx": "Michele",
  "Pqg": "MARILYN",
  "Msvgmbn": "MARILYN",
  "Ysstqo": "JEFFREY",
  "Umonls": "JEFFREY",
  "Grl": "Karen",
  "Zsgeh": "Alice",
  "Kimrgiz": "Alice",
  "Aeli": "NATASHA",
  "Nieex": "NATASHA",
  "Smd": "MIKE",
  "Dpjxmu": "MIKE",
  "Tjm": "Bum",
  "Dcjfr": "Natalie",
  "Hrr": "Natalie",
  "Fzf": "JEANNETTE",
  "Djkxqxp": "JEANNETTE",
  "Meeiue": "DONALD",
  "Jhmii": "DONALD",
  "Cyrz": "LAURA",
  "Qdpuxm": "MARIA",
  "Ptfdedn": "MARIA",
  "Tuy": "TINA",
  "Yxgsl": "TINA",
  "Ytaw": "ISMAEL",
  "Hawcgaw": "ISMAEL",
  "Mncepuu": "Robert",
  "Uji": "Robert",
  "Qot": "Lynn",
  "Xhjhcyv": "Lynn",
  "Ywltr": "David Lake GL PROPERTY DAMAGE ON COMBINED",
  "Auwwpwj": "David Lake GL PROPERTY DAMAGE ON COMBINED",
  "Rqmjp": "NATALIE",
  "Bfl": "NATALIE",
  "Inc Ethereal": "Easter Seals New Jersey, Inc.,",
  "Npdbvj": "ANDREW",
  "Npp": "ANDREW",
  "Myow": "WILLIAM",
  "Tgwmed": "WILLIAM",
  "Tgykn": "JOSEPH",
  "Mzrgw": "JOSEPH",
  "Ueuhx": "Steven",
  "Jhblob": "Steven",
  "Acv": "Tara",
  "Qymx": "Tara",
  "Rscvt": "CHRISTINE",
  "Lbkwf": "CHRISTINE",
  "Zzpfjye": "Mary",
  "Eyydd": "Mary",
  "Gcvkwp": "LINDA",
  "Uusqv": "LINDA",
  "Smlxi": "SHARON",
  "Zmb": "SUSAN",
  "Htf": "SUSAN",
  "Ifogo": "ALLAN",
  "Onshfuk": "ALLAN",
  "Jiefv": "ANGELIC",
  "Iqmq": "ANGELIC",
  "Hbpcto": "ANGELIC",
  "Wlkwr": "JOSEPH",
  "Yui": "MARYANNE",
  "Nbwf": "MARYANNE",
  "Jqsrb": "SAMUEL",
  "Rufzper": "SAMUEL",
  "Bscgv": "Dwight",
  "Ujm": "Dwight",
  "Klo": "Rebecca",
  "Cpars": "Rebecca",
  "Zmxbrvd": "BILL",
  "Htn": "BILL",
  "Bas": "BRIAN",
  "Uaedy": "RAJINDA",
  "Lhb": "RAJINDA",
  "Ncjsusr": "Ted",
  "Wuji": "Ted",
  "Uanhejg": "Ted",
  "Jix": "Jeffrey",
  "Woryrm": "Jeffrey",
  "Tlraky": "TORRANCE",
  "Yrejd": "TORRANCE",
  "Sxvy": "DENISE",
  "Kld": "DENISE",
  "Disoaz": "Shanna",
  "Cnxuq": "Shanna",
  "Zabvdey": "Shanna",
  "Pummoxz": "LaSalle Bank National Association GL PROPERTY DAMAGE ON COMBINED",
  "Xyuqa": "LaSalle Bank National Association GL PROPERTY DAMAGE ON COMBINED",
  "Inc Proof": "EASTER SEALS NEW JERSEY, INC.,",
  "Eobnpw": "ROBERT",
  "Jhegcp": "Lenore",
  "Jzhazb": "Lenore",
  "Hxrarxd": "Luciano",
  "Bozsh": "Luciano",
  "Wojzo": "Jacquelin",
  "Czhr": "Jacquelin",
  "Ezhtala": "Joseph",
  "Qkcm": "TAMMARA",
  "Ehqgji": "TAMMARA",
  "Uyssavk": "Irene",
  "Zjqfa": "Irene",
  "Uei": "Renee",
  "Slsuqbx": "Renee",
  "Siuefvf": "Ashley",
  "Kfrnvv": "Ashley",
  "Ddzknfl": "LORONDA",
  "Suri": "LORONDA",
  "Gfe": "LORONDA",
  "Iijkmif": "Elizabeth",
  "Wjikdlp": "Elizabeth",
  "Zuer": "Jorie",
  "Oqxarzk": "Jorie",
  "Ebocw": "Jorie",
  "Zxjzx": "Ashley",
  "Ylap": "u",
  "Tvt": "u",
  "Bcoghn": "BETH",
  "Bqevw": "BETH",
  "Qng": "RICHARD",
  "Uszw": "John",
  "Pgz": "Brian",
  "Uygrf": "Brian",
  "Domhtw": "JOHN",
  "Sskg": "Elferry",
  "Iomem": "Elferry",
  "Xgwze": "Elferry",
  "Gxhrgp": "ROBIN",
  "Ajddel": "ROBIN",
  "Anrr": "RAGHURAM",
  "Drx": "RAGHURAM",
  "Xet": "Aimee",
  "Qagy": "Aimee",
  "Ykllkq": "Aimee",
  "Vfjmy": "RICHARD",
  "Amnb": "paul",
  "Bcp": "paul",
  "Ugrcco": "David",
  "Njqglze": "David",
  "Zhyl": "Cindy",
  "Mobiu": "Cindy",
  "Lebkj": "Deborah",
  "Iphn": "Deborah",
  "Aslws": "Advanced Gutter",
  "Xeobjcz": "Advanced Gutter",
  "Drzcs": "Andrea",
  "Opiagjc": "John",
  "Mms": "INNA",
  "Fssn": "INNA",
  "Kigdkyv": "INNA",
  "Ysut": "Bobbi",
  "Qmdzrcr": "Bobbi",
  "Ytz": "Randy",
  "Prdbzlu": "Randy",
  "Slp": "John",
  "Ehjyb": "Robert",
  "Nqx": "BARBARA ST.",
  "Fel": "BARBARA ST.",
  "Ridbn": "Shauna",
  "Xclrv": "Shauna",
  "Sryk": "Brittany",
  "Akboiy": "Brittany",
  "Moenhd": "Louis",
  "Leq": "Catheria",
  "Yyfb": "Catheria",
  "Bec": "Maria",
  "Fdyu": "Garcia ",
  "Enkojg": "Carmen Correa",
  "Ydtl": "Nancy",
  "Vyscxgp": "Nancy",
  "Ojqf": "RACHEL",
  "Gkaa": "RACHEL",
  "Ieyiuf": "RACHEL",
  "Xmtjqbh": "BLACK RIVER & WESTERN",
  "Pgfi": "BLACK RIVER & WESTERN",
  "Huurq": "MARY",
  "Zkinvb": "Sean",
  "Kxokszx": "Sean",
  "Kcvbbp": "Sherry",
  "Uebdaa": "Sherry",
  "Ijoa": "Sherry",
  "Pbizwbk": "MARGARET",
  "Qtkj": "MARGARET",
  "Seakaro": "MARGARET",
  "Lgqum": "MARGARET",
  "Gwbx": "JOHN",
  "Sice": "Jeanine",
  "Upm": "Jeanine",
  "Leuz": "JACK",
  "Mqvo": "JACK",
  "Zlsmmr": "JOYCE",
  "Wbwnp": "JOYCE",
  "Sukycx": "MARIA",
  "Tjqorq": "Jody",
  "Rtq": "Jody",
  "Lpnbedk": "MANUEL",
  "Jkf": "LUIZA",
  "Eydvenk": "LUIZA",
  "Rbkwnzh": "Jennifer",
  "Fap": "Jennifer",
  "Hwgzwkq": "Jennifer",
  "Xdbfqnk": "MICHAEL",
  "Avve": "Michael",
  "Dwna": "Brian",
  "Dpuampp": "Brian",
  "Wwwrtwf": "Paula",
  "Rdov": "James",
  "Zwxrw": "Kristin",
  "Imzsikw": "Kristin",
  "Tbj": "ANTHONY",
  "Yonix": "Eucharia",
  "Duaq": "Dyanne",
  "Xajl": "Dyanne",
  "Inc Design": "Easter Seals New Jersey, Inc.",
  "Wedh": "SAMEER",
  "Ohw": "SAMEER",
  "Oqeqk": "PETER",
  "Hkfd": "Peterson ",
  "Cjivebp": " Carmen",
  "Wsqxl": "KRISTEN",
  "Dqtu": "KRISTEN",
  "Yojn": "Khatija",
  "Nwi": "Khatija",
  "Hlz": "Khatija",
  "Nnrdxb": "Shringika",
  "Mzfs": "Shringika",
  "Jhtcc": "DARIAN",
  "Whjsgtw": "DARIAN",
  "Cqah": "Keith",
  "Hfqy": "Keith",
  "Bbog": "Keith",
  "Vgtuem": "Ellen",
  "Fggcen": "Ellen",
  "Qlnsbd": "Nicholas",
  "Zmbn": "Nicholas",
  "Zxomb": "Salvatore",
  "Heisiiy": "Salvatore",
  "Jqhx": "Clifford",
  "Okxdk": "Clifford",
  "Yyhe": "Alton",
  "Wjynxtn": "Alton",
  "Lgms": "Rui",
  "Cglejmm": "Rui",
  "Vue": "Yousif",
  "Tcprl": "Yousif",
  "Uxykza": "DARRIN",
  "Zatnuyr": "DARRIN",
  "Ylgjdxc": "MARK",
  "Kmxearf": "MARK",
  "Ctef": "CATHY",
  "Arn": "BAGAMARY",
  "Uiufmr": "TAGGERT",
  "Ndluswo": "REYEZ",
  "Ypeoh": "ALEKSANDR",
  "Vkozt": "ZHIGALOV",
  "Hrqhd": "MORAS",
  "Wlbhn": "CRITES",
  "Yigaspq": "Henry",
  "Rnn": "Karen",
  "Vohrd": "Elizabeth",
  "Nhpaqpn": "Hardman",
  "Hugijfq": "BOGER",
  "Ecuohb": "LEE",
  "Ghxznb": "LINDA",
  "Aladal": "BRIAN",
  "Scs": "ALLESANDRO",
  "Ikc": "OCEAN",
  "Bnklh": "HALL",
  "Ejp": "DAVID",
  "Wiifh": "DAVID",
  "Tbx": "JOAN",
  "Xhierg": "PETTIT",
  "Cderhk": "WILLIAM",
  "Xcrlcm": "ROBERT",
  "Tdb": "JOSEPH",
  "Fuv": "MOORE",
  "Qflcjx": "BAKER",
  "Qujts": "Cherie",
  "Jddp": "Hart",
  "Ehpny": "ABUSE",
  "Ezrj": "",
  "Eyj": "Besser",
  "Ttd": "SALOMON",
  "Zbik": "MILLER",
  "Guofat": "MILLER",
  "Ljind": "SOLARINO",
  "Ivjed": "LUIS",
  "Iin": "RYAN",
  "Szpgil": "RYAN",
  "Aefhzy": "REYES",
  "Seae": "DANIEL",
  "Rvp": "Wu",
  "Qcodt": "Bacon",
  "Dusih": "LANE",
  "Xkbjwq": "ELLEN",
  "Snbe": "Schwartz",
  "Tez": "Adam",
  "Ghkdcqo": "Matus",
  "Tirt": "RICHARD",
  "Rord": "Edmonds",
  "Nzrqz": "KEMP",
  "Bfnhk": "Gillette",
  "Bqhmnt": "CATALFAMO",
  "Rejiiv": "",
  "Fpih": "",
  "Nvg": "",
  "Ywfk": "",
  "Lrbyuzp": "COFFEY",
  "Abfo": "WIELLER",
  "Qwhijv": "THOMAS",
  "Oshh": "THOMAS",
  "Evkni": "ROSALBA",
  "Eyekgmo": "AVILA",
  "Hll": "COMPLAINT",
  "Mmnigcm": "D'ANDREA",
  "Gtypwm": "Peterson",
  "Lwuhnat": "",
  "Afznwup": "Moshkovich",
  "Mgxdm": "Michele",
  "Taeloh": "Foster",
  "Spcuedg": "KERRIGAN",
  "Hezcp": "BAGELY",
  "Rjy": "Mahon",
  "Dkghzaf": "Polley",
  "Mnz": "SPAM",
  "Vjf": "COMERFORD",
  "Ucum": "Natalie",
  "Sgu": "Natalie",
  "Iacqnzq": "CODY",
  "Prz": "DECECCO",
  "Sgfvf": "LAURA",
  "Kxep": "MARIA",
  "Isg": "BRICKLEY",
  "Sqqqdo": "MATOS",
  "Yopt": "Robert",
  "Yyoczh": "Halko",
  "Getcdfo": "GLBI",
  "Epu": "KUPNANOV",
  "Rjdljp": "BITZ",
  "Zwg": "WILLIAM",
  "Gebglc": "WILLIAM",
  "Jtbx": "JOSEPH",
  "Zcl": "JOSEPH",
  "Elox": "Lewis",
  "Cqzqd": "Bolten",
  "Kfrwtqv": "DAVIS",
  "Cfsqjsi": "Schelzo",
  "Wbrnsdu": "LINDA",
  "Yaq": "WOLVERTON",
  "Irdqn": "SHARON",
  "Jkfmqa": "FITZGERALD",
  "Qkk": "GIEZEY",
  "Yifhou": "ANGELIC",
  "Wdq": "NEGRON",
  "Oidqf": "JOSEPH",
  "Igmynsh": "MCKENNA",
  "Rjkcst": "SMITH",
  "Jyp": "Speight",
  "Buv": "Kearns",
  "Uxky": "MARTZ",
  "Bvqyt": "RASP",
  "Dwlsewo": "VIRGIL",
  "Gxy": "Ted",
  "Xfpb": "Bogert",
  "Issys": "Jeffrey",
  "Wduwhdy": "COOPER",
  "Akc": "WUJCIAK",
  "Khgttvp": "Shanna",
  "Zjf": "O'Hanan",
  "Qkdeqbf": "GLBI",
  "Utuqhy": "ROBERT",
  "Irpmp": "Superville",
  "Kxcy": "Simoes",
  "Owtax": "Napurano",
  "Pubmkzi": "Joseph",
  "Dnqyu": "NELSON",
  "Sykjvwb": "Hartman",
  "Foylne": "Crepeau",
  "Taorpk": "Ashley",
  "Tsvo": "Ashley",
  "Rzeqha": "LORONDA",
  "Jto": "BAKER",
  "Lcuj": "Elizabeth",
  "Joxd": "Elizabeth",
  "Iayoi": "Jorie",
  "Brrl": "Monroe",
  "Dpz": "Rodgers",
  "Qhzdu": "",
  "Adfa": "MURRAY",
  "Yscbxzo": "RICHARD",
  "Ypn": "John",
  "Jrelxx": "Brian",
  "Pkgbm": "JOHN",
  "Xit": "Elferry",
  "Ikkb": "Pruitt",
  "Cdswma": "ROBIN",
  "Brtsz": "ROBIN",
  "Ebsqxi": "TURUGAM",
  "Kihqk": "Aimee",
  "Xmsb": "Habermehl",
  "Axntf": "RICHARD",
  "Ozwj": "wines",
  "Bbcsft": "David",
  "Wehfz": "Hanahan",
  "Koxy": "Stryker",
  "Wgxi": "LLC",
  "Lwpfn": "Andrea",
  "Meqih": "John",
  "Nuuvzst": "INNA",
  "Fyw": "DIJOUR",
  "Kpaekpn": "Clauser",
  "Nugsvcm": "Frederick",
  "Uvk": "John",
  "Hqxufaj": "Robert",
  "Jeidx": "HILAIRE",
  "Hmjlnr": "Brice",
  "Kpb": "Gullotta",
  "Jjbmq": "Louis",
  "Ptptxp": "Murray",
  "Shcuyw": "Maria",
  "Lxdlfo": "Smalls",
  "Xdhx": "RACHEL",
  "Keucusw": "ENTWISLE",
  "Nrte": "RAILROAD",
  "Fbzir": "HUNTER",
  "Rwxgr": "O'Boyle",
  "Wqtk": "Sherry",
  "Myvx": "Cody",
  "Uqfa": "MARGARET",
  "Nnugtei": "MARGARET",
  "Fuvnd": "MCCLEASE",
  "Eoxcpsg": "JOHN",
  "Htlp": "Fiore",
  "Ujgz": "KESSLER",
  "Fsiyn": "RASPANTI",
  "Vrknh": "AMAYA",
  "Mfes": "Maglione",
  "Qhox": "MANUEL",
  "Chn": "TOURIGAN",
  "Jmopu": "Jennifer",
  "Gnsvca": "Jennifer",
  "Sqh": "MICHAEL",
  "Kqv": "Michael",
  "Ubst": "Brian",
  "Gdudow": "Thomas",
  "Rcsikd": "Wolfe",
  "Ryz": "James",
  "Rglnazh": "Matuszewski",
  "Qwfnym": "ANTHONY",
  "Akwlqiu": "Diaz-piedra",
  "Secz": "KAZMI",
  "Cleoz": "PETER",
  "Oic": "OSOWKI",
  "Hirjlxd": "Khatija",
  "Hcpytje": "Bilgrami",
  "Rzfw": "Porwal",
  "Gsyvbf": "OGLESBY",
  "Iswbq": "Keith",
  "Vsbhrt": "Leath",
  "Xepe": "Scancella",
  "Lxv": "Nicholas",
  "Urjolk": "Queqiliadello",
  "Zmpaxdr": "Crammer",
  "Nics": "Murphy",
  "Loc": "",
  "Nljgoug": "Hussein",
  "Jiilvk": "OGLESBY",
  "Umuoky": "KLATZ",
  "Tsr": "Marie",
  "Ckvdxkz": "Marie",
  "Inc Customs": "HEARTSHARE HUMAN SERVICES OF NEW YO",
  "Seadx": "Marie",
  "Kxk": "Marie",
  "Qyaois": "Evans",
  "Jmlh": "Shana Caldwell",
  "Yxtmp": "Nightingale",
  "Uhbf": "Christy",
  "Eozvilu": "Richard",
  "Fszuxxy": "Evans",
  "Ipt": "Thaneekqua Adams",
  "Fiaisi": "Brown",
  "Hlgogw": "Crystal",
  "Aocun": "Martinez",
  "Sfqyx": "Dominick",
  "Wzm": "Young",
  "Wulg": "Sam",
  "Mcgyfxt": "ROSE",
  "Dtcebv": "ROSE",
  "Tpulpc": "DUMAY",
  "Dtberhl": "JEAN",
  "Pbyb": "JEAN",
  "Vmqsa": "ENG",
  "Tok": "Wendy",
  "Oegtxc": "Wendy",
  "Szxo": "Moray",
  "Ruox": "Candice",
  "Nretym": "GULIANI",
  "Aqcugc": "MOHINDER",
  "Rvdo": "Hobbs,Jr.",
  "Fiqouwc": "Jard",
  "Pzumki": "Nicholas",
  "Mklahsv": "COOK",
  "Llbu": "CLAUDE",
  "Ivazul": "LAWRENCE",
  "Spc": "LAWRENCE",
  "Uylrdry": "CORWIN",
  "Noq": "CONCETTA",
  "Tcwrb": "EDWARD",
  "Oxdoe": "COOK",
  "Hptkgn": "CLAUD",
  "Trrqs": "Bell",
  "Bwqe": "Valerie",
  "Cng": "DOYLE",
  "Uhhco": "PHYLLIS",
  "Yjwv": "KIM",
  "Sxsds": "YU WAH",
  "Putif": "Paek Chong",
  "Tieb": "GLBI",
  "Nwtpugw": "siamak tadeyon COMBINED",
  "Vva": "LEGRANT",
  "Bzw": "SHIRLEY",
  "Qwur": "IGLESIA",
  "Aili": "EL PNTECSTL",
  "Udle": "SHAPIRO",
  "Ubk": "CATHERINE",
  "Vkonglv": "MADISON",
  "Zvhap": "DWIGHT",
  "Ubtx": "Flores",
  "Twumau": "Evelyn",
  "Zcw": "",
  "Lejj": "ACME",
  "Ecqqyjv": "GARCIA",
  "Twzeqv": "CAMILO",
  "Gplfv": "LYNCH",
  "Rabhki": "DOREEN",
  "Lkznj": "Dawkins",
  "Knhxq": "Damion",
  "Iudcegf": "LEW",
  "Nxyhrdg": "WEI XIANG",
  "Judtp": "LUREATHA",
  "Vcyv": "LUREATHA",
  "Nttgs": "FRANCINE",
  "Uziggnp": "FRANCINE",
  "Ojjebpe": "Pesut",
  "Aqgrcsm": "Herb",
  "Mvajy": "JORGE",
  "Bwzze": "JORGE",
  "Cpg": "CRUZ",
  "Akgntx": "LIZETTE",
  "Rvejsok": "CRUZ",
  "Dppwrxq": "NATHANIEL",
  "Lhqvmpi": "Acevedo",
  "Ooo": "Angelica",
  "Vncusc": "FRANCINE",
  "Qeu": "MAKINS",
  "Lny": "Joseph",
  "Hsggoss": "Veliz",
  "Qgi": "Ariel",
  "Vxbbk": "JOAN",
  "Ijcoe": "JOHN",
  "Pscszic": "gardner",
  "Pki": "djamila",
  "Jybajs": "Leonid",
  "Gqd": "Leonid",
  "Uabpy": "Ostrovsaiy",
  "Ctwt": "Mack",
  "Cwwsbb": "Bryant",
  "Anhc": "Anthony",
  "Mfbazdl": "Anthony",
  "Rjyamql": "Ross",
  "Gov": "Erica",
  "Gaas": "KADISHA",
  "Bnpmfh": "KADISHA",
  "Gxv": "WICKHAM",
  "Snmrv": "IZSAK",
  "Lvtpkp": "Abdallah",
  "Nvndshu": "Abdallah",
  "Tql": "Mohamed",
  "Hrf": "Mohamed",
  "Ncrvh": "Sumia",
  "Erlr": "PETER",
  "Ezvdo": "PETER",
  "Qnlzin": "TAVERAS",
  "Upei": "JOSE",
  "Mucvx": "KRSLOVIC",
  "Bwn": "EMIL",
  "Ofuakat": "HEMINGS",
  "Ngc": "TREVOR",
  "Tqkxfnj": "AHMED",
  "Vfyzzj": "ALI",
  "Cffx": "ANTHONY",
  "Rqlnt": "ANTHONY",
  "Shfti": "SEYMOUR",
  "Hrojw": "TRACEY",
  "Aggq": "TINEO",
  "Ycmduaf": "PORFIRIO",
  "Asmzx": "Lawless",
  "Zgcv": "Michelle",
  "Qlt": "Pandit",
  "Pem": "Bhagyashree",
  "Epik": "Willis",
  "Fsca": "Annette",
  "Ynjwiy": "RAMONA",
  "Fnva": "RAMONA",
  "Luajbjd": "ALONZO",
  "Vancppc": "Johnson",
  "Kyh": "Tim",
  "Yvfbj": "Cruz",
  "Zckcf": "Lizette",
  "Drcpukz": "Cruz",
  "Ibyjiyu": "Nathaniel",
  "Mzqred": "Cruz",
  "Fyeposx": "Dimas",
  "Inc Iron": "HEARTSHARE HUMAN SERVICES OF  NEW Y",
  "Tlqin": "FALCONE",
  "Ajrluzx": "MIKINIS",
  "Pwx": "LURETHA",
  "Zyblktf": "DILLEY",
  "Faq": "JASON",
  "Hiv": "Jacobs",
  "Tjfoxw": "Yehuda",
  "Gnhwf": "Yusupov",
  "Rtrwy": "Artem",
  "Feyxn": "LEWIS(EMPLOYEE)",
  "Bmtvh": "DEBORAH",
  "Zxmd": "BELINSKY",
  "Ljxlwq": "ELENA",
  "Jcjmle": "Minn",
  "Xpvrwr": "Zedekiah",
  "Wqiztk": "Colin",
  "Nivybu": "Marin",
  "Aimmoaf": "Dictor",
  "Mcutjq": "Aaron",
  "Svbynb": "Hargrave",
  "Kpmwnp": "Russell",
  "Dcfbcb": "ALIX",
  "Zphqyub": "ALIX",
  "Knha": "Isardat",
  "Vczi": "Anil",
  "Szk": "JOHNSON",
  "Xezppn": "LIZETTA",
  "Mgc": "ANIL",
  "Mpb": "ISARDAT",
  "Ghkiju": "MERCERON",
  "Wdiv": "MISAGHI",
  "Cyez": "JOZEF",
  "Xrghoi": "PAUL",
  "Cmrgv": "PAUL",
  "Ckbkcj": "GLBI",
  "Snmjjug": "Holy Angel Academy COMBINED",
  "Qutntn": "GLBI",
  "Mtbnar": "Treasure Island School COMBINED",
  "Mcsjso": "GLBI",
  "Viq": "Matt Tatdayon COMBINED",
  "Hnug": "Rumeo",
  "Yuzmv": "GORE",
  "Jni": "APRIL",
  "Ludwwg": "Utley",
  "Rfhal": "Yvette",
  "Ngdqbfl": "Camachio",
  "Rxf": "Slavadore",
  "Xdjdv": "BELLILLIE",
  "Unkvtie": "ALEX",
  "Zbr": "MICHAEL",
  "Lqqtpk": "Wckain",
  "Xaf": "Alphonso",
  "Btuns": "Myers",
  "Fxekmew": "Claudia",
  "Ieyv": "Welcome",
  "Iov": "Latonya",
  "Ibeoq": "Martinez",
  "Gkcqvzb": "Orge",
  "Fzusz": "Williams",
  "Yugwm": "Jite",
  "Qnt": "Morales",
  "Oddppg": "Juan",
  "Qmxa": "Arthur",
  "Ruhxshd": "Arthur",
  "Ridsw": "Arthur",
  "Kvouhfb": "Arthur",
  "Fhm": "Michael",
  "Twcuv": "Pop",
  "Ucvbye": "Kurt",
  "Vbcjis": "Hellew",
  "Huvi": "Wade",
  "Saz": "Robert",
  "Mqutxzy": "Herbin",
  "Mfo": "Joa",
  "Akpbzyb": "Baa",
  "Diu": "Keisha",
  "Cyiss": "John",
  "Uod": "John",
  "Lsmotc": "Gregory",
  "Umrnxsu": "Gregory",
  "Qvqcw": " Carter",
  "Zff": " Anthony",
  "Urznwci": "Simmons",
  "Lpbraz": "Rickey",
  "Zqadxu": "Pedro",
  "Ipv": "Mcmillian",
  "Svw": "Kiesha",
  "Oywl": "Boa",
  "Inc Accord": "Heartshare Human Services of  New Y",
  "Cav": "JUNG",
  "Xykmdie": "GEWON",
  "Dsi": "LEONOROVITZ",
  "Bzc": "YITZCHOK",
  "Jmrevff": "HAROLD",
  "Sdji": "HAROLD",
  "Fvyzu": "KLEIN",
  "Azztcim": "NICHOLLS",
  "Dogldvh": "SHANIYA",
  "Qgfwcto": "",
  "Oicp": "POLICE",
  "Bvmf": "Shemaiah",
  "Pzjb": "Shemaiah",
  "Hkpirnr": "Johnson ",
  "Utbv": "KOGAN",
  "Wsrfym": "IRINA",
  "Zytde": "WARDRETT",
  "Idux": "LARON",
  "Baxqflf": "Express",
  "Wlfwcj": "Auto Tech",
  "Svrbo": "MANDAL",
  "Oek": "A J",
  "Hgn": "MINN",
  "Htyk": "ZEDEKIA",
  "Puxqgqg": "Odoemene",
  "Vgkidm": "Ugonna",
  "Tlqipm": "Jewels",
  "Ewrzv": "Cyris",
  "Nguqyhh": "",
  "Wfhrf": "Cyris Jewels",
  "Tdox": "MALDONADO",
  "Kkmj": "JESSICA",
  "Iqbhr": "Kruszewski ",
  "Zkuxwsa": " Caroline",
  "Nci": "THORNE",
  "Mebqc": "JUDY",
  "Cml": "COLLINS",
  "Zzffjd": "RAULE",
  "Jvb": "CLAPS",
  "Buube": "CHRISTINA",
  "Whzg": "LAUREN",
  "Spmro": "LAUREN",
  "Suio": "MORELLO",
  "Ragbdn": "JOHNSON",
  "Qrav": "YVONNE",
  "Kqjyt": "CABELLO",
  "Inc Crash": "Heartshare Human Services of New Yo",
  "Ceijg": "JORGE ",
  "Suraju": "Concrete",
  "Sgxprzq": "Best",
  "Evh": "OCAMPO",
  "Nsozcx": "GLORIA",
  "Lzxapyp": "KIM",
  "Ucuzz": "CHUL",
  "Iruhuh": "ANNISCA",
  "Opea": "MARC",
  "Rau": "MARLENE",
  "Mfyow": "Pang",
  "Jjqlyld": "Juan Wie",
  "Xsbq": "PEGGY",
  "Iguwf": "Louis",
  "Ckc": "Louis",
  "Zfon": "Mann",
  "Yyj": "Shonda",
  "Sbjwx": "Luis",
  "Mxehqeh": "KHEMLANI",
  "Qud": "ASHA",
  "Jzpr": "Hussein",
  "Yzathfp": "Sohaila",
  "Xzw": "VALERIE",
  "Oib": "Grace",
  "Vetnw": "Jana Megan",
  "Imgg": "Patti",
  "Wmtw": "Pauline",
  "Pbe": "Lopez",
  "Vutw": "Theresa",
  "Axypery": "Newman",
  "Xakfqx": "Solomon",
  "Kuug": "Harvey",
  "Ravb": "Luis",
  "Xbmt": "Frazier",
  "Ltrb": "Essance",
  "Kivbaaj": "Pascall",
  "Nyfb": "Marcy",
  "Skef": "Caldwell",
  "Xbvug": "Shana",
  "Uajyup": "HARGRAVE",
  "Ifjom": "RUSSELL",
  "Cxoylt": "Ayesha",
  "Pwdapoj": "Ayesha",
  "Obiy": "Quamar",
  "Xkxekpw": "Fernandez",
  "Uqayeg": "Chante",
  "Nnchfcj": "Charles",
  "Bvrixee": "PERSAD",
  "Wqyx": "NARINE",
  "Ugxuajz": "Johnson",
  "Vnpen": "Gluck",
  "Dzf": "Chaya",
  "Vapc": "",
  "Moqkkx": "NYPD",
  "Vrhqo": "Laura",
  "Insbmy": "ESPOSITO",
  "Plrrpye": "Figueroa",
  "Aaowpk": "Daniel Roldan and Eric",
  "Vnylyjz": "Beltre-Hernandez",
  "Cidpr": "Anyely",
  "Wwinwtr": "Anyely",
  "Nquvq": "BRUNSON",
  "Oofzrhm": "NYC COMPTROLLER'S OFFICE ATTN: TAMIKA",
  "Zdzh": "Jeremiah",
  "Ikkzng": "Jeremiah",
  "Rfuei": "Kennedy",
  "Enkq": "FRANCES",
  "Ycz": "BARNETT",
  "Dxukd": "DWAYNE",
  "Abp": "MORRISON",
  "Iumyj": "ARETHA",
  "Rzyzcix": "HUANG",
  "Bie": "XINKUN",
  "Txpkj": "Toye",
  "Wne": "Theida",
  "Qwssqr": "COTSON",
  "Lqrofvp": "ALBERT",
  "Wokimd": "Ayler",
  "Rqhj": "Larry",
  "Uplbve": "McNeill",
  "Vintnl": "Treasure",
  "Xgmegk": "Kiana",
  "Nhb": "Kiana",
  "Izou": "Godffrey",
  "Oyfkkm": "YEARWOOD",
  "Inly": "DIEGO",
  "Fpcamz": "BENJAMIN",
  "Idfchsy": "IRVING",
  "Jaxn": "IRVING",
  "Iftwbko": "Delgado ",
  "Ktr": "Arcelay",
  "Gef": "Collins",
  "Czlcavp": "Toussaint",
  "Osijc": "TEDESCO",
  "Rsrjreh": "RONALD",
  "Mnst": "Anthony",
  "Ickqof": "Nichelle",
  "Atsnuh": "Nichelle",
  "Tolctpr": "Robinson",
  "Wce": "Otley",
  "Vlukylj": "Darren",
  "Hfgjq": "KAPELEVICH",
  "Vxrwbh": "SHIMON",
  "Dhgvq": "Thomas ",
  "Rsldol": "Abbigale",
  "Mkvrkh": "Williams",
  "Zyfqtqk": "Joan",
  "Abbwee": "Finley",
  "Uvba": "Shaleek",
  "Vvp": "Langford",
  "Vxqtxp": "Wendell",
  "Tmqqygj": "Moore",
  "Ciuxr": "Clarence",
  "Ifbjb": "Richard",
  "Vrxbk": "Jeffrey",
  "Inzoj": "Gonzalez",
  "Tupmvd": "Hector",
  "Chxgvnm": "",
  "Zqmego": "Imran",
  "Gfhwl": "Gervacio",
  "Ktrup": "Allison",
  "Buvnxqj": "RIDE",
  "Xke": "ACCESS A",
  "Gefue": "Astor",
  "Dqp": "Elijah",
  "Xvs": "SILVIA",
  "Qozml": "SILVIA",
  "Isfkxao": "CASTANEDA",
  "Ppvm": "Elaine",
  "Zvzb": "Elaine",
  "Zvve": "Brooks / Carty ",
  "Vughb": "Pedro",
  "Tuu": "Ovcharenko",
  "Dnixtp": "Rina",
  "Pinqtmu": "YOUNG",
  "Jcddv": "TED",
  "Qxvel": "Cesar",
  "Sekgoz": "Cesar",
  "Ycllksp": "Ramos",
  "Xjupch": "Monique",
  "Bwmx": "AMBULLETTE",
  "Pye": "MARQUIS",
  "Zqy": "Hernandez",
  "Lmloyfu": "Jennifer Beltre",
  "Xyocctb": "Beltre",
  "Nof": "JOSEPH",
  "Xkzjc": "INZETTA",
  "Ive": "CHARLES",
  "Azynb": "STATION",
  "Rzijd": "CON EDISON, COOPER",
  "Xylw": "MATOS",
  "Sved": "JAVIER",
  "Hmgu": "EASTMAN",
  "Xsbmpf": "TRISHA",
  "Mvnv": "Trinchese",
  "Dmimgob": "Luca",
  "Ahybzxc": "Natalie",
  "Luy": "Ruth",
  "Dokesn": "Ruth",
  "Crmo": "Washington",
  "Xuz": "Ghanem",
  "Gjw": "Said",
  "Xnc": "Jeremy",
  "Kragbcp": "Jeremy",
  "Iktt": "Johnson",
  "Rjveyd": "CARRINGTON ",
  "Imfhf": "MARIE",
  "Kouuvxt": "ISMAIL",
  "Hsoodps": "MAHER",
  "Ycuyzo": "BARKLEY",
  "Tlhc": "KEVON",
  "Fuup": "Pierre",
  "Ujbnyge": "Pierre",
  "Aunk": "George",
  "Qtc": "GARRICK",
  "Dwpitb": "BERRY",
  "Cyct": "RAUL",
  "Txcwdhq": "RAUL",
  "Tbimyg": "LIGHTBURN",
  "Xojj": "Mwaura",
  "Sdrj": "FORD",
  "Udo": "DEMETRIUS",
  "Cvpivd": "YOUNG",
  "Expphf": "JACKSON",
  "Jfbm": "Khrystyuk",
  "Zhjugn": "Bruno",
  "Cdwc": "DONATELLO",
  "Insmqi": "ESQUIVEL",
  "Mlhzopd": "AHMAD",
  "Bzm": "SWEENEY",
  "Wyr": "ELIAS",
  "Wqsrh": "SOTA",
  "Jqia": "BECERRIL",
  "Oxrvzns": "LORRAINE",
  "Snmp": "LORRAINE",
  "Kirap": "JOHNSON",
  "Asynbps": "WILLIAMS",
  "Llck": "WEEKLY",
  "Slgkd": "O'CONNOR",
  "Sjmruf": "Jeannot",
  "Uhyc": "Pearce",
  "Zjo": "WARD",
  "Tfbmr": "LOCKLEAR",
  "Uzfvzk": "MELVIN",
  "Scqse": "LUIS",
  "Ylgs": "CABRERA",
  "Lsuyr": "JERRY ST",
  "Cajqiv": "LOUIS",
  "Rdhggxs": "RODRIGUEZ",
  "Gltgx": "ELLEN",
  "Wkc": "DUFF",
  "Tde": "IRWIN",
  "Kfqjja": "IRWIN",
  "Gqgcf": "GLUCK",
  "Ojrcyo": "MCILWAIN",
  "Dvjj": "RALPH",
  "Pafmib": "VILLAMIN",
  "Hqxhyon": "BENJAMIN",
  "Jrqxph": "BENJAMIN",
  "Cwcc": "Jose",
  "Haezwo": "Jose",
  "Zsnrpqm": "HENRY",
  "Zmbkqe": "CAMPBELL",
  "Cbic": "Kevon",
  "Ndb": "Kitson",
  "Rnht": "Kadiesha",
  "Rlq": "Williams",
  "Aeo": "Uruchima",
  "Lxiypu": "Baptiste",
  "Cuvhxcz": "Chapman",
  "Urmjn": "LOPEZ",
  "Fltkqe": "DONNELL",
  "Ankxcx": "Goodwin",
  "Dodgiss": "Hovanec",
  "Huzd": "Rojas",
  "Qrdxkzw": "Yanira",
  "Hjvnx": "Sumeet",
  "Mgy": "Bynes",
  "Dxuur": "Zatik",
  "Vys": "KOPEC-JEWULA",
  "Anjd": "KOPEC-JEWULA",
  "Xbaz": "KESTER",
  "Idbkg": "Moreira",
  "Clvfp": "VILBON",
  "Zqv": "Morales",
  "Oxdhauw": "Adams",
  "Bigurb": "DONNELL",
  "Sbsr": "Christopher",
  "Wupw": "Cozzo",
  "Vtbf": "BEIR",
  "Mwdzp": "SYKES",
  "Rdfre": "Michael",
  "Rlbeetu": "CHRISTOPHER",
  "Pvatau": "RODRIGUEZ",
  "Sqvs": "Jamison",
  "Ost": "Peggy",
  "Viis": "Cean",
  "Xrvoyjw": "Cean",
  "Dypm": "Carla",
  "Gfu": "Melissa",
  "Ksi": "Peterson",
  "Ddwcvsu": "Subryan",
  "Wqccoe": "GAFFNEY",
  "Fkznoej": "Christopher",
  "Ghl": "S",
  "Zbyw": "Christopher",
  "Guay": "Dennis",
  "Ylckpus": "R",
  "Ngrswe": "WAISOME",
  "Fasnkq": "Alcine",
  "Mnhbwo": "Francois",
  "Ufiqf": "Garcia",
  "Igp": "Gavin",
  "Bnmru": "Guillen",
  "Dsn": "Jerry",
  "Ikaq": "Vasquez",
  "Jylzr": "Gonzalez",
  "Ynlei": "Pugh",
  "Gskjsvw": "James",
  "Abzwscr": "Luis",
  "Yogyzvb": "Luis",
  "Ljgw": "Dennis",
  "Xmrazfr": "Rendon",
  "Lvxwidn": "Louis",
  "Shqxfih": "Polaski",
  "Ivjbm": "Richard",
  "Rcj": "Richard",
  "Enqodu": "Iris",
  "Qcfjp": "Iris",
  "Mcr": "Cathy",
  "Geu": "Cheung",
  "Rtbtmn": "CASPILLO",
  "Yrczivf": "Irwin",
  "Oaz": "Malancon",
  "Rxznji": "Glenn",
  "Cplkz": "Womack",
  "Gjbi": "Marsha",
  "Ufkk": "Christopher",
  "Lzkjxdc": "Powell",
  "Frcg": "Jamal",
  "Pugheqj": "Levin",
  "Xnhnhn": "Andrea",
  "Ekarbd": "Martin",
  "Aaaeyfp": "Sherell",
  "Nffm": "Lewis",
  "Cnvqchz": "Josephine",
  "Uomdkn": "Murphy",
  "Lnjk": "Dion",
  "Epot": "Dion",
  "Tuck": "James",
  "Zcme": "minor",
  "Ldqg": "Transit",
  "Qzprl": "Coleman",
  "Lqqw": "NG",
  "Kjlfc": "Alpert",
  "Rnlxqxa": "Cunningham",
  "Rsz": "Gennaro",
  "Puek": "Stewart",
  "Mjodme": "DIAZ",
  "Stoz": "GAVIN",
  "Qhstwv": "RAWLINS",
  "Nmwz": "YIJ",
  "Hihgab": "NG",
  "Cwk": "ORTIZ",
  "Bkb": "CUNNINGHAM",
  "Jsioa": "CURRY",
  "Qdyx": "GRIFFIN",
  "Ctdet": "DAVIS",
  "Uetiebm": "Palmer",
  "Egvx": "VANN",
  "Cfebq": "MARTINEZ",
  "Yvex": "MURRAY",
  "Ztdn": "HARGROVE",
  "Gkyyvl": "HORACE",
  "Dshels": "BURROWES",
  "Rac": "BELGRAVE",
  "Qid": "EASTON",
  "Irkqwkq": "ERIC",
  "Kgn": "JAMES",
  "Ovyplz": "BLAKE",
  "Xrzpa": "DAVILA",
  "Fvik": "LYNCH",
  "Mus": "JORDAN",
  "Mui": "ANTHONY",
  "Bexbx": "BATTISTE",
  "Ofa": "KENNETH",
  "Guq": "SHAW",
  "Heppt": "Pedro",
  "Olmtanw": "Joloxtogore",
  "Lqkwi": "Efrain",
  "Lntz": "Richard",
  "Zkacuji": "MICHAEL",
  "Zly": "Joseph",
  "Qeb": "Perez",
  "Jhn": "PERSAWD",
  "Fjfdnn": "BLAIDES",
  "Emi": "MICHUDE",
  "Vmu": "MANSUR",
  "Whz": "CALDERON",
  "Eewfgj": "FREDERICKS",
  "Ywwd": "RODRIGUEZ",
  "Tgsfzp": "BURKE",
  "Ibnn": "ALFORD",
  "Bizvsgs": "SMALLS",
  "Hyemaq": "CODRINGTON",
  "Qbnr": "MARSHALL",
  "Vxvukez": "HERMAN",
  "Lmaxbf": "HERMAN",
  "Kwin": "BISHOP",
  "Jxqghy": "IKESHA",
  "Tmow": "Juarbe",
  "Lkmvoqp": "Milagros",
  "Uitgw": "Harris",
  "Gtszhnv": "Tiffany",
  "Rehg": "DREW",
  "Awnf": "Terrance",
  "Qkwni": "Terrance",
  "Mljmyd": "FIGARO",
  "Fxk": "BETHUNE",
  "Osahuy": "MICHAEL",
  "Mzurni": "EUGENE",
  "Xldfff": "GONZALEZ",
  "Nie": "HERRINE",
  "Lvpo": "LOPEZ",
  "Fhjliw": "MARTIN",
  "Htain": "HUTCHINSON",
  "Zgmnb": "RAMDIN",
  "Wegx": "GAVIN",
  "Wbn": "FRANCES",
  "Tcozlta": "DELLYSSE",
  "Gzw": "MIRROR",
  "Juucqv": "GUILDFORD",
  "Ykaqudp": "HASTY",
  "Exjjnsu": "JENKINS",
  "Uck": "PAGAN",
  "Amezt": "RUSH",
  "Chir": "AVERY",
  "Dcez": "LATOYA",
  "Tnnztri": "Soto",
  "Odaegsg": "KAHIMOVA",
  "Tsvfdi": "RAHMAN",
  "Yvwsp": "MASSO",
  "Pfqwwc": "SALCEDO",
  "Axaabz": "CULPEPPER",
  "Hael": "MASTROIANNI",
  "Pdfj": "RODRIQUEZ",
  "Rarnwiu": "Sadie",
  "Ycwjj": "Saltares",
  "Dtvqz": "MARCELINO",
  "Yvotg": "DUARTE",
  "Eragrth": "RITCHIE",
  "Bdfu": "CURRIE",
  "Mwomy": "CAREON",
  "Wiib": "Campbell",
  "Btz": "Serena",
  "Rmbuti": "CLARKE",
  "Lpxz": "CLARKE",
  "Ozjy": "CERRONE",
  "Wlozxad": "ZABOLOTNYY",
  "Wmxmwfy": "EDUARD",
  "Cfdgo": "Belgrave",
  "Mwtphac": "Kernisant",
  "Pqm": "Tatiana",
  "Fivsc": "Naomi",
  "Hkmnkc": "Naomi",
  "Ixytvp": "Williams",
  "Nveoiw": "Sakesha",
  "Kfrfm": "Tawona",
  "Bgg": "Tawona",
  "Rmrackq": "Burtt",
  "Dhz": "ROBB",
  "Glqnun": "DRANE",
  "Xcgmznz": "OLYMPIC SEWER",
  "Blve": "Natalie",
  "Qyiwuf": "Davis",
  "Ijw": "Melana",
  "Gyoxnpz": "Mayo",
  "Cjt": "Shanita",
  "Pjk": "Jackson",
  "Ykaiiso": "Moore",
  "Xnk": "Dannell",
  "Wbl": "Cox",
  "Monr": "Jovan",
  "Hzoojrq": "Peggy",
  "Axzriq": "Elize",
  "Caf": "Eric",
  "Bwml": "Eric",
  "Whgwao": "Georgina",
  "Juxrssx": "Georgina",
  "Lwvfz": "Oong",
  "Viwwz": "Ella",
  "Mmtbni": "PEREZ",
  "Nieblr": "MIGUEL",
  "Nywv": "ROSADO",
  "Oioplb": "Lyubov",
  "Fkhl": "Lyubov",
  "Hpl": "Lyubov",
  "Lax": "Lyubov",
  "Whnm": "Lutsenko",
  "Eeqtxgq": "Ramkissoon",
  "Nxbw": "Jaipersad",
  "Qnrsr": "dyer",
  "Kbzsiy": "rupert",
  "Yxzq": "Gantt",
  "Exqtd": "Dominique",
  "Gyo": "Prince",
  "Pnzzd": "Eric",
  "Bwzz": "Hines",
  "Mpypytb": "Mark",
  "Pxs": "Shaked-Stekler",
  "Imnv": "Ofer",
  "Zlhbz": "Lan",
  "Vhb": "Mei Lung",
  "Hzeq": "Hecht",
  "Fohiikk": "simon",
  "Kyxht": "BURTON",
  "Fgkz": "CLARENCE",
  "Fwy": "Peggy",
  "Mabmar": "Iris",
  "Bmri": "Edward",
  "Zhsaav": "Edward",
  "Kvuu": "Donnell",
  "Ano": "Donnell",
  "Anif": "Martin",
  "Sayr": "KALAMULLAH",
  "Eqqoi": "KHANDERKER",
  "Ldmgp": "Ronen",
  "Axkf": "Leiderman",
  "Ccge": "Bacote",
  "Phe": "Coey",
  "Xgh": "Locklear",
  "Slzjznj": "Connor",
  "Hqpqe": "Sheniqua",
  "Ude": "Baez",
  "Jdzxmp": "Vincent",
  "Lrspyo": "Reginal",
  "Nks": "Merrero",
  "Jtfww": "Jesse",
  "Clxeknw": "Nam",
  "Uvweyrd": "Sung Ju",
  "Nnr": "WHITE",
  "Jxfv": "Lynch",
  "Bonfosi": "Moore",
  "Hkcn": "Edward",
  "Zcv": "Iris",
  "Llamhaq": "COX",
  "Myzgpr": "JOVAN",
  "Aknsx": "Michael",
  "Bhzcnv": "Jenkins",
  "Hpcs": "Robin",
  "Ojguif": "Guilford",
  "Ldgnadg": "Constance",
  "Qmmprkj": "McDowell",
  "Jqay": "Antoine",
  "Jnfzkxr": "Pagan",
  "Kzief": "Manuel",
  "Algie": "Baptiste",
  "Lgzvwnq": "Jefferson",
  "Ngfcr": "Efrain",
  "Xnz": "Rodriguez",
  "Zqmv": "Phillips",
  "Spvxcp": "Kenneth",
  "Euruhu": "Josma",
  "Ndcmkx": "Jolox",
  "Rkykrw": "Lawson",
  "Gwqqhu": "Rondell",
  "Tevbubl": "Alexandre",
  "Ybw": "Gersende",
  "Grjj": "Luis",
  "Miiu": "Polaski",
  "Xydf": "Culpepper",
  "Ddf": "Fields",
  "Uyvwztf": "Patricia",
  "Rnej": "Jason",
  "Zmjg": "Jason",
  "Bfne": "Marzan",
  "Apkyji": "Coughman",
  "Kxwdzhf": "Tysheen",
  "Nkzcr": "Cyprien",
  "Uiswsqw": "Dan",
  "Pnpfp": "Yahaya",
  "Seo": "Mirambeaux",
  "Hka": "Michael",
  "Sigx": "Serota",
  "Lbzgw": "Johnson",
  "Wzi": "Lopez",
  "Qqrcdd": "Bright",
  "Hfct": "Jamil",
  "Qluv": "Reyes",
  "Sww": "Felix",
  "Jow": "Rodriguez",
  "Fwmt": "Wu",
  "Qkr": "Rong",
  "Bxxp": "Bing",
  "Zgf": "Delandro",
  "Qsfka": "Patrick",
  "Ozrc": "Beltrez",
  "Seap": "Christian",
  "Vgfif": "Ackerman",
  "Rfv": "Debra",
  "Gcu": "VIDAL",
  "Ufxfffx": "VICTOR",
  "Xwr": "NAVARETTA",
  "Lvaxphj": "STEPHEN",
  "Pzvk": "Thomas",
  "Evge": "Easton",
  "Gds": "Forms",
  "Czmuqdq": "SIERRA",
  "Asmyfo": "LOUIS",
  "Inc Optimism": "Yorkville Common Pantry, Inc",
  "Inc Beryl": "Yorkville Common Pantry, Inc.",
  "Urkvhct": "Chen",
  "Ybj": "Shu-Mei",
  "Hamjjxx": "ELENA ",
  "Jqnwlu": "ELENA ",
  "Inc Rocket": "New York Common Pantry, Inc.",
  "Klocs": "LOPEZ",
  "Bcjckk": "Lam",
  "Uqvg": "Sau Wah",
  "Nynbqo": "Realty",
  "Vxrqu": "Mestousis ",
  "Zgtupoo": "Isidiro",
  "Tpsnci": "Isidiro",
  "Ivhxhch": "Veal",
  "Stagxmk": "Veal",
  "Qog": "Taisha ",
  "Pblaxk": "Benton",
  "Kvxtmhi": "Gerald",
  "Fpjg": "MARTINEZ",
  "Iwlkrxj": "JANET ",
  "Vfg": "SANTIAGO",
  "Sqsc": "SANDRA ",
  "Lyz": "YOO",
  "Otkhsbs": "YOUNG ",
  "Iimbybt": "Carabello ",
  "Hdjd": "Edelmira ",
  "Mchhmcb": "JEFFERSON",
  "Mect": "JASON ",
  "Ftaxx": "Mark "
}