{
  "": "Bevan Octavia",
  "PARTICIPATING IN WORKPLACE BASKETBALL EVENT,,INJURED RIGHT KNEE ": "Royal Gisselle",
  "IW WAS REMOVING SNOW FROM SIDEWALKS FROM SEVERAL PROPERTIES THROUGH THE DAY AND FELT PAIN IN THE BACK AND LEFT SHOULDER ": "Marge Hilary",
  "IW WAS INVOLVED IN AUTO ACCIDENT WHERE WHE WAS R/E ": "Kinley Cheryl",
  "RAIN CAME DOWN SMOKE HOLE VENT OF ROOF AND ESSENTIALLY FRIED THE MOTHERBOARD ": "Josephine Rosabella",
  "Storm Damage": "Kelly Cari",
  "Vandalism/malicious Mischief": "Leyton Janele",
  "Water Damage": "Richardine Shanelle",
  "Tornado/Hurricane": "David Pleasance",
  " CLIENT MADE R TURN AND REAR OF VAN BUMPED REAR BUMPER OF PARKED                                                           \r\n          CAR AND STRUCK PEDESTRIAN                                                                                                    \r\n  \r\n": "Dee Douglass",
  "ANINDIVIDUALACCIDENTALLYSTRUCKEMPLOYEEWITHAMETALCHAIR ONTHERIGHTSIDEOFHERHEAD WHILEMOVINGIT.": "Duff Piety",
  "EMPLOYEEASSISTINGINDIVIDUALTHATHAD BEENPUSHEDFROM FALLING,FELLDOWNTHESUBWAYSTAIRS,AND INDIVIDUALFELLON HER": "Edison Nicola",
  "EEWASEXITINGTHECOMPANYVANAND FELLOFFTHESTEPONTHE VANAND LANDEDONGROUND.PAINTORWRIST,RKNEE,RANKLE.": "Arline Asher",
  "IWWASPERFORMINGANINTERVENTION,RESTRAININGPATIENTWHEN HEGOTUPNEXTDAYHEFELTPAINLEFTLEGAND RIBS.": "Augustine Etta",
  "IWWASPARTICIPATINGINA2-PERSONTAKEDOWNWITHLEGASSIST WHENSHEINJUREDHERBACK.": "Oscar Juliet",
  "IWWASTRYINGTOBREAKUPAFIGHTBETWEENCLIENTSWHENONEOF THECLIENTSPUNCHEDTHEIWINTHEABDOMENREPEATEDLY.": "Roderick Haley",
  "IWWASTRYINGTOPREVENTANINDIVIDUALFROMGETTINGINTOAND OTHERINDIVIDUALSROOMWHENSHEWASPUSHEDINTOTHEDOOR.": "Triston Sharmaine",
  "IWSTRUCKONRIGHTKNEEBYFALLINGPATIENT": "Yancy Mort",
  "IWWASWALKINGUPTHESTAIRSWHENSHEFELTAPAININHERLEFT KNEEAND CALF.": "Winton Perry",
  "EMPWASWORKINGWHENSHEWASPRICKEDBYANEEDLEFROMA INSULINPEN.": "Breana Solomon",
  "IWWASTRYINGTOSEPERATEAPERSONSHESUPPORTSAND A COLLEAGUE,THEPERSONSHESUPPORTSSLAMMEDHERINTOTHE WALL.": "Malcom Teal",
  "EMPLOYEEWASINJURED/ PUNCHEDBYANINDIVIDUAL.": "Jed Charisma",
  "IWWASHELPINGANINDIVIDUALHAVINGABEHAVIORWHENTHE INDIVUALHEAD BUTTED HERAND HERHEAD HITTHEWALL.": "Barbie Jarrett",
  "EMPWASINTHEKITCHENSPEAKINGTOANOTHEREMPLOYEE,WHENA PATIENTGRABBED HERARMAND THREWHER.": "Joella Phebe",
  "EMPPERFORMINGTOUCHCONTROLWITHCLIENTWHENCLIENT GRABBED EMPSRIGHTWRISTAND TWISTED IT.": "Cate Melissa",
  "EEWASPUSHINGAND INDIVIDUALUPARAMPINAWHEELCHAIRAND STRAINRIGHTKNEEAND ANKLE.FELTASNAPAND PULL.": "Sharyn Paulene",
  "EMPDOING2PERSONTRANSFERFROMBED TOWHEELCHAIRFELT PAININRTNECKRTSHOULDERDOWNARMTORTSMALLFINGER": "Pamila Brooklyn",
  "IWREMOVINGSNOWFROMFRONTYARDAND FROMCOMPANYVAN AND FELTAGRABBINGPAININHERBACK.": "Symphony Regina",
  "IWWASBITTENONTHEUPPERLEFTARMBYADISABLEDADULT. LACERATED AND INFECTED.": "Chanel Rachelle",
  "EMPWASPERFORMINGNORMALWORKDUTIESWHENAPATIENT THREWANIGHTSTAND ATHIMINJURINGHISLEFTANKLEAND KNEE": "Samara Tamela",
  "EMPLOYEEWASCHANGINGINDIVIDUAL,MOVINGHERFROMONESIDE OFBEDTOOTHER,AND INPROCESSHURTHERBACK": "Irvin Brock",
  "EMPWASWORKINGWHENHEWASATTACKEDBY2OF3INDIVIDUALS ATTEMPTINGTOBREAKUPANALTERCATIONBETWEENTHEM.": "Allannah Mayson",
  "IWWASACCOMPANYINGACLIENTTOANAPPOINTMENT,WHENIW'S VEHICLEWASREARENDEDATSTOPLIGHT": "Paxton Debbie",
  "EEWASTRANSPORTINGANINDIVUALHOME WHENTHEVANWAS REARENDEDTHUSINJURYINGHERLOWERBACK WHILEWAITINGFOR EMS,": "Tamara Michael",
  "EMPWASDOINGCPRTRAININGAND FELTPAININLEFTKNEE,WHICH INCREASED.": "Fleurette Shavon",
  "IWWASDRIVINGANOTHERTOMEDICALAPPTAND TRYINGTOAVOID INCOMINGCAR,HITOTHERCAR,AIRBAGDEPLOYED CAUSED INJURY": "Raegan Rolph",
  "ASPILLKITWASUSED ONFLOOR(POWDER),IWDID NOTKNOWITWAS ONFLOOR,AND SLIPPEDAND FELLONIT.": "Derby Josephine",
  "EMPLOYEEWASDRIVINGAND WASATTHESTOPLIGHTWHENSHEWAS REAR-ENDEDBYANOTHERVEHICLE": "Leanna Shana",
  "IWWASRESTINGHERHAND ONTHEDOORENTRYWHENAGUSTOF WIND SHUTTHEDOORONHERRIGHTHAND": "Seraphina Theodore",
  "IWWASACCOMPANYINGAPERSONUPTHESTAIRS,THEPERSONLOST HISBALANCE.IWTRIEDTOCATCHHIMWHENHISINJUREDHISFOOT": "Duke Sallie",
  "FINGERCAUGHTBETWEENACLOSINGDOOR.": "Vere Simon",
  "EMPWASWORKINGWITHINDIVIDUALS,ONEINDIVIDUALGRABBED HER,CAUSINGHERTOFALLONLEFTKNEE": "Roslyn Garnet",
  "IWKICKEDBYRESIDENTONRIGHTKNEE": "Ivor Euphemia",
  "IWWASPREVENTINGAPERSONFROMBEINGINJUREDINKITCHEN,AND HAD HOTOILFALLONTOHERUNKWRIST.": "Jaci Hartley",
  "EMPWASPUSHEDAGAINSTADOORBYANINDIVIDUALHITTINGHER BACKONDOORKNOB,SHEWASALSOWASONGRABBED WRIST& FOREARM": "Cyprian Vance",
  "EMPLOYEEWASINCONVENIENTSTOREGETTINGCOFFEEWHENSHE SLIPPEDONWETFLOOR": "Chuckie Nevaeh",
  "WHILEASSISTINGPROGRAMPARTICIPANTSHEWASBITONARM/HAND": "Adela Bailee",
  "EE SATES TRANSFERRING PATIENT WITH MS , PATIENT FELL TRIED TO LIFT PATIENT & INJURED LOW BACK , PIAN RADIATING TO RIGHT LEG. ": "Alden Cristen",
  "IW WAS WORKING WITH A CLIENT & THE CLIENT STARTED TO FALL & PULLED THE IW DOWN WITH HIM CAUSING HER BACK TO STRIKE THE WALL; IW'S LOWER BACK IS SORE ": "Red Tolly",
  "CLIENT HAD TAKEN HER BLOOD SUGAR, COULDN'T GET NEEDLE OUT OF CASING, IW WAS HELPING HER AND IW POKED HER LEFT INDEX FINGER WITH NEEDLE. ": "Bernard Gaye"
}