{
  "Cheyenne": "BETTY",
  "Zola": "BETTY",
  "Inc Detail": "MICAH'S PLACE INC.",
  "Kiera": "ALICIA M",
  "Earleen": "ALICIA M",
  "Inc Pattern": "BROOKLYN COMMUNITY HOUSING",
  "Olivia": "JOANN S",
  "Clematis": "GABRIEL",
  "Selwyn": "MARTHA",
  "Chanelle": "MICHAEL’S",
  "Cale": "BIASSO",
  "Harry": "",
  "Milo": "BIASSO",
  "Tucker": "ROBERT",
  "Adolph": "BRADFORD",
  "Inc Dud": "EASTERN CHRISTIAN CHILDRENS RETREAT",
  "Nola": "LAWRENCE",
  "Trish": "CYNTHIA",
  "Madyson": "JONES",
  "Beckett": "Kelly",
  "Grayson": "JOHN",
  "Auberon": "MADOLYNE",
  "Rheanna": "MOON",
  "Leroi": "KEVIN",
  "Ansley": "ANGEL",
  "Viona": "KURTISA",
  "Grahame": "ROBERT",
  "Lew": "DEE DEE",
  "Richelle": "DOMINIQUE",
  "Jem": "RICHARD",
  "Masterman": "MICHAEL’S",
  "Katherine": "LUBINSKI,",
  "Boyd": "PRISCILLA E",
  "Petunia": "ALICE",
  "Edward": "ALICE",
  "Chrissie": "NYEKI",
  "Merla": "BEVERL",
  "Michael": "HERNANDEZ",
  "Ernie": "BRIDGETTE",
  "Adalynn": "TIFFANY",
  "Hamnet": " ANN",
  "Ambrosine": "JOHNSON",
  "Chantel": "REGINA",
  "Zaiden": "DEE DEE",
  "Roseanne": "CONEY",
  "Eileen": "CHARLENE",
  "Alethea": "WINIFRED",
  "Rosie": "STEVE",
  "Elfrida": "MELIVA",
  "Carlisle": "JEHAD",
  "Starr": "CHRISTI",
  "Katharyn": "STEVEN",
  "Julyan": "KURTISA",
  "Eleanore": "CRYSTAL",
  "Wat": "JOSEPH",
  "Marvyn": "ALMHAISEN",
  "Skylar": "ZAKARIA",
  "Robert": "JAMES",
  "Lyda": "BRADISH",
  "Garfield": "MICHAEL",
  "Anna": "UKITCHIA S",
  "Harris": "SHEILA",
  "Lemoine": "YOLANDA",
  "Cher": "TEKESTE",
  "Pancras": "ADIAM",
  "Jervis": "KOURTNEY",
  "Isiah": "HOOK",
  "Mikhaila": "Cannon",
  "Capricia": "UNDERWOOD",
  "Aric": "LOVATT",
  "Hettie": "ANN F",
  "Finnegan": "WATKINS",
  "Valary": "DEEDEE",
  "Issac": "LINDA",
  "Caren": "LINDA",
  "Patience": "MICHAEL",
  "Bailey": "TANGELA J",
  "Garey": "MICHAEL’S",
  "Leann": "ASHMAN",
  "Isaac": "CORDELLA",
  "Zavia": "CIACCIO",
  "Coleman": "VOLCY",
  "Aspen": "BARBARA",
  "Alani": "DAY",
  "Precious": "DANIEL",
  "Nyree": "JANICE",
  "Alyce": "PATRICIA",
  "Kerrie": "",
  "Cordell": "DOROTHY",
  "Lou": "LYNNE",
  "Tiara": "JAMES",
  "Richard": "Simona",
  "Wade": "",
  "Dorothea": "ODETTE",
  "Heath": "ODETTE",
  "Odell": "GONZALEZ",
  "Willy": "MASSARO",
  "Biddy": "ROXANN",
  "Orpha": "HEATHER",
  "Faron": "HEATHER",
  "Cyan": "FRANK",
  "China": "GRAY",
  "Davy": "DONNA",
  "Jonah": "RAMOS",
  "Faithe": "RHONDA",
  "Virgil": "RHONDA",
  "Mariah": "NJOGU",
  "Delicia": "Jermaine",
  "Ashlee": "",
  "Stevie": "EILEEN",
  "Noel": "JOE L",
  "Netta": "DEBORAH",
  "Biff": "ASHMAN",
  "Jaxon": "MIAVIS A",
  "Pene": "DAWN",
  "London": "SHEILA",
  "Leo": "BRYAN",
  "Earl": "OOSTOLYK",
  "Cierra": "RHODA L",
  "Denton": "PRISCILLA",
  "Serrena": "LONG",
  "Hellen": "SUSAN",
  "Keane": "ROXANNE",
  "Gallagher": "SUSAN",
  "Chrissy": "BERTHA",
  "Elfleda": "JR.",
  "Artie": "ROSE",
  "Vincent": "BRYAN",
  "Euphemia": "BEVERLY",
  "Lulu": "LAURIE",
  "Deirdre": "BRENDA",
  "Aletha": "JEHAD",
  "Dolph": "ROBERT",
  "Regena": "EDELBERG",
  "Libbie": "BEVERLY",
  "Shelby": "JOYCE",
  "Warren": "WILLIE",
  "Jakki": "RYAN",
  "Brayden": "Marie",
  "Shae": "ADENIYI",
  "Zena": "SARAH",
  "Declan": "VELEZ",
  "Evonne": "Wheeler",
  "Peggy": "GLADYS",
  "Crispin": "SHIRLEY",
  "Philomena": "Nelson",
  "Roslyn": "SPERA",
  "Jesse": "KRAUSS",
  "Tevin": "NYMAN",
  "Judi": "",
  "Bryce": "FORTNEY",
  "Joseph": "WILLIAMS",
  "Maybelle": "EVELYN",
  "Liliana": "PAMELA",
  "Clotilda": "PAMELA",
  "Jinny": "ROWLANDS",
  "Dex": "ANN",
  "Ronald": "JONES",
  "Bree": "SUSAN",
  "Mildred": "FLORENCE",
  "Hayes": "JUANA",
  "Moreen": "ELIZABETH",
  "Brannon": "SHIEMA",
  "Sonny": "SHIEMA",
  "Willow": "DAWN",
  "Moira": "WILBERT",
  "Lavern": "Louis",
  "Tyra": "MARTHA",
  "Radclyffe": "",
  "Pierce": "GEORGE",
  "Shania": "MAX",
  "Silver": "Della",
  "Wesley": "R",
  "Priscilla": "",
  "Sharyl": "ORTIZ",
  "Daphne": "DAVID",
  "Carly": "SHAKYLE J",
  "Ferdy": "HOLM",
  "Anabelle": "KONGTONG",
  "Tranter": "NOPAKAO",
  "Jonette": "ROBERT",
  "Liberty": "BURKHEAD",
  "Spencer": "DAUN",
  "Dionne": " NICOLE",
  "Duff": "GUNNAR",
  "Jordon": "LJUBINKA",
  "Horatio": "DALE",
  "Lindsay": "LYDIA",
  "Eartha": "BRENDA",
  "Narelle": "SADIE",
  "Joelle": "ANN",
  "Dolly": "TOM",
  "Julianna": " BRENDA",
  "Everett": "NAKEEMA",
  "Jeb": "LEIGH A",
  "Tamsin": "AVETERBERRY",
  "Aaliyah": "LAURA",
  "Weldon": "STEPHANIE",
  "Hyrum": "STEPHANIE",
  "Annie": "TEIXEIRA",
  "Shayne": "MAXIMINA",
  "Abram": " BARBARA",
  "Gresham": "RAYANNIC",
  "Lenard": "TIMOTHY",
  "Presley": "ORTIZ",
  "Edith": "RUBY",
  "Satchel": "ALLEN",
  "Linwood": "MONIQUE",
  "Lex": "LATASHA",
  "Thad": "LATASHA",
  "Orval": "TENNANT-NUNES",
  "Leopold": "JACQ",
  "Alecia": "YOLANDA",
  "Holden": "BEVERLY",
  "Hughie": "BYRD",
  "Abigail": "WINIFRED",
  "Tillie": "SHEILA",
  "Cohen": "KEVIN",
  "Adaline": "ORDONEZ",
  "Laurene": "JULIO",
  "Kellie": "THOMPSON",
  "Lettie": "FAWZY",
  "Lottie": "LAURIE",
  "Bridgette": "CAMPBELL",
  "William": "MELVA",
  "Mick": "KATRINA",
  "Percy": "TRIBA",
  "Nigellus": "MICHAEL’S",
  "Fitz": "JEANETTE",
  "Quincey": "JEANETTE",
  "Tracy": "TRAVISM",
  "Calvin": "TRACY",
  "Stacia": "DEEDEE",
  "Ginny": "GILLESPIE",
  "Chastity": "ROBERTA",
  "Clancy": "WALKER",
  "Addy": "NATISHA",
  "Kaelyn": "Kelly",
  "Nicole": "FLORENCE",
  "Julian": "DELGADO",
  "Steven": "BUTLER",
  "Agatha": "DANIEL",
  "Sinclair": "MICHAEL",
  "Antonia": "WORTHAM",
  "Kasey": "ET AL ATIMA",
  "Thaddeus": "HARRIS",
  "Drew": "SHERRY",
  "Peggie": "SHERRY",
  "Kalysta": "CAMPBELL",
  "Jude": "SIMKO",
  "Liam": "BONNIE",
  "Rufus": "JOHNSON",
  "Jasper": "ORISAN",
  "Sydne": "ESTEFANIA",
  "Elicia": "JHOEL",
  "Baylee": "BRIAN",
  "Oz": "BRACE",
  "Marshall": "GENET",
  "Georgene": "BRIGHED",
  "Reuben": "JR CHARLES H",
  "Roselyn": "MCKENZIE",
  "Brady": "BUTLER",
  "Josephina": "SHARON",
  "Johanna": "SHARON",
  "Landyn": "",
  "Jace": "CHWDHURY",
  "Linton": "BARBARA",
  "Jillian": "",
  "Lessie": "SHAMEKA",
  "Kemp": "CASTER",
  "Keara": "RAMIREZ",
  "Blanche": "TANYA",
  "Martin": "ERICA",
  "Julianne": "SYLVAN",
  "Pris": "RADHA",
  "Clarice": "TAMMARA",
  "Daffodil": "GABIDON",
  "Edythe": "MARVA",
  "Rosy": "DONALD",
  "Joslyn": "BRIAN",
  "Messiah": "",
  "Wallis": "GARRIDO",
  "Rodge": "MERCEDES",
  "Clay": "IRA B",
  "Reese": "AUNESSA",
  "Darell": "OSSON",
  "Rupert": "BRUCE",
  "Earlene": "JOAN",
  "Tricia": "KATHRYN",
  "Esme": "KLOPMAN",
  "Jordana": "DARIENE",
  "Corey": "BRENDA",
  "Malandra": "ALMHAISEN",
  "Dale": "",
  "Jaylah": "MBAYO",
  "Glanville": "Iesha",
  "Scotty": "MARIA",
  "Rachael": "MARIA",
  "Caleigh": "CLAIRE",
  "Malone": "",
  "Marlon": "DARMEIKA",
  "Courtney": "BELFIELD",
  "Archer": "MCKENZIE",
  "Edgar": "",
  "Kelia": "JOHN",
  "Phoebe": "ALEKSIC",
  "Kairo": "JENNIFER",
  "Isabel": "TRIEBENBACH",
  "Irwin": "",
  "Bertha": "ROSA",
  "Stafford": "WILLIAM",
  "Modesty": "WILLIAM",
  "Herbie": "JAMES",
  "Helena": "THEOLA",
  "Miles": "MICHAEL",
  "August": "BRENDAN",
  "Clarity": "KARECA",
  "Nessa": "JANEE",
  "Buffy": "LAWRENCE",
  "Clemence": "Maldonado",
  "Ripley": "ANDERSON",
  "Glenna": "MICHAEL’S",
  "Lorelle": "SHEILA",
  "Inc Binge": "ASPIRA OF NEW YORK INC",
  "Maxwell": "ORTIZ",
  "Ramsey": "AZEVEDO",
  "Macauley": "LASHANIQUC",
  "Jaymes": "LASHANIQUC",
  "Susie": "ESTEFANIA",
  "Lorelai": "RUGIEYATU",
  "Page": "LARKIN",
  "Inc Laced": "ASPIRA OF NEW YORK INC.",
  "Rylee": "DARIEL",
  "Irene": "YABAIRA",
  "Barclay": "YABAIRA",
  "Bernadine": "PAMELLA",
  "Alysha": "MARK",
  "Brendan": "JARRED",
  "Godfrey": "",
  "Roni": "",
  "Skyla": "JOSEPH",
  "Cecelia": "MORRIS",
  "Inc Able": "PRC WE CARE LLC",
  "Suzie": "MARIA",
  "Shon": "JAMIE",
  "Isla": "JAMIE",
  "Roydon": "LARISA",
  "Kevyn": "VIRGINIA",
  "Stacy": "ET AL ATIMA",
  "Inc Garrison": "ASOCIACION DE PUERTORRIQUENOS",
  "Freida": "CDC",
  "Keighley": "CDC ETAL ATIMA",
  "Cecily": "CDC ETAL ATIMA",
  "Merrion": "CDC ETAL ATIMA",
  "Diamond": "ANDREJ",
  "Stephany": "GONZALEZ",
  "Eliana": "GUNNAR",
  "Vere": "DANIEL",
  "Tracee": "PERLANECH",
  "Beverly": "PERLANECH",
  "Cavan": "SAMUEL",
  "Jaslyn": "FRANCIS",
  "Grey": "CARLOS",
  "Nellie": "CARLOS",
  "Merrilyn": "FELIPE",
  "Darby": "Glicksman",
  "Giffard": "MARK",
  "Jaydon": "SUHEILY",
  "Bennett": "KENNIA",
  "Kelsey": "GERARD",
  "Bettye": "SARAH",
  "Mathew": "ORLANDO",
  "Jacey": "ARCHER",
  "Tammara": "MANUELA",
  "Blair": "BEATRIZ",
  "Katrina": "ROBERT",
  "Taegan": "ELISABETH",
  "Lexi": "",
  "Elea": "CHARLES",
  "Elsa": "WINIFRED",
  "Christi": "VIANNA",
  "Corina": "LUZ E",
  "Royle": "GAY",
  "Alexandrea": "ELISANDRA",
  "Rene": "ELISANDRA",
  "Dina": "WANDA",
  "Watson": "EUNICE",
  "Woody": "DJAMINE J",
  "Johnathan": "TAVRIZYAN",
  "Inc Stream": "ARG SENIOR CARE LLC",
  "Mo": "SONIA",
  "Grant": "TODD",
  "Leah": "PRINCESS T",
  "Jameson": "PRINCESS T",
  "Rachel": "/BUSHWICK",
  "Kathy": "GARDENS APARTME",
  "Vernon": "JOHN J",
  "Cornelius": "FRANK",
  "Ira": "EARL",
  "Claire": "ORLANDO",
  "Lavonne": "ADAM",
  "Alanna": "ADAM",
  "Brandt": "DANIELLE",
  "Freddy": "ERIN",
  "Inc Index": "        ST. MICHAEL’S SCHOOL FOR BOYS                                                                                             \r",
  "Errol": "DOMINIQUE",
  "Mary": "JOHNSON",
  "Dom": "SHANNON M",
  "Kailee": "ROBERT",
  "Janice": "MARIA",
  "Freya": "LUZ M",
  "Mikey": "PERLANECH",
  "Gladys": "MELADIE K",
  "Lorri": "CARLOS",
  "Payton": "FELIPE",
  "Chandler": "SUHEILY",
  "Mervyn": "OLGA",
  "Audrea": "ORLANDO",
  "Georgiana": "MANUELA",
  "Kaylyn": "BEATRIZ",
  "Nina": "ELISABETH",
  "Zelda": "ROSA",
  "Christabella": "VIANNA",
  "Mark": "LUZ E",
  "Cherette": "ELISANDRA",
  "Breana": "JAMES",
  "Bethel": "TAMMY",
  "Lorn": "WEBER",
  "India": "JAMIE",
  "Reid": "LARISA",
  "Ever": "MARIS",
  "Shel": "LORI",
  "Joan": "Vibert",
  "Philadelphia": "Henry",
  "Inc Chip": "Yeshiva of North Jersey",
  "Caden": "MERCADO",
  "Inc Ague": "TENDER TOUCH REHABILITATION",
  "Kynaston": "JACQUES",
  "Wayland": "ROSA",
  "Christmas": "DARIEL",
  "Korbin": "YABAIRA",
  "Albert": "ROBERT",
  "Dorris": "SHAKYLE J",
  "Munroe": "JAIME",
  "Lorainne": "JOSE",
  "Mica": "RODRIGUAZ",
  "Benji": "RAMOS",
  "Edna": "ANGELINA",
  "Erle": "JOSEPH",
  "Jemmy": "MARIE",
  "Inc Rancor": "ABLE HOME HEALTH CARE LLC",
  "Weston": "DANIELLE",
  "Devin": "DIEGO",
  "Comfort": "DANIELLE",
  "Aleah": "SHAKYLE J",
  "Rochelle": "JAIME",
  "Oswald": "IRA B",
  "Jase": "SNOWDON",
  "Jerald": "LASHANIQUC",
  "Kassy": "ESTEFANIA",
  "Desiree": "BELTON",
  "Des": "LLOYD",
  "Goddard": "IRA B",
  "Eula": "DANIELLE",
  "Cathryn": "CHARLENE",
  "Avianna": "LASHANIQUC",
  "Erica": "ESTEFANIA",
  "Royston": "IRA B",
  "Harleigh": "CASSANDRA",
  "Sharise": "ESTEFANIA",
  "Tatianna": "BLIGEN",
  "Becca": "WALSH",
  "Lynton": "TORRES",
  "Raine": "DENISE",
  "Ethelinda": "CHARLESJ",
  "Geordie": "DONALD",
  "Kean": "Heart To Heart Social",
  "Inc Entrance": "        ST. MICHAEL’S SCHOOL FOR BOYS                                                                                          \r",
  "Diantha": "FELKER",
  "Oli": "LAWRENCE",
  "Terra": "JR.",
  "Quintella": "JR.",
  "Selina": "ANDREW",
  "Norene": "CONCEPCIO",
  "Mahalia": "BRIAN",
  "Veva": "SUHEILY",
  "Luanne": "",
  "Keeley": "DAVID",
  "Tyrell": "DAVID",
  "Rex": "ROBERT",
  "Grace": "SHINGLER",
  "Laz": "RHIANNON",
  "Syd": "JOHN",
  "Josceline": "JOHN",
  "Monique": "JOSEPH",
  "Leroy": "MELISSA",
  "Adella": "TODD",
  "Norton": "ELWIN",
  "Evvie": "Greulich",
  "Caitlin": "COMPTON",
  "Arnold": "LOUANNE",
  "Vivyan": "ARTHUR",
  "Angelina": "BRIAN",
  "Lotus": "PARIS",
  "Nevada": "ROBERT",
  "Connor": "JR",
  "Rebeckah": "JR",
  "Bram": "GERALD",
  "Sheena": "Adriane",
  "Glenn": "HOLLY",
  "Nolene": "DIANE",
  "Sophy": "DENISE",
  "Chesley": "ELIZABETH",
  "Truman": "GIRARD",
  "Lynna": "GIRARD",
  "Cate": "WILLIAM",
  "Cyndi": "JACKIE",
  "Connie": "DAVID",
  "Winnie": "MARY",
  "Krystina": "MARY",
  "Morty": "THOMAS",
  "Buddy": "THOMAS",
  "Princess": "DOUGAN",
  "Les": "FLORENCE",
  "Happy": "JOYCE",
  "Ardith": "JOYCE",
  "Macey": "ANN",
  "Amilia": "ANTHONY",
  "Ollie": "TANIKAY",
  "Terry": "Randi",
  "Beth": "Basim",
  "Perlie": "MICHAELS",
  "Campbell": "PARKER",
  "Bayley": "ALLEN",
  "Maxton": "DUSTON",
  "Tisha": "KENNETH",
  "Braylon": "KEVIN",
  "Roxy": "LEVINSHON",
  "Parry": "MICHAEL’S",
  "Norah": "",
  "Philis": "ST.",
  "Fanny": "WALSH",
  "Dash": "LINDA",
  "Darrell": "BRIGHID",
  "Edwyn": "KEVIN",
  "Gwyneth": "FRANCES",
  "Alva": "MELISSA",
  "Colin": "LOPEZ",
  "Wayne": "MR",
  "Madelyn": "KEVIN",
  "Em": "FLORENCE",
  "Kelli": "MC",
  "Danni": "BIRGEL",
  "Leta": "JAMES",
  "Darcy": "T.",
  "Dashiell": "MICHAEL’S",
  "Temple": "BRUCE",
  "Herbert": "MARIA",
  "Damian": "Antar",
  "Douglass": "ROY",
  "Sheridan": "Neil",
  "Franklyn": "Ronald",
  "Dodie": "RAYMOND",
  "Gemma": "ROBERT",
  "Edwin": "BETTY",
  "Sharleen": "",
  "Florence": "JERE",
  "Gytha": "JERE",
  "Doyle": "",
  "Tawnya": "LARRY",
  "Cyril": "PIERRE",
  "Quentin": "TARA",
  "Indiana": "TARA",
  "Manny": "JAMES",
  "Kegan": "JAMES",
  "Dona": "MARK",
  "Kennith": "GONZALEZ",
  "Kyler": "ANN",
  "Nadia": "MELISSA",
  "Lizette": "JOSEPH",
  "Mavis": "GERARD",
  "Chrystal": "ROBERT",
  "Lesley": "MICHAEL’S",
  "Lambert": "LARRY",
  "Alan": "DALE",
  "Tasha": "AUKEN",
  "Jackson": "",
  "Lucia": "SAMANTHA",
  "Dulcie": "MURPHY",
  "Jacquetta": "GREGORY",
  "Celandine": "",
  "Madeline": "DWIGHT",
  "Bev": "",
  "Patricia": "MURDOCK",
  "Jordan": "LAWRENCE",
  "Lon": "MICHAEL’S",
  "Kodey": "STEVE",
  "Drea": "GAUGHAN",
  "JoBeth": "FRANK",
  "Sue": "ENTERPRIZE",
  "Shari": "LEASING&",
  "Sydnee": "JOHN",
  "Lorine": "SARAH",
  "Topher": "MICHAEL",
  "Lucas": "BRIGHID",
  "Chucky": "LARRY",
  "Geneva": "TONYA",
  "Korrine": "JR.",
  "Regina": "JOSEPH",
  "Emelia": "ROBERT",
  "Rona": "DANIEL",
  "Sherisse": "ANDY",
  "Cora": "SHANE",
  "Evelina": "ELIZABETH",
  "Casey": "MICHAEL’S",
  "Allissa": "GEORGE",
  "Sully": "GEORGE",
  "Maximillian": "",
  "Sherilyn": "MARTIN",
  "Jo": "WAYNE",
  "Memphis": "SUZANNE",
  "Xavia": "Alvania",
  "Lianne": "ROBERT",
  "Barnabas": "MICHAEL’S",
  "Charlie": "DRUMHELLER",
  "Chet": "SHAUN",
  "Kristi": "WILLIAM",
  "Arlen": "JACK",
  "Quinton": "FRANK",
  "Brenton": "WILLIAM",
  "Grady": "MICHAEL’S",
  "Lita": "SCOTT",
  "Meade": "SCOTT",
  "Jojo": "MARY",
  "Porter": "MICHAEL’S",
  "Bunny": "D",
  "Chaz": "D",
  "Karl": "ELWIN",
  "Patty": "GARY",
  "Jocelyn": "DELUCA",
  "Coretta": "JOAN",
  "Drummond": "JOAN",
  "Lionel": "ELIZABETH",
  "Alita": "LARRY",
  "Thatcher": "TIMOTHY",
  "Lee": "TIMOTHY",
  "Ariella": "KATRINA",
  "Conway": "FLORENCE",
  "Coreen": "JENNIFER",
  "Rae": "RODNEY",
  "Lois": "RODNEY",
  "Valarie": "Perkins",
  "Crawford": "LANCE",
  "Jannine": "JOSEPH",
  "Ember": "LAWRENCE",
  "Rigby": "KEITH",
  "Randolf": "JAMES",
  "Ashlynn": "THOMAS",
  "Kelly": "SHIRLEY",
  "Aline": "EDUARDO",
  "Petal": "MICHAEL",
  "Andrina": "MICHAEL’S",
  "Elliott": "JR",
  "Kellan": "BRUCE",
  "Gwenda": "JENNIFER",
  "Rosalin": "J",
  "Seymour": "MICHAEL’S",
  "Meaghan": "MICHAEL’S",
  "Tatyanna": "GOMEZ",
  "Abigayle": "DORMAN",
  "Marcelyn": "MICHAEL",
  "Pleasance": "ROEDEL",
  "Lorie": "MICHAEL",
  "Jess": "KEVIN",
  "Annalise": "ROBERT",
  "Goldie": "DOROTHY",
  "Sequoia": "",
  "Erykah": "HEBERLY",
  "Christy": "EDWIN",
  "Raquel": "McLean",
  "Mysie": "TAMMY",
  "Dwain": "IRIZARRYWRIGH",
  "Dortha": "KAREN",
  "Rian": "",
  "Jaylynn": "ANASHA",
  "Alexandra": "LOUIS",
  "Adria": "LOUIS",
  "Gracelynn": "FLYNN",
  "Alexandria": "JUDE",
  "Coy": "MICHAELS",
  "Lyric": "MICHAELS",
  "Roxane": "SHEILA",
  "Dre": "LEONARD",
  "Antony": "LEONARD",
  "Misty": "KI",
  "Kirby": "LARSON",
  "Katherina": "MARGARET",
  "Kenton": "MELISA",
  "Bear": "PETULA",
  "Langdon": "ROBERT",
  "Forest": "PRETE",
  "Christopher": "FLORENCE",
  "Homer": "SHELBY",
  "Knute": "FRANCINE",
  "Sallie": "LINDA",
  "Gwenevere": "BRIGHID",
  "Bethany": "ERIC",
  "Nathaniel": "FAITHLYN",
  "Xander": "MICHAEL",
  "Wilson": "STEELE",
  "Newton": "STEELE",
  "Jericho": "MICHAEL’S",
  "Phyllis": "BRIAN",
  "Keefe": "JR",
  "Eliza": "MILEWSKI",
  "Anita": "DOROTHY",
  "Tobias": "MICHAEL’S",
  "Tiger": "MATTHEW",
  "Cole": "MATTHEW",
  "Lenore": "MARK",
  "Ivor": "THOMAS",
  "Rich": "",
  "Emmitt": "TIMOTHY",
  "Lolicia": "GAYLE",
  "Hallie": "MARK",
  "Isadora": "TREVICA",
  "Steph": "KATRINA",
  "Kimmie": "HIGGINS",
  "Aviana": "SANTIAGO",
  "Annette": "DAVID",
  "Dean": "AL",
  "Brock": "GEORGE",
  "Lucius": "GIOVANNA",
  "Leone": "DAVID",
  "Brittny": "KENNETH",
  "Victoria": "KENNETH",
  "Renee": "DENISE",
  "Eustace": "EDWARD",
  "Victor": "DOUGLAS(M",
  "Edison": "DENISE",
  "Romy": "MATTHEW",
  "Tiffany": "OSTROWSKI",
  "John": "SOFIA",
  "Jere": "LANCE",
  "Iona": "MARIA",
  "Maree": "FRANCIS",
  "Brandi": "BRIGHID",
  "Brianna": "J",
  "Milford": "KIM",
  "Enid": "",
  "Tel": "KAREN",
  "Sigmund": "CARLOS",
  "Lissa": "MARK",
  "Tarina": "JANE",
  "Chevonne": "JANE",
  "Honor": "ROBERT",
  "Darcie": "LANCE",
  "Ronnie": "LANCE",
  "Hyram": "ANN",
  "Corinna": "ROBERTS",
  "Aurora": "GIANPAUL",
  "Kaye": "ELWIN",
  "Christiana": "ERIN",
  "Robbie": "",
  "Jasmyn": "MICHAEL’S",
  "Kimberley": "GRANT",
  "Kristeen": "THOMAS",
  "Winslow": "JOSEPH",
  "Sheryl": "JOHN",
  "Cletus": "",
  "Eldon": "GERARD",
  "Seward": "JASON",
  "Blaire": "LEO",
  "Napoleon": "JASON",
  "Melyssa": "MEGGIN",
  "Damon": "WALTER",
  "Rowina": "LAVONNE",
  "Scottie": "RICHARD",
  "Driscoll": "GARY",
  "Jeremiah": "GARY",
  "Maxene": "MICHAEL’S",
  "Lilianna": "JEFF",
  "Reggie": "PIOTROWSKI",
  "Tabby": "ELIZABETH",
  "Palmer": "ELECTA",
  "Petronel": "CHERRISCOX",
  "Shawn": "",
  "Fran": "LARRY",
  "Sanford": "ANN",
  "Kieran": "MICHAEL’S",
  "Tamika": "AMANDA",
  "Jeni": "AMANDA",
  "Baker": "",
  "Alice": "",
  "Kam": "MICHAEL’S",
  "Maddox": "MICHAEL’S",
  "Wilton": "MARION",
  "Dennis": "MARION",
  "Alise": "COMMONWEALTH",
  "Katharine": "FLORENCE",
  "Ivan": "STEVEN",
  "Raphael": "MIKA,",
  "Malvina": "JESSICA",
  "Honora": "TELEPHONE",
  "Tawny": "KEVIN",
  "Shyla": "KATHRYN",
  "Corrina": "LIONEL",
  "Marion": "WEGA",
  "Tayla": "DANIEL",
  "Leatrice": "Bolivar",
  "Kennard": "MICHAEL’S",
  "Avaline": "BRADY",
  "Janine": "R.",
  "Simonette": "MARIA",
  "Tolly": "GERARD",
  "Lonny": "LIONEL",
  "Kory": "MICHAEL’S",
  "Kayla": "Michael",
  "Baylor": "LUZ M",
  "Annora": "ANTHONY",
  "Rickie": "MICHAEL’S",
  "Jenson": "KAREN",
  "Laureen": "JOHN J",
  "Ophelia": "KENNETH",
  "Ross": "SHEDLOCK",
  "Hedley": "NOTARI",
  "Avril": "DARCY",
  "Patton": "ROBERT",
  "Dezi": "MICHAEL’S",
  "Blondie": "VIRGINIA",
  "Maria": "WOODS",
  "Barney": "GIEBUS",
  "Reign": "MARSHALL",
  "Parker": "MARTY",
  "Emmerson": "GENEVIEVE",
  "Osborn": "",
  "Pernel": "GARY",
  "Stacey": "LARRY",
  "Rick": "MARTIN",
  "Destinee": "STEVEN",
  "Iris": "FRANK",
  "Axel": "REBECCA",
  "Dotty": "DAVID",
  "Therese": "KYONG",
  "Corie": "MICHAEL’S",
  "Cedar": "MICHAEL’S",
  "Ellington": "THOMAS",
  "Fred": "JOHN",
  "Hewie": "",
  "Cindra": "DAVID",
  "Julie": "ALBERT",
  "Bryanna": "FRANCINE",
  "Dutch": "NICHOLAS",
  "Kenzie": "NICHOLAS",
  "Marylu": "MIKE",
  "Carmen": "BARBARA",
  "Kermit": "DANIEL",
  "Dayton": "RICHARD",
  "Rhoda": "ALVIA",
  "Cash": "JERRY",
  "Alfie": "WILLIAM",
  "Paden": "DONALD",
  "Serenity": "LAURIE",
  "Misti": "",
  "Austyn": "ED.",
  "Tylor": "STEVEN",
  "Tamela": "FRANK",
  "Norma": "JASON",
  "Braylen": "GERARD",
  "Deon": "JOSHUA",
  "Rodger": "RAMAGE",
  "Delia": "MARTINEZ",
  "Pacey": "KENNETH",
  "Tracie": "DANIEL",
  "Allyn": "TALLERICO",
  "Saxon": "TODD",
  "Nick": "NICOLE",
  "Esmeralda": "JOHN",
  "Debra": "ARTHUR",
  "Essie": "SANTORELLI",
  "Merlin": "MICHAELS",
  "Catherine": "LAURA",
  "Macie": "THOMAS",
  "Barrie": "JOHN",
  "Brinley": "ELIZABETHY",
  "Steve": "RANGLIN-WADE",
  "Jonie": "SUTTON",
  "Chad": "HENRIETTA",
  "Shantelle": "ROGER",
  "Brynlee": "BAUER",
  "Kandace": "Henrietta",
  "Zander": "BOB",
  "Garrett": "BOB",
  "Brylee": "JOSEPH",
  "Gifty": "MARIA",
  "Wisdom": "ROBERT",
  "Sammi": "Ammon",
  "Silvester": "HOLLIDAY",
  "Kelley": "BITTINGER",
  "Hope": "GENEVIEVE",
  "Alana": "SUSAN",
  "Kristopher": "",
  "Christine": "LAURIE",
  "Kizzy": "MILLER",
  "Dianna": "SHARON",
  "Shana": "FRANK",
  "Burke": "SANDONE",
  "Brad": "ANTHONY",
  "Gareth": "THOMAS",
  "Paulene": "THOMAS",
  "Malinda": "MORASKI",
  "Jepson": "RICH",
  "Peony": "GEORGE",
  "Justin": "LARRY",
  "Elisabeth": "ABRAHAM",
  "Zachery": "F.M.",
  "Eveline": "BRIAN",
  "Earnest": "ROBERT",
  "Avalon": "MEGAN",
  "Geraldine": "BRIAN",
  "Addyson": "DENNIS",
  "Daisy": "DENNIS",
  "Ernestine": "Raplh",
  "Sadie": "LAWRENCE",
  "Bertrand": "CHESTNUT",
  "Gwendoline": "",
  "Monty": "GRYVER",
  "McKenna": "KEM",
  "Shane": "ELIZABETH",
  "Ursula": "LARRY",
  "Lola": "JOANN",
  "Whitney": "STANLEY",
  "Epiphany": "SANDY",
  "Marianna": "MICHAEL’S",
  "Nelda": "",
  "Merit": "BENJAMIN",
  "Ethelyn": "Barker",
  "Rudyard": "LORI",
  "Ami": "JEFFREY",
  "Ashley": "MICHAEL",
  "Honour": "ZAVESKY",
  "Nylah": "REEDY",
  "Devyn": "SR",
  "Jodie": "DAVID",
  "Earnestine": "MARY",
  "Zaria": "MACKENZIE",
  "Athelstan": "APPLEGATE",
  "Roddy": "MATTHEW",
  "Jen": "RICHARD",
  "Gloriana": "KATHLEEN",
  "Malcolm": "THOMAS",
  "Christina": "BOYLES",
  "Ashlie": "DONNA",
  "Kimberleigh": "Simpson",
  "Rosaline": "ROBERT",
  "Rosamund": "ISABELLE",
  "Sylvester": "JAMES",
  "King": "WALTER",
  "Betony": "Massimino",
  "Posie": "DOROTHY",
  "Karlene": "JOSEPH",
  "Dave": "FERRELL",
  "Eryn": "JEAN",
  "Suz": "",
  "Duke": "DAVID",
  "Minnie": "SHARAE",
  "Benton": "EDWARD",
  "Davena": "ASFE",
  "Nolan": "JEAN",
  "Alvina": "MARK",
  "Larrie": "GREGORY",
  "Ingram": "JAMES",
  "Geoffrey": "ELIZABETH",
  "Pamella": "ALISA",
  "Calla": "MILLER",
  "Georgie": "AHKIM",
  "Tobin": "TAIQUAN",
  "Kelleigh": "JR",
  "Bowen": "MICHAEL’S",
  "Foster": "BRUCE",
  "Salena": "DAY",
  "": "F",
  "Trista": "MICHAEL",
  "Kathie": "BRENDAN",
  "Janetta": "BLAIR",
  "Alayah": "LARUE",
  "Joetta": "RON",
  "Bridger": "MICHAEL",
  "Heaven": "DOMINIC",
  "Harding": "",
  "Isbel": "JOSEPH",
  "Nicky": "MARTIN",
  "Becci": "MILAN",
  "Peace": "MICHAEL",
  "Morley": "MICHAEL",
  "Primula": "LAMONT",
  "Zula": "JR.",
  "Suzanna": "DAVID",
  "Viviette": "JOHN",
  "Jazmine": "TODD",
  "Lenny": "LOUIS",
  "Polly": "MATTHEW",
  "Knox": "ALBERT",
  "Frankie": "DAVID",
  "Esmae": "LAWRENCE",
  "Sacheverell": "LAWRENCE",
  "Adamina": "JOSEPH",
  "Morton": "LINDA",
  "Lyndsay": "SARA",
  "Carley": "ARTHUR",
  "Adam": "RICHARD",
  "Mandi": "STEVEN",
  "Daxton": "DONALD",
  "Merry": "JENNIFER",
  "Suzanne": "JARRETT",
  "Esmond": "Peter",
  "Freda": "ELECTA",
  "Odin": "JEFFERY",
  "Deidre": "DAVID",
  "Theresa": "SHANAY",
  "Tessa": "/HACE",
  "Ilene": "ANTHONY",
  "Ashtyn": "FRANCES",
  "Berniece": "HILL",
  "Wilfreda": "BJOURN",
  "Alyse": "MICHAEL",
  "Jorja": "FRANK",
  "Elmo": "DONNIE",
  "Montague": "BRYAN",
  "Jaimie": "CANNON",
  "Frieda": "JESSIAH",
  "Denver": "BABOOLALL",
  "Tarah": "COYNE",
  "Don": "LAURYN",
  "Finnley": "JR.",
  "Clarette": "TORRE",
  "Robyn": "DAVID",
  "Tamara": "JENNIFER",
  "Nigel": "ELECTA",
  "Shanae": "FRANK",
  "Anabella": "JESSICA",
  "Melville": "JESSICA",
  "Allegra": "TRACI",
  "Elodie": "VARGAS",
  "Kaydence": "RONALD",
  "Serina": "DAVIS",
  "Eden": "WILLIAM",
  "Margie": "",
  "Sylvanus": "VALENCIA",
  "Leesa": "KELIHER",
  "Hollie": "SUZETTE",
  "Desirae": "SUSAN",
  "Jared": "JOHN",
  "Fox": "ADAM",
  "Inigo": "SHALLINE",
  "Prince": "",
  "Ralf": "RICHARD",
  "Darin": "MICHAEL",
  "Magdalen": "JAMES",
  "Wardell": "A",
  "Gaz": "BANKS",
  "Jayma": "FRANK",
  "Denis": "WALTER",
  "Alison": "SUSAN",
  "Rylan": "KATE",
  "Deforest": "DALE",
  "Dorine": "FRANK",
  "Kiarra": "ANDREW",
  "Demelza": "BARBARA",
  "Ramona": "Louis",
  "Meadow": "NAZARCHUK",
  "Staci": "JONES",
  "Christal": "ROBERT",
  "Jamey": "STEPHEN",
  "Otto": "SHEILA",
  "Kashton": "THOMAS",
  "Norbert": "FORGIONE",
  "Nikole": "BORIS",
  "Laverne": "KIMBERLY",
  "Amyas": "JENNIFER",
  "Clair": "MATTHEW",
  "Deitra": "KEITH",
  "Kelsie": "MARTIN",
  "Teresa": "",
  "Dylan": "ANN",
  "Debi": "FRANK",
  "Tommie": "ROUSSE-INNISS",
  "Grosvenor": "BILL",
  "Alf": "BRENDAN",
  "Alden": "MOYER",
  "Jessi": "",
  "Paulette": "ROSENCRANCE",
  "Ryder": "BRIAN",
  "Emory": "BERRY",
  "Maverick": "RACHEL",
  "Barret": "RICHARD",
  "Shanelle": "ELECTA",
  "Kaleb": "GARDNER",
  "Sheree": "GAY",
  "Valerie": "BLAIR",
  "Aria": "",
  "Vern": "EBLE",
  "Gina": "JOEL",
  "Monte": "SHAUN",
  "Lorene": "TIMOTHY",
  "Remington": "JOSEPH",
  "Creighton": "GERALD",
  "Cheyanne": "BRYAN",
  "Jacklyn": "MICHAEL’S",
  "Deena": "PEREZHANEY",
  "Clarissa": "GERARD",
  "Roxie": "MICHAELS",
  "Stan": "ANN",
  "Marje": "JOSEPH",
  "Sandra": "TINA",
  "Yorick": "",
  "Balfour": "DONALD",
  "Alanis": "INA",
  "Avice": "WILLIAM",
  "Azaria": "MICHAEL’S",
  "Dominica": "TIMOTHY",
  "Baldric": "ROBERT",
  "Tennyson": "MICHAEL’S",
  "Liza": "B",
  "Esm": "ALBERT",
  "Lisette": "",
  "Justina": "GERALD",
  "Colson": "CAROLINA",
  "Sherill": "WALTER",
  "Sampson": "COLUCCIO",
  "Candice": "DAVID",
  "Demetria": "JOSEPH",
  "Boyce": "MICHAEL’S",
  "Fannie": "NICHOLAS",
  "Renie": "JESSIAH",
  "Dion": "JUSTIN",
  "Miracle": "MATTHEW",
  "Jayne": "MICHAEL",
  "Shaye": "BRIAN",
  "Tina": "MICHAEL",
  "Chelsea": "LARRY",
  "Krysten": "MARY",
  "Rafe": "ROBERT",
  "Chris": "LEWIS",
  "Merv": "MICHAEL",
  "Irvine": "ANN",
  "Susan": "MICHAEL",
  "Kylan": "JENNIFER",
  "Kennedy": "BRYAN",
  "Aidan": "GEORGE",
  "Johnathon": "JANICE",
  "Madelina": "Surgener",
  "Jarred": "JOHN",
  "Tetty": "MICHAEL’S",
  "Marlene": "",
  "Anselm": "",
  "Addison": "JOHN",
  "Sylvia": "KEVIN",
  "Harriet": "RICHARD",
  "Derby": "JENNIFER",
  "Roberta": "",
  "Eugenia": "ROBERT",
  "Regana": "WALTER",
  "Teri": "MATTHEW",
  "Charisma": "",
  "Kody": "WALTER",
  "Kacie": "JR",
  "Mariel": "MORRISSEY",
  "Ellis": "W",
  "Tahlia": "HARRY",
  "Graeme": "DERK",
  "Adair": "Millicent",
  "Hilary": "JOHN",
  "Washington": "Guylene",
  "Rosamond": "WICHITE",
  "Beatrice": "GERALD",
  "Bobbie": "BLANCA",
  "Gilbert": "JACK",
  "Farrell": "RUTH",
  "Kara": "DAVID",
  "Trudie": "JASON",
  "Shannah": "RYAN",
  "Evangeline": "RYAN",
  "Joanne": "",
  "Brandy": "JOHN",
  "Tottie": "ROY",
  "Windsor": "ZWEIGLE",
  "Brittania": "RICHARDS",
  "Myrtle": "FRANK",
  "Femie": "CASHMARK",
  "Stephen": "DENNIS",
  "Sara": "OPTIMUM",
  "Shaelyn": "MARY",
  "Tristram": "BRUCE",
  "Bridget": "JAMES",
  "Tiffani": "FRANK",
  "Tylar": "DAVID",
  "Gloria": "DANA",
  "Lavina": "MARIA",
  "Nona": "BUTERA",
  "Alec": "SALVATORE",
  "Kenrick": "STEVEN",
  "Mel": "Lynah",
  "Rube": "MICHAEL’S",
  "Luella": "THOMAS",
  "Wil": "DI",
  "Eddy": "SIMONI",
  "Tyron": "HARRINGTON",
  "Aura": "RONALD",
  "Marilou": "ANDREW",
  "Kenyon": "VALLE",
  "Kayleah": "THOMAS",
  "Emilia": "JOHN",
  "Nena": "JOSEPH",
  "Ridge": "LAWRENCE",
  "Peers": "GERALD",
  "Briscoe": "RICHARD",
  "Phyliss": "CELLA",
  "Seraphina": "RUSSELL",
  "Chelsey": "KAVELLARI",
  "Chip": "TOMASI",
  "Zowie": "GARY",
  "Gordon": "GARCIA",
  "Lucile": "HUNTING",
  "Darwin": "DONALD",
  "Edie": "DAVID",
  "Issy": "LINDA",
  "Austen": "GENEVIEVE",
  "Todd": "",
  "Frannie": "JOHN",
  "Charli": "COLLINS",
  "Junior": "MARIE",
  "Quin": "MARIE",
  "Denzel": "LAWRENCE",
  "Chadwick": "KEVIN",
  "Ros": "KORONA",
  "Conrad": "ALAN",
  "Retha": "JOSEPH",
  "Nixon": "MARIE",
  "Westley": "MICHAELS",
  "Shelly": "JORDAN",
  "Britney": "JIM",
  "Alpha": "JENNIFER",
  "Gyles": "DAVID",
  "Raven": "A",
  "Fawn": "BELLAMY",
  "Layla": "EDMUND",
  "Jocelin": "Sabastien",
  "Dwight": "VERONICA",
  "Elyse": "",
  "Zella": "",
  "Daria": "JOSEPH",
  "Joe": "KEARNEY",
  "Jody": "",
  "Shanene": "SHUPP",
  "Ace": "MICHAEL",
  "Ricky": "",
  "St": "JOSEPH",
  "Reene": "STEVEN",
  "Elijah": "BARBARA",
  "Matthew": "",
  "Avis": "ROBERT",
  "Nyah": "LONG",
  "Janele": "VAN",
  "Tess": "LOUVENDER",
  "Caleb": "ROBERT",
  "Kyla": "",
  "Destiny": "ROBERT",
  "Fern": "GARY",
  "Coral": "JOSEPH",
  "Ulysses": "DAVID",
  "Evan": "MYRIE",
  "Jaden": "ELIZABETH",
  "Anderson": "JASON",
  "Jacob": "",
  "Nanny": "Morgan",
  "Merilyn": "MICHAELS",
  "Joel": "JOHN",
  "Maddie": "SMITH",
  "Deloris": "GAYE",
  "Finley": "JEFFREY",
  "Chantelle": "BRUNO",
  "Bennie": "&",
  "Delmar": "GREGORY",
  "Amos": "SHAUN",
  "Renae": "SWARTWOOD",
  "Jezza": "MILAN",
  "Daley": "JAMES",
  "Jed": "GARDNER",
  "Sean": "BETTE",
  "Iola": "ELIZABETH",
  "Hugo": "FERGUSON",
  "Trevelyan": "",
  "Loretta": "ASHFORD",
  "Daniel": "BERNARD",
  "Jackalyn": "ROBERT",
  "Daniela": "SCARAMASTRO",
  "Benjy": "MICHAEL",
  "Roosevelt": "THOMAS",
  "Hadyn": "PISZAK",
  "Quintin": "J",
  "Shirlee": "WALTER",
  "Jaylyn": "JOHN",
  "Shad": "MICHAEL",
  "Ernest": "NARDONE",
  "Oneida": "DI",
  "Rosemarie": "BIASI",
  "Lennie": "ROY",
  "Ella": "ROBERT",
  "Alea": "ELWIN",
  "Odelia": "TINA",
  "Kerri": "ERIN",
  "Tamsen": "MICHAEL’S",
  "Laurel": "Fhekinah",
  "Marty": "Trinidad",
  "Vicki": "RYAN",
  "Oscar": "SHEILA",
  "Carlisa": "VITO",
  "Shelagh": "DIBIASI",
  "Marci": "LAWRENCE",
  "Emery": "DONALD",
  "Angelle": "RUTH",
  "Cheryl": "WELCH",
  "Davie": "MICHAEL",
  "Pollie": "JAMES",
  "Melany": "MICHAELS",
  "Lyndi": "CINDY",
  "Jayson": "MARSHALL",
  "Drogo": "BRENDA",
  "Bonnie": "",
  "Wright": "",
  "Chloe": "ELIZABETH",
  "Micheal": "JOHN",
  "Humphrey": "",
  "Myron": "WILLIAMS",
  "Tatton": "ST.",
  "Savanna": "MICHAEL,S",
  "Tanzi": "BRIAN",
  "Carol": "KENNETH",
  "Aldous": "TODD",
  "Russ": "MARTIN",
  "Conor": "ROBERT",
  "Jayden": "MALE",
  "Eben": "WINTERS",
  "Angus": "SHAUN",
  "Ashton": "LAIDACKER",
  "Izzy": "JAMES",
  "Callan": "",
  "Dreda": "WILLIAM",
  "Charissa": "MARY",
  "Roscoe": "FRED",
  "Danette": "MATTHEW",
  "Aaron": "BRUCE",
  "Warwick": "ROBERT",
  "Sheelagh": "MUSTO",
  "Deeann": "MUSTO",
  "Magdalena": "FRANK",
  "Paget": "",
  "Elliot": "",
  "Milburn": "FORTNEY",
  "Otis": "BRAIN",
  "Gideon": "HONOR",
  "Kacey": "GEORGETTI",
  "Ciera": "DWAYNE",
  "Madge": "MARK",
  "Stewart": "MICHAEL",
  "Carmel": "ST.",
  "Rikki": "JOSEPH",
  "Emmaline": "ROBERT",
  "Mack": "NOTO",
  "Jonny": "MICHAEL",
  "Dene": "GIANBRA",
  "Chalice": "MCCLARY",
  "Clarinda": "ROBERT",
  "Dunstan": "GERARD",
  "Rod": "MANBECK",
  "Noreen": "MARIE",
  "Sherrie": "JOHN",
  "Heidi": "",
  "Erika": "RUTH",
  "Jennifer": "BARBARA",
  "Cory": "RONALD",
  "Arlene": "EDWARD",
  "Glenda": "RAYMOND",
  "Humphry": "ANDREW",
  "Amethyst": "MARK",
  "Shaylyn": "SHAUN",
  "Curt": "RENDINA",
  "Cree": "ALLESANDR",
  "Matilda": "GILGALLON",
  "Samson": "MICHAEL’S",
  "Rudy": "BATNATANEL",
  "Luvenia": "ROBERT",
  "Petrina": "BETH",
  "Babette": "JEFFREY",
  "Karyn": "GERALD",
  "Kaya": "DIANE",
  "Royalty": "DONALD",
  "Shelley": "",
  "Eldred": "HUNTER",
  "Yvette": "",
  "Gene": "SCOTT",
  "Gary": "",
  "Trixie": "",
  "Siena": "JOHN",
  "Francis": "JACK",
  "Flannery": "DAVID",
  "Melva": "III",
  "Sabryna": "",
  "Macaulay": "MICHAEL’S",
  "Juliana": "JR",
  "Franklin": "MARTIN",
  "Jacki": "ELIZABETH",
  "Lindsie": "ALIDA",
  "Royal": "SAMANTHA",
  "Karrie": "DANIEL",
  "Josiah": "MICHAEL’S",
  "Elle": "JEFFREY",
  "Jeannette": "FRANK",
  "Cecil": "DONNA",
  "Alvena": "JEROME",
  "Jerome": "DONALD",
  "Cass": "ANDERSON",
  "Dederick": "VITO",
  "Adrianne": "N",
  "Hamilton": "SMITH",
  "Randy": "",
  "Ry": "CASSANDRA",
  "Robena": "MILLS",
  "Patsy": "GERARD",
  "Kiley": "GRIFF",
  "Katie": "GERARD",
  "Samuel": "",
  "Gaila": "",
  "Linette": "Pearl",
  "Keith": "BRIAN",
  "Shonda": "",
  "Candida": "ELIZABETH",
  "Joline": "WOHR",
  "Pearl": "STEPHEN",
  "Loyd": "JAMISON",
  "Kortney": "",
  "Marlowe": "KENNETH",
  "Unity": "RONALD",
  "Marianne": "MICHAELS",
  "Diane": "MARIA",
  "Ryan": "LAURA",
  "Gabriella": "LARRY",
  "Brand": "LOGAN",
  "Conner": "JR.",
  "Tanner": "LISA",
  "Bryony": "JOHN",
  "September": "DAVID",
  "Queenie": "GARY",
  "James": "ELEAZER",
  "Anton": "DAVID",
  "Eliott": "WALTER",
  "Helen": "Paul",
  "Greer": "O",
  "Dannie": "PATRICK",
  "Malachi": "SOTO",
  "Kym": "JOE",
  "Zoie": "GERALD",
  "Azura": "",
  "Gavin": "BALTRUSAITIS",
  "Betty": "BRUCE",
  "Midge": "PATRICK",
  "Bryant": "WILLIAM",
  "Nat": "MICHELLE",
  "Ethel": "ROY",
  "Madilynn": "ARNOLD",
  "Kiki": "TIMOTHY",
  "Kingsley": "DAVID",
  "Jacquelyn": "SAMUEL",
  "Byron": "GUY",
  "Linnaea": "STEVE",
  "Clover": "DAVID",
  "Rena": "TAFFERA",
  "Marinda": "BLACK",
  "Meridith": "HALLAS",
  "Ron": "GERARD",
  "Janie": "FRANCIS",
  "Derryl": "Lim",
  "Madison": "STEFANIE M",
  "Donovan": "LARRY",
  "Braelyn": "GERARD",
  "Rafferty": "NAIQUAJHA",
  "Lalia": "WINDERBAUM",
  "Drake": "STACY",
  "Opal": "GEORGE",
  "Barb": "FORTNEY",
  "Bea": "MARK",
  "Charleen": "ELIZABETH",
  "Levi": "MICHAELS",
  "Calleigh": "MESKEY",
  "Elouise": "RENNICKS",
  "Sherlyn": "WILLIAM",
  "Kelvin": "",
  "Lorin": "THOMAS",
  "Kaylani": "",
  "Irma": "BURNETT",
  "Ally": "L.",
  "Seth": "L",
  "Sharalyn": "L",
  "Tatiana": "GREGORY",
  "Monna": "WILLIAMS",
  "Sheri": "",
  "Rosalie": "DWIGHT",
  "Hester": "M",
  "Delores": "MUNDY",
  "Gregory": "FISHER",
  "Lallie": "OLYWN",
  "Brandee": "BALL",
  "Anima": "LARRY",
  "Zachary": "GRANDE",
  "Kaitlin": "GRANDE",
  "Kassia": "S",
  "Annabeth": "",
  "Laryn": "PICILLO",
  "Katey": "NATALIE",
  "Lockie": "CUCURA",
  "Chace": "KEEGER",
  "Nan": "WILLIAM",
  "Russel": "",
  "Selby": "FRANK",
  "Lilah": "KAREN",
  "Jamison": "WILLIAM",
  "Jacqueline": "JR",
  "Braidy": "STEVEN",
  "Bronwyn": "JAMES",
  "Millie": "DIMMICK",
  "Amaya": "LARRYS",
  "Delphia": "STEPHEN",
  "Toby": "LAWRENCE",
  "Brody": "CDC ETAL ATIMA",
  "Red": "JANET",
  "Beaumont": "VANAUKEN",
  "Howard": "DONALD",
  "Brett": "MICHAEL’S",
  "Constant": "COLBERT",
  "Bart": "PERLANECH",
  "June": "ROBINSON",
  "Caroline": "JOYCE",
  "Mimi": "BLANCA",
  "Edmund": "MICHAEL",
  "Stephania": "MARY",
  "Raegan": "WILLIAM",
  "Earle": "KIM",
  "Estella": "JOHN",
  "Ireland": "ELIZABETH",
  "Hervey": "LAURA",
  "Frederica": "CONTALIS",
  "Leona": "COLEMAN",
  "Gisselle": "KENNETH",
  "Trudy": "LARRY",
  "Asia": "RUKHSAR",
  "Evie": "ROY",
  "Pamela": "THOMAS",
  "Tibby": "BARRETT",
  "Gretchen": "ROBY",
  "Belle": "MICHAEL",
  "Lynwood": "GERALD",
  "Gerald": "RICHARD",
  "Pip": "MICHAEL",
  "Ness": "Michael",
  "Belinda": "TRAKES",
  "Kaycee": "ALI",
  "Bertram": "MARY A",
  "Deb": "WILLIAM",
  "Delbert": "SHEILA",
  "Tayler": "MICHAEL",
  "Jayna": "GARY",
  "Averie": "",
  "Walker": "JEFFREY",
  "Melba": "SHIRLEY",
  "Kimberlee": "GARY",
  "Lorelei": "",
  "Verity": "JASON",
  "Mabelle": "",
  "Deanna": "JOSEPH",
  "Lucy": "DENNEY",
  "Liddy": "",
  "Hazel": "MICHAEL",
  "Gena": "ROGER",
  "Pam": "MARIE",
  "Annmarie": "JOSEPH",
  "Cindy": "JANET",
  "Birdie": "GARRAHAN",
  "Kent": "ELIZABETH",
  "Lexie": "DONALD",
  "Inez": "GERALD",
  "Randal": "RENEE",
  "Lucille": "MARIE",
  "Tallulah": "KELLY",
  "Lara": "DAVID",
  "Cayley": "DONAVAN",
  "Kimber": "EDNA",
  "Clifford": "LARRY",
  "Guy": "AMBRUTIS",
  "Jessamine": "LIONEL",
  "Rodney": "OPSHINSKY",
  "Lewis": "THOMAS",
  "Xavier": "ELLSWORTH",
  "Zoe": "WILLIAM",
  "Hubert": "BETH",
  "Philip": "OLGA",
  "Zoey": "GERARD",
  "Mckayla": "ELIZABETH",
  "Kassidy": "ASH",
  "Yasmine": "STEPHEN",
  "Galen": "MACKIE",
  "Kayly": "ELIZABETH",
  "Alexina": "ADAMS",
  "e": "MARILYN",
  "Alisya": "MARIE",
  "Flossie": "CASSANDRA",
  "Maisie": "PNINAH",
  "Mindy": "DIMMICK",
  "Natalia": "KIM",
  "Maud": "KIM",
  "Jarvis": "DREW",
  "Kristia": "KNIGHT",
  "Kamden": "MIELE",
  "Delano": "KRICENAK",
  "Cairo": "MULLEN",
  "Brooks": "KELLER",
  "Reginald": "EDWARD",
  "Brandon": "BRIAN",
  "Mason": "SHAWN",
  "Connell": "",
  "Lisa": "MICHAEL’S",
  "Teddie": "LAWRENCE",
  "Herman": "BUNCICH",
  "Montana": "JEAN",
  "Cori": "RUNDELL",
  "Russell": "",
  "Bowie": "PARADIS",
  "Kaylynn": "LAWRENCE",
  "Margaret": "SAMANTHA",
  "Upton": "ROSEMARY",
  "Lynne": "MARK",
  "Marnie": "ZAHONIC",
  "Trecia": "",
  "Muriel": "ROBERT",
  "Adalyn": "MELISSA",
  "Ermintrude": "JOSEPH",
  "Juliet": "COOLBAUGH",
  "Kingston": "LAURI",
  "Val": "SHIRLEY",
  "Bob": "",
  "Sid": "MICHAEL",
  "Timothy": "LAWRENCE",
  "Emmalyn": "MICHAEL",
  "Shirley": "SAMANTHA",
  "Candy": "MICHAEL",
  "Read": "BARBINI",
  "Milani": "",
  "Suzy": "VIRGINIA",
  "Elihu": "MCLAUGHLIN",
  "Brian": "WHITE",
  "Fae": "DENNIS",
  "Joyce": "KORONA",
  "Thankful": "MARLA",
  "Keegan": "ROBERT",
  "Talon": "GUNNAR",
  "Harlow": "NORDBERG",
  "Eve": "",
  "Larissa": "JARED",
  "Dusty": "MARIA",
  "Imogen": "Lee",
  "Jessalyn": "MARIA",
  "Lilian": "REBECCA A",
  "Edytha": "ROBERT",
  "Andi": "HUGHES",
  "Vaughan": "MARIA",
  "Hepsie": "THOMAS",
  "Melissa": "NEPTUNE-GRANT",
  "Teddy": "PRYOR",
  "Aubree": "",
  "Salem": "WAGNER",
  "Sorrel": "JONATHAN",
  "Sabrina": "MICHAEL’S",
  "Kian": "FELIX",
  "Pattie": "MICHAEL",
  "Doug": "JASON",
  "Jerrard": "DONALD",
  "Totty": "ST.",
  "Alene": "ROBERT",
  "Laci": "SIMPSON",
  "Sandie": "STUART",
  "Eva": "BAUER",
  "Lucian": "DOUGAL",
  "Bee": "DOE,",
  "Alaya": "ROBERT",
  "Kaden": "SCOTT",
  "Tony": "MARIAN",
  "Marshal": "TORALDO",
  "Emmanuel": "ADAM",
  "Trix": "JOSEPH",
  "Isebella": "ENGLES",
  "Zayne": "Alvania",
  "Theodore": "LUIZ",
  "Toni": "WHITE",
  "Andy": "",
  "Sparrow": "SONIA",
  "Gordie": "PRICE",
  "Haylee": "ELISANDRA",
  "Charla": "KOPA",
  "Robina": "BIEN-AIME",
  "Lorena": "MIKKI",
  "Van": "MEYERS",
  "Bruce": "GRACE",
  "Janey": "KAHANIC",
  "Dream": "Altagracia",
  "Inc Spirit": "MRS MARY'S PLACE HCS, INC",
  "George": "Singleton",
  "Shell": "Tony",
  "Inc Clues": "MRS. MARY'S PLACE HCS, INC. DBA:",
  "Tyson": "Millicent",
  "Inc Attract": "KIND",
  "Trisha": "Lyons",
  "Inc Pure": "Mrs. Mary's Place HCS, Inc.",
  "Sherri": "Dorothy",
  "Kimmy": "Foster",
  "Cary": "Linda",
  "Irving": "WALLACE-FERRON",
  "Ettie": "Jackson",
  "Sybella": "MARIA",
  "Sunny": "DOMINICA",
  "Oliver": "BRANDA",
  "Christian": "SHELBY",
  "Carlton": "Townsend",
  "Emely": "Felicia",
  "Eleanora": "Brown",
  "Cherie": "Lafanda",
  "Jeanine": "LAURA",
  "Dan": "James",
  "Kinley": "James",
  "Georgina": "Beverly",
  "Norm": "KING",
  "Cearra": "Smith",
  "Tahnee": "Simpson",
  "Carina": "Sebastian",
  "Georgia": "Sebastian",
  "Cuthbert": "Simpson",
  "Frances": "TATLIN",
  "Redd": "Thornhill",
  "Jaye": "Abigail",
  "Fitzroy": "ALI",
  "Lora": "Sebastien",
  "Arn": "Marie",
  "Nikolas": "Ralph",
  "Jacinth": "Ralph",
  "Keeleigh": "Ralph",
  "Nettie": "Jasmine",
  "Abner": "Jasmine",
  "Tacey": "Alexandre",
  "Babs": "Icilda",
  "Magdalene": "KYONG",
  "Morgana": "Martha",
  "Den": "Yvonne",
  "Jeanette": "Yvonne",
  "Missy": "Anderson",
  "Alphonso": "Christopher",
  "Nickolas": "Michael",
  "Baxter": "Michael",
  "Kori": "Peter",
  "Jena": "Peter",
  "Israel": "ALMA",
  "Bryn": "SALOMON",
  "Elroy": "Vogler",
  "Ainslie": "David",
  "Mathilda": "Sinforiana",
  "Laird": "Sinforiana",
  "Mirabelle": "Exinor",
  "Ethelbert": "Sholiam",
  "Hendrix": "Gladys",
  "Freddie": "Virginia",
  "Opaline": "Alfred",
  "Erik": "Patricia",
  "Harlan": "Patricia",
  "Jeanne": "Olivas",
  "Pheobe": "Rozelle",
  "Salome": "Rogers",
  "Stacee": "Steven",
  "Kassandra": "KRISTINA",
  "Mitchell": "ARIN LO",
  "Pauline": "AND",
  "Cherilyn": "ENERGY HEALTH",
  "Inc Rah": "Heart to Heart Home Care Inc.",
  "Duana": "TAMMIE",
  "Tabatha": "TAMMIE",
  "Mikki": "Petricia",
  "Lettice": "Petricia",
  "Cindi": "Lockman",
  "Clemency": "Marcus",
  "Dee": "WAYNE",
  "Charleigh": "WAYNE",
  "Cornell": "CAROLINE",
  "Carolyn": "Sterling",
  "Doris": "Jessica",
  "Aston": "Tellis",
  "Genesis": "Jennifer",
  "Breanna": "Hill",
  "Newt": "ROBINSON",
  "Marilyn": "TATUM",
  "Clyde": "Willingham",
  "Moss": "Heart To Heart Social",
  "Cydney": "TERIA",
  "Davin": "Della",
  "Rachelle": "Golden-Crawford",
  "Grier": "Morocho",
  "Lloyd": "Barger-Zee",
  "Cyrus": "Shawonna",
  "Louisa": "Sprishewsky",
  "Inc Knowledge": "AT HOME SENIOR CARE SOLUTIONS",
  "Cade": "COURTNEYS",
  "Flower": "MYERS",
  "Ainsley": "LOIA",
  "Alayna": "JUDY",
  "Shannon": "MCMANUS",
  "Alishia": "GINA",
  "Osborne": "PAULINA",
  "Ottoline": "PAULINA",
  "Aubrie": "LINDA",
  "Brynn": "CHRISTINA",
  "Leanora": "YVONNE",
  "Douglas": "COSME",
  "Leith": "CHRISIE",
  "Verna": "REID",
  "Vera": "OSSON",
  "Vicky": "KARONE",
  "Lorrie": "STEPHEN",
  "Lark": "MILLIKA",
  "Rowen": "PATRICIA",
  "Elnora": "MALDONADO",
  "Charlton": "RAFAELA",
  "Lilibet": "BOWEN",
  "Everitt": "JASMINEC",
  "Tyla": "BELL",
  "Maeghan": "BEKWAI",
  "Vince": "BOONE",
  "Orson": "ANTOINETT",
  "Ione": "JULIAA",
  "Symphony": "WHITE",
  "Britannia": "TOBEE",
  "Olive": "BENEDICTUG",
  "Diana": "TEDDISILU",
  "Sherry": "SHELLON",
  "Peter": "BARRIEUTOS",
  "Ethelred": "MAXDIXON",
  "Gabriel": "KINGEY",
  "Nell": "KANDESE",
  "Jenn": "SAMANTHA",
  "Joella": "KARECA",
  "Josephine": "MINYELL",
  "Shavonne": "BLANCA",
  "Derrick": "ESPOSITO",
  "Jayceon": "MARAGARET",
  "Waverly": "TOLIGLHIA",
  "Jemma": "CAMPBELL-SHAW",
  "Krista": "O'CONNOR",
  "Warner": "MORET",
  "Carry": "RODRIGUEZ",
  "Abe": "LIZETTE",
  "Eulalia": "SANTIAGO",
  "Jerred": "HERBY",
  "Peronel": "MCLEOD",
  "Braelynn": "SUSAN",
  "Rosabella": "ZALMAN",
  "Esther": "ELANNI",
  "Jill": "BAJRAKTAREVIC",
  "Kandi": "WILSON",
  "Caiden": "TAMEKA",
  "Saffron": "BARRY",
  "Kyrsten": "FATOUMATA",
  "Mozelle": "OLUWAKEMI",
  "Marleen": "STEWART",
  "Lindon": "JUNIOR",
  "Margo": "RODRIGUEZ",
  "Blaine": "KARON",
  "Sierra": "HOPKINS",
  "Keila": "COLBY",
  "Flora": "KRYSTAL",
  "Orville": "ARNELA",
  "Alyson": "LASHAWN",
  "Lovell": "MARK",
  "Cathleen": "KIM",
  "Jessika": "BENT",
  "Maurice": "MARCIA",
  "Fancy": "LAURA",
  "Renita": "MANGAROO",
  "Cissy": "MANCINO",
  "Ebenezer": "RASMUSSEN",
  "Miriam": "SCHERRIA",
  "Dayna": "BIBI",
  "Domenic": "PEART",
  "Torin": "TERIA",
  "Harland": "CANDACED",
  "Basil": "PAMELA",
  "Brittany": "LAUREN",
  "Marlena": "LAUREN",
  "Brianne": "GARCIA",
  "Vic": "ADRIANA",
  "Michelle": "SHEQUANA",
  "Tyrrell": "ASHLEY",
  "Vi": "DANA",
  "Bryan": "JONATHEN",
  "Alexis": "SANDRA",
  "Willoughby": "YANISSA",
  "Deborah": "CHER-ANDR",
  "Wenona": "SANCHEZ",
  "Shantel": "MADINATU",
  "Geena": "GARCIA",
  "Alys": "SILVER-LEWIS",
  "Kai": "GREENE",
  "Sammy": "PUTNICK",
  "Emma": "CATERINA",
  "Innocent": "NADOFF",
  "Leontyne": "MALKAH",
  "Edweena": "MILLER",
  "Valentine": "DICANIO",
  "Hillary": "HERNANDEZ",
  "Breanne": "LOPEZ",
  "Thane": "/HACE",
  "Danita": "MAXINE",
  "Zavier": "TEJADA",
  "Andrew": "JANISE",
  "Faye": "VALENTINE",
  "Garrick": "ADENAM",
  "Thea": "DAVIS",
  "Maryann": "BURTONROBERTS",
  "Nia": "ROSLYN",
  "Luther": "HILLARY",
  "Grenville": "HILLARY",
  "Amias": "GEEGBE",
  "Wren": "WRIGHTN",
  "Terance": "KENNETH",
  "Martie": "CHRIS",
  "Madonna": "CAMPOS",
  "Arlie": "NATASHA",
  "Kasen": "YASSIM",
  "Simon": "SATTIE",
  "Rain": "SUZZETTE",
  "Judy": "MAHMOOD ALI",
  "Scott": "NARGIS",
  "Alysa": "JACQUELIN",
  "Fleurette": "NARAINE",
  "Leyton": "TOBHASHNI",
  "Tammie": "KING",
  "Lilac": "JANAY",
  "Adrienne": "FLEMMING",
  "Portia": "RICO",
  "Chase": "CRUZ",
  "Rolph": "MODOO",
  "Arline": "KENNY",
  "Slade": "ANDREWS",
  "Lanny": "ELIZABETH",
  "Pamila": "TEGER",
  "Napier": "CIPOLLA",
  "Twila": "DEJESUS",
  "Randolph": "JOHNATHAN",
  "Camilla": "KARECA",
  "Charley": "ALEXANDRA",
  "Ariyah": "RIOS",
  "Joey": "BOOKER",
  "Erick": "RAYELIN",
  "Alyssa": "GUTIERREZ",
  "Arnie": "KATELYN",
  "Jaki": "HUCKABY",
  "Judd": "DAY",
  "Ormonde": "LINDA",
  "Kayleigh": "STRUMPH",
  "Adela": "TRACIE",
  "Wystan": "JANIELLE",
  "Eugene": "DROFENIK",
  "Braxton": "LEE",
  "Eustacia": "SCHLICHTING",
  "Pace": "MARIE",
  "Nicholas": "SABRINA",
  "Rosabel": "DUBOIS",
  "Zeke": "STARR",
  "Reanna": "FRANCILLI",
  "Bryon": "TANISHA",
  "Allannah": "BHONATHA",
  "Clint": "AQUASSIAB",
  "Roy": "HOLDEN",
  "Promise": "CHEIKHALI",
  "Rastus": "NADIA",
  "Rachyl": "PRATT",
  "Jennica": "SNEED",
  "Garry": "DAIS",
  "Octavia": "TAKESHA",
  "Tristan": "DURANT",
  "Clarence": "ANESHA",
  "Michelyne": "LEONCE",
  "Brooklynn": "LICHA",
  "Fiona": "ALLEYNE",
  "Loreen": "SIDDIQUA",
  "Trenton": "BRITTANY",
  "Josslyn": "JOHNSON",
  "Elmer": "LOCKHART",
  "David": "ANTONIO",
  "Dorinda": "PAUL",
  "Tawnee": "DARLYNE",
  "Arron": "MARY",
  "Idonea": "TRACI",
  "Krystle": "STRUMPH",
  "Paisley": "CELIA",
  "Gretta": "MATTINA",
  "Benj": "MCNEIL",
  "Winthrop": "SALDANA",
  "Mable": "WADE",
  "Viola": "PILAR",
  "Wynona": "ZEGARRA",
  "Louella": "MARIA",
  "Stirling": "CARLOS",
  "Adele": "OLGA",
  "Hank": "MANUELA",
  "Carver": "BEATRIZ",
  "Jasmine": "ELISABETH",
  "Elfrieda": "VIANNA",
  "Gladwyn": "LUZ E",
  "Phemie": "WANDA",
  "Alger": "JENKINS",
  "Myrna": "DJAMINE J",
  "Bria": "PRINCESS T",
  "Tammi": "THERESA",
  "Marjory": "THERESA",
  "Kade": "JAMIE",
  "Reenie": "LARISA",
  "Jolyon": "WINIFRED",
  "Inc Super": "SENIOR CARE OF PRINCETON LLC",
  "Augustine": "KYONG",
  "Ruthie": "GININE",
  "Leeann": "GININE",
  "Marcia": "WACHEN",
  "Perce": "WACHEN",
  "Inc Cosmic": "ALWAYS BEST CARE OF THE CEDAR",
  "Alfred": "MARTY",
  "Kyleigh": "JACKIE",
  "Delora": "VIRGINIA",
  "Laila": "TERIA",
  "Fisher": "SUSAN",
  "Sheila": "VERONICA",
  "Bernie": "MARY A",
  "Karaugh": "MARY A",
  "Grover": "CASSANDRA",
  "Abraham": "MARTY",
  "Audrey": "JACKIE",
  "Mina": "TERIA",
  "Wilma": "SUSAN",
  "Lexus": "VERONICA",
  "Malcom": "/HACE",
  "Raelyn": "DELGADO",
  "Norwood": "DELGADO",
  "Maurie": "GOMEZ",
  "Prunella": "MOLINA",
  "Carlene": "NIEVES",
  "Isabelle": "RESTO",
  "Rylie": "SANCHEZ",
  "Lovel": "TOLIVER",
  "Terrie": "VAZQUEZ-RIVERA",
  "Huxley": "DJAMINE J",
  "Louie": "SONIA",
  "Jade": "PRINCESS T",
  "Easton": "ROBUCK",
  "Christabelle": "JAMIE",
  "Wendell": "LARISA",
  "Inc Peak": "HOW'S THIS FOR PERFECT LLC",
  "Jeffery": "DUFRESNE",
  "Chuck": "GARTEI",
  "Andre": "ANGELINE",
  "Cynthia": "GININE",
  "Beckham": "WACHEN",
  "Shelia": "MARIA",
  "Abegail": "RAVIDA",
  "Benjamin": "STEVENS",
  "Melantha": "BANNISTER",
  "Orinda": "REILLEY",
  "Inc Blocks": "THURGOOD MARSHALL CHILD DEVELO",
  "Mitch": "HAZE",
  "Sefton": "LYONS-ADAMS",
  "Myra": "KEDIAN",
  "Callie": "AROCHO",
  "Bud": "FRENCH",
  "Eloise": "BIASSO",
  "Erma": "MATTEO",
  "Leon": "MARTY",
  "Natalee": "JACKIE",
  "Maybelline": "DANIELLE",
  "Lizzy": "KIM",
  "Chelsie": "SUSAN",
  "Harmonie": "VERONICA",
  "Evalyn": "MARY A",
  "Alex": "DINAN",
  "Hal": "FOSTER",
  "Codie": "GIESE",
  "Ste": "HOLTKAMP",
  "Durward": "MARKS",
  "Avah": "RAGSDALE",
  "Cybill": "WOODWARD",
  "Arin": "TENNANT-PENCE",
  "Ash": "JEAN A",
  "Harvie": "BUCKMON",
  "Lydia": "HOLMES",
  "Trinity": "TERESA",
  "Elvis": "REID",
  "Eveleen": "GWENDOLYN",
  "Allyson": "MELADIE K",
  "Kaelee": "SMALLZMAN",
  "Kailyn": "GRAY",
  "Gregg": "PAUL",
  "Inc Essence": "URBAN HOUSING SOLUTIONS, INC.,",
  "Leland": "JUANITA",
  "Aloysius": "KELLEY",
  "Zavanna": "MIDGETT",
  "Lane": "FLORENCE M",
  "Lyle": "CAMPBELL",
  "Alyx": "GONZALEZCRUZ",
  "Alberta": "DENTIL"
}