{
  "BETTY": "Alden",
  "MICAH'S PLACE INC.": "Inc Detail",
  "ALICIA M": "Callie",
  "BROOKLYN COMMUNITY HOUSING": "Inc Pattern",
  "JOANN S": "Bud",
  "MARTHA": "Tatyanna",
  "BIASSO": "Erma",
  "MALTA": "Richelle",
  "EASTERN CHRISTIAN CHILDRENS RETREAT": "Inc Dud",
  "CYNTHIA": "Kynaston",
  "BETTY L": "Madyson",
  "BARBARA": "Serrena",
  " BEVERLY": "Rheanna",
  "KURTISA": "Delicia",
  "DEE DEE": "Brady",
  "RICHARD": "Lucian",
  "PRISCILLA E": "Katherine",
  "ALICE": "Petunia",
  "GRACE K": "Chrissie",
  "BRIDGETTE": "Michael",
  " ANN": "Adalynn",
  "REGINA": "Ambrosine",
  "ELLA": "Roseanne",
  "FLOR": "Alethea",
  "JEHAD": "Malandra",
  "CHRISTI": "Crispin",
  "DEBORAH": "Chip",
  "ZAKARIA": "Marvyn",
  "DEBRA L": "Robert",
  "UKITCHIA S": "Garfield",
  "YOLANDA": "Lorine",
  "ADIAM": "Cher",
  "KOURTNEY": "Garey",
  "EBONY": "Mikhaila",
  "ANN F": "Aric",
  "ANN A": "Finnegan",
  "LINDA": "Robina",
  "TANGELA J": "Patience",
  "CORDELLA": "Leann",
  "JEFFREY A": "Zavia",
  "CYNTHIA M": "Alani",
  "PATRICIA": "Brody",
  "HYACINTH": "Kerrie",
  "HYACONTH": "Lou",
  "": "Sparrow",
  "ODETTE": "Annie",
  "ROXANN": "Willy",
  "HEATHER": "Elea",
  "SHAWNTA": "Cyan",
  "ELIZAB": "Davy",
  "RHONDA": "Burke",
  "EDITH": "Mariah",
  "JOE L": "Leo",
  "MIAVIS A": "Biff",
  "DAWN": "Cass",
  "RHODA L": "Earl",
  "PRISCILLA": "Tevin",
  "ROXANNE": "Hellen",
  "BERTHA": "Gallagher",
  "ROSE": "Elfleda",
  "BEVERLY": "Charli",
  "BRENDA": "Campbell",
  "TANYA": "Blanche",
  "WILLIE": "Shelby",
  "MONA": "Brayden",
  "SARAH": "Lorine",
  "GLADYS": "Evonne",
  "LEIGH": "Lettie",
  " STEVE": "Judi",
  "EVELYN": "Joseph",
  "PAMELA": "Mable",
  "MONIQUE": "Hughie",
  "SUSAN": "Newt",
  "JUANA": "Julian",
  "SHIEMA": "Nigellus",
  "WILBERT": "Kellie",
  "LJUBINKA": "Phoebe",
  "NANCY A": "Shania",
  "CHARLENE": "Lynton",
  "ALONIE": "Sharyl",
  "MAVIS": "Roselyn",
  "NOPAKAO": "Anabelle",
  "ROKEYA": "Jace",
  "DAUN": "Isiah",
  " NICOLE": "Lottie",
  "LYDIA": "Declan",
  "ANN": "Andi",
  " BRENDA": "Dolly",
  "LEIGH A": "Everett",
  "LAURA": "Sammy",
  "STEPHANIE": "Roslyn",
  " BARBARA": "Shayne",
  "WILHEMINA": "Gresham",
  "RUBY": "Presley",
  "LATASHA": "Kairo",
  "JACQ": "Orval",
  "WINIFRED": "Cecelia",
  "SHEILA": "Jinny",
  "JULIO": "Adaline",
  "MELVA": "Bridgette",
  "TRIBA": "Mick",
  "JEANETTE": "Fitz",
  "TRACY": "Hadyn",
  "DEEDEE": "Steven",
  "ROBERTA": "Ginny",
  "NATISHA": "Clancy",
  "SHEENA": "Kaelyn",
  "DEBRA": "Agatha",
  "JENNIFER": "Juliet",
  " TRECIA": "Thaddeus",
  "SHERRY": "Earlene",
  "MELIVA": "Kalysta",
  "GENET": "Dale",
  "ONIYA": "Rufus",
  "JULITE": "Elicia",
  "CARLENE": "Georgene",
  "SHARON": "Dianna",
  "SHAMEKA": "Jillian",
  "RUTH A": "Kemp",
  "ERICA": "Portia",
  "TAMMARA": "Pris",
  "MARVA": "Daffodil",
  "SELICIA": "Rosy",
  "MERCEDES": "Wallis",
  "AUNESSA": "Clay",
  "DAR1ENE": "Darell",
  "JANICE": "Johnathon",
  "DARIENE": "Esme",
  "MEMUNA": "Jaylah",
  "MARIA": "Abegail",
  "SHEEREEN": "Caleigh",
  "BEVERL": "Marlon",
  "TASHEA": "Courtney",
  "DEVONA": "Julianne",
  "ROSA": "Rylie",
  "WILLIAM": "Evan",
  "THEOLA": "Herbie",
  "TAMIKA": "Miles",
  "JANEE": "Clarity",
  "LUCILLE": "Buffy",
  "SHAMIRA": "Ripley",
  "IRA B": "Tatianna",
  "ASPIRA OF NEW YORK INC": "Inc Binge",
  "MAXIMINA": "Becca",
  "LASHANIQUC": "Raine",
  "ESTEFANIA": "Ethelinda",
  "JOSE": "Tallulah",
  "ASPIRA OF NEW YORK INC.": "Inc Laced",
  "DARIEL": "Marlon",
  "YABAIRA": "Mica",
  "LYANNE": "Benji",
  "SHAKYLE J": "Desiree",
  "JAIME": "Des",
  "PRC WE CARE LLC": "Inc Able",
  "JAMIE": "Benjamin",
  "LARISA": "Johnathan",
  "ET AL ATIMA": "Thane",
  "HACE CDC": "Inc Garrison",
  "CDC": "Tessa",
  "CDC ETAL ATIMA": "Malcom",
  "ASOCIACION DE PUERTORRIQUENOS": "Inc Garrison",
  "LUZ M": "Raelyn",
  "PERLANECH": "Norwood",
  "SAMUEL": "Maurie",
  "CARLOS": "Stephany",
  "FELIPE": "Kennith",
  "SUHEILY": "Odell",
  "OLGA": "Prunella",
  "ORLANDO": "Carlene",
  "MANUELA": "Jonah",
  "BEATRIZ": "Isabelle",
  "ELISABETH": "Ariyah",
  "VIANNA": "Lovel",
  "LUZ E": "Lynton",
  "ELISANDRA": "Kenyon",
  "WANDA": "Terrie",
  "DJAMINE J": "Lyle",
  "ARG SENIOR CARE LLC": "Inc Stream",
  "SONIA": "Alyx",
  "PRINCESS T": "Alberta",
  "GARDENS APARTME": "Rachel",
  "BUSHWICK GARDENS APARTMENT COR": "Inc Garrison",
  "JOHN J": "Liberty",
  "BANC3 INC.": "Inc Able",
  "STEPHEN": "Zavia",
  "ADAM": "Erykah",
  "ERIN": "Krista",
  "KAPPERMAN ENTERPRISES INC": "Inc Index",
  "DOMINIQUE": "Chase",
  "SHANNON M": "Mary",
  "Henry": "Joan",
  "Yeshiva of North Jersey": "Inc Chip",
  "JHOEL": "Caden",
  "TENDER TOUCH REHABILITATION": "Inc Ague",
  "RADHA": "Ramsey",
  "CHARLOTTE": "Erle",
  "ABLE HOME HEALTH CARE LLC": "Inc Rancor",
  "DANIELLE": "Ferdy",
  "DONALD": "Cheryl",
  "        ST. MICHAEL’S SCHOOL FOR BOYS                                                                                          \r": "Inc Entrance",
  "BRUCE": "Read",
  "JR.": "Elfleda",
  "ANDREW": "Bart",
  "BRIAN": "Judd",
  "DAVID": "Gavin",
  "ROBERT": "Page",
  "RHIANNON": "Grace",
  "JOHN": "Joel",
  "JOSEPH": "Trix",
  "ELIZABETH": "Gretta",
  "ELWIN": "Toni",
  "ARTHUR": "Gretchen",
  "JASON": "Gordie",
  "JR": "Katherine",
  "GERALD": "Margaret",
  "DIANE": "Brian",
  "DENISE": "Rena",
  "GIRARD": "Bear",
  "TAMMY": "Stacy",
  "JACKIE": "Tyron",
  "MARY": "Winthrop",
  "THOMAS": "Gretchen",
  "FLORENCE": "Lucile",
  "JOYCE": "Birdie",
  "ANTHONY": "Teddy",
  "FREDERICK": "Terry",
  "RANDOLPH": "Dodie",
  "ALLEN": "Satchel",
  "KEVIN": "Lorainne",
  "MICHAEL’S": "Totty",
  "MICHAL’S": "Philis",
  "BRIGHID": "Eva",
  "THEODORE": "Gwyneth",
  "MELISSA": "Maxwell",
  "DANIEL": "Lucia",
  "MICHAEL": "Leona",
  "T.": "Darcy",
  "JEAN": "Imogen",
  "MARTIN": "Franklin",
  "STEVEN": "Roy",
  "RAYMOND": "Faye",
  "JERE": "Maria",
  "LARRY": "Mindy",
  "TARA": "Jannine",
  "JAMES": "Aloysius",
  "MARK": "Sampson",
  "GERARD": "Elihu",
  "DALE": "Deforest",
  "GREGORY": "Xavier",
  "LAWRENCE": "Buffy",
  "JEANNA": "Richard",
  "STEVE": "Linnaea",
  "FRANK": "Guy",
  "LEASING&": "Sue",
  "TONYA": "Staci",
  "GEORGE": "Opal",
  "ASHTON": "Lianne",
  "SHAUN": "Barb",
  "JACK": "Lucy",
  "SCOTT": "Kaden",
  "D": "Bunny",
  "JOAN": "Jude",
  "TIMOTHY": "Bertrand",
  "KATRINA": "Kai",
  "RODNEY": "Candida",
  "JARRED": "Crawford",
  "KEITH": "Deitra",
  "SHIRLEY": "Serenity",
  "ROY": "Matilda",
  "DOROTHY": "Kirby",
  "EDWIN": "Erykah",
  "FALONK": "Rian",
  "LOUIS": "Lotus",
  "JUDE": "Gracelynn",
  "MICHAELS": "Blanche",
  "LEONARD": "Marnie",
  "KI": "Jocelin",
  "MARGARET": "Ethelred",
  "FRANCINE": "Belinda",
  "ERIC": "Laurel",
  "STEELE": "Wilson",
  "MILEWSKI": "Eliza",
  "MATTHEW": "Vernon",
  "GAYLE": "Lolicia",
  "DEBBIE": "Dave",
  "AL": "Bennett",
  "GIOVANNA": "Capricia",
  "KENNETH": "Nylah",
  "DOUGLAS(M": "Eustace",
  "FRANCIS": "Janie",
  "J": "Monna",
  "KAREN": "Eula",
  "JANE": "Haylee",
  "LANCE": "Marion",
  "STACEY": "Corinna",
  "LEO": "Blaire",
  "MEGGIN": "Edna",
  "LAVONNE": "Damon",
  "GARY": "Chad",
  "JEFF": "Mervyn",
  "LARA": "Reggie",
  "ELECTA": "Cori",
  "AMANDA": "Tamika",
  "MARION": "Salena",
  "TELEPHONE": "Alise",
  "RANDY": "Shyla",
  "R.": "Avaline",
  "LIONEL": "Kassidy",
  "DEXIAN": "Kayla",
  "DARCY": "Hedley",
  "JAY": "Barney",
  "GENEVIEVE": "Cairo",
  "ADRIAN": "Saxon",
  "NICHOLAS": "Honour",
  "JEFFREY": "Walker",
  "ED.": "Misti",
  "ALAN": "Diantha",
  "JOSHUA": "Rosamond",
  "RAMAGE": "Knox",
  "SADIE": "Allyn",
  "NICOLE": "Gaz",
  "BRYAN": "Joey",
  "MARGE": "Jonie",
  "BRIGHED": "Brynlee",
  "BOB": "Nat",
  "TABITHA": "Silvester",
  "LAURIE": "Alys",
  "SHANNON": "Kizzy",
  "RICH": "Malinda",
  "F.M.": "Tiffany",
  "DENNIS": "Isebella",
  "KEM": "Monty",
  "JOANN": "Ursula",
  "SANDY": "Gresham",
  "BENJAMIN": "Windsor",
  "LORI": "Kacey",
  "SR": "Nylah",
  "APPLEGATE": "Arnold",
  "GABRIEL": "Diane",
  "DONNA": "Reign",
  "ISABELLE": "Rosamund",
  "WALTER": "Rodney",
  "EARL": "Minnie",
  "EDWARD": "Bowie",
  "MARIANNE": "Joline",
  "ALISA": "Charlie",
  "AHKIM": "Calla",
  "KULIKOSKI": "Foster",
  "F": "Rosalie",
  "BRENDAN": "Mack",
  "BLAIR": "Cash",
  "LAMONT": "Colson",
  "TODD": "Lorn",
  "SARA": "Braylen",
  "SALLY": "Kaylyn",
  "JARRETT": "Chelsey",
  "JEFFERY": "Simonette",
  "EILEEN": "Van",
  "FRANCES": "Daniela",
  "BJOURN": "Berniece",
  "DONNIE": "Dwight",
  "JESSIAH": "Eben",
  "LAURYN": "Tarah",
  "TORRE": "Finnley",
  "JESSICA": "Carry",
  "MIDGE": "Jasper",
  "GAY": "Sheree",
  "RONALD": "Constant",
  "STANLEY": "Serina",
  "ERNEST": "Margie",
  "SR.": "Leesa",
  "R": "Ronald",
  "KATE": "Nathaniel",
  "REBECCA": "Meadow",
  "SHEDLOCK": "Ross",
  "FRANCO": "Norbert",
  "KIMBERLY": "Nikole",
  "RUSTY": "Paulette",
  "RACHEL": "Emory",
  "JOEL": "Vern",
  "ALBERT": "Dene",
  "B": "Lallie",
  "WENDY": "Dion",
  "SNOWDON": "Jase",
  "MARRANCA": "Madelina",
  "W": "Mariel",
  "DERK": "Tahlia",
  "RYAN": "Janey",
  "ANGEL": "James",
  "INA": "Lyda",
  "SEROFIN": "Femie",
  "MADOLYNE": "Femie",
  "SALVATORE": "Nona",
  "KEARNEY": "Joe",
  "SIMONI": "Wil",
  "MARIO": "Phyliss",
  "MARIE": "Cyril",
  "MARIS": "Ros",
  "JIM": "Shelly",
  "A": "Iona",
  "ROGER": "Shanene",
  "LOUVENDER": "Janele",
  "GAYE": "Maddie",
  "&": "Chantelle",
  "MILAN": "Herman",
  "BETTE": "Jed",
  "MELISA": "Loretta",
  "BERNARD": "Daniel",
  "NARDONE": "Ernest",
  "BIASI": "Oneida",
  "TINA": "Harvie",
  "DIBIASI": "Carlisa",
  "RUTH": "Edweena",
  "REBEKAH": "Nylah",
  "MICHAEL,S": "Tatton",
  "MALE": "Clarity",
  "WALSH": "Alvena",
  "AUKEN": "Lavern",
  "LAIDACKER": "Ashton",
  "WATERS": "Abigayle",
  "FRED": "Charissa",
  "MUSTO": "Midge",
  "JACQUES": "Kynaston",
  "BRAIN": "Milburn",
  "DWAYNE": "Chace",
  "BIRGEL": "Danni",
  "MICHAEL’SCHOOL": "Carmel",
  "MR": "Chalice",
  "GRETCHEN": "Rod",
  "KRISTIN": "Alayah",
  "ALLESANDR": "Curt",
  "JANINE": "Christina",
  "GARLAND": "Eldred",
  "III": "Raphael",
  "SAMANTHA": "Codie",
  "KATHRYN": "Dwain",
  "N": "Dederick",
  "BELLAFRON": "Marylu",
  "TIMTOHY": "Robena",
  "KATHLEEN": "Kiley",
  "ELLYN": "Linette",
  "LYNNE": "Loyd",
  "LOGAN": "Brand",
  "MAYEWSKI": "Bettye",
  "FIER": "Greer",
  "MSUTO": "Dannie",
  "GAUGHAN": "Kym",
  "ARNOLD": "Madilynn",
  "K": "Nathaniel",
  "GUY": "Jacquelyn",
  "BLACK": "Marinda",
  "G": "Meridith",
  "FRAN": "Pleasance",
  "WALENCEWI": "Rafferty",
  "STACY": "Lalia",
  "NOYALIS": "Joetta",
  "MESKEY": "Dolly",
  "RENNICKS": "Milo",
  "L.": "Cash",
  "L": "Maxwell",
  "M": "Hester",
  "MATTSON": "Bertrand",
  "MUNDY": "Delores",
  "FISHER": "Gregory",
  "SMITH": "Hamilton",
  "BRACE": "Oz",
  "BALL": "Jayson",
  "GRANDE": "Zachary",
  "S": "Kassia",
  "NATALIE": "Laryn",
  "ANDY": "Lockie",
  "LARRYS": "Millie",
  "JANET": "Delano",
  "RALPH": "Beaumont",
  "AGNES": "Frederica",
  "JERRY": "Benj",
  "SHANE": "Kelli",
  "        ST. MICHAEL’S SCHOOL FOR BOYS                                                                                             \r": "Inc Index",
  "EDNA": "Cayley",
  "BETH": "Galen",
  "MARILYN": "Alexina",
  "KIM": "Avah",
  "DREW": "Kamden",
  "LESLIE": "Brooks",
  "SHAWN": "Bryce",
  "LAURI": "Maxton",
  "MARLA": "Joyce",
  "GUNNAR": "Harlow",
  "JARED": "Alayah",
  "JONATHAN": "Salem",
  "STUART": "Laci",
  "DOE,": "Marylu",
  "MARIAN": "Mary",
  "DOMINIC": "Marshal",
  "LUIZ": "Zayne",
  "JUSTIN": "Charla",
  "ROSEMARY": "Renae",
  "DUSTON": "Essie",
  "DOE": "Adolph",
  "MIKKI": "Tamsin",
  "Altagracia": "Marty",
  "MRS MARY'S PLACE HCS, INC": "Inc Spirit",
  "Tony": "George",
  "MRS. MARY'S PLACE HCS, INC. DBA:": "Inc Clues",
  "Millicent": "Trisha",
  "Mrs. Mary's Place HCS, Inc. DBA:": "Inc Attract",
  "Mrs. Mary's Place HCS, Inc.": "Inc Pure",
  "Dorothy": "Philomena",
  "Linda": "Kimmy",
  "Henrietta": "Ettie",
  "DOMINICA": "Oliver",
  "Heart To Heart Social Adult Services Llc": "Inc Attract",
  "April": "Nathaniel",
  "Felicia": "Carlton",
  "Lafanda": "Eleanora",
  "KIYANA": "Gideon",
  "James": "Betony",
  "Beverly": "Cearra",
  "Sabastien": "Tahnee",
  "Sebastian": "Cuthbert",
  "Fhekinah": "Frances",
  "Abigail": "Redd",
  "Sebastien": "Kimberleigh",
  "Marie": "Franklyn",
  "Alvania": "Bertram",
  "Ralph": "Beckett",
  "Jasmine": "Tacey",
  "Morgan": "Babs",
  "Earseline": "Raquel",
  "Martha": "Madelina",
  "Yvonne": "Missy",
  "Adriane": "Alphonso",
  "Michael": "Carolyn",
  "Peter": "Israel",
  "Cannon": "Evvie",
  "David": "Elroy",
  "Sinforiana": "Damian",
  "Guylene": "Mirabelle",
  "Sholiam": "Derryl",
  "Gladys": "Gretchen",
  "Virginia": "Richelle",
  "Alfred": "Valarie",
  "Patricia": "Lloyd",
  "Rozelle": "Jeanne",
  "Pearl": "Salome",
  "Steven": "Mel",
  "KRISTINA": "Jesse",
  "Louis": "Lavern",
  "ARIN LO": "Forest",
  "ENERGY HEALTH": "Pauline",
  "Heart to Heart Home Care Inc.": "Inc Rah",
  "TAMMIE": "Antonia",
  "Petricia": "Imogen",
  "Marcus": "Cindi",
  "Raplh": "Kaelyn",
  "WAYNE": "Cornell",
  "Jessica": "Clemence",
  "Iesha": "Aston",
  "Jennifer": "Sammi",
  "Jermaine": "Sheridan",
  "Melvin": "Breanna",
  "Randi": "Darby",
  "Yvette": "Ethelyn",
  "Simona": "Clyde",
  "Basim": "Beth",
  "Heart To Heart Social": "Cydney",
  "Della": "Rachelle",
  "Bolivar": "Grier",
  "Shawonna": "Evonne",
  "Paul": "Louisa",
  "SHELBY": "Kelley",
  "AT HOME SENIOR CARE SOLUTIONS": "Inc Knowledge",
  "CINDY": "Flower",
  "REBECCA A": "Brittania",
  "JUDY": "Ainsley",
  "ALMA": "Roxy",
  "PNINAH": "Rudy",
  "KIESHA": "Deena",
  "GINA": "Ainsley",
  "PAULINA": "Rosabella",
  "CHRISTINA": "Aubrie",
  "YVONNE": "Jemma",
  "CHRISIE": "Douglas",
  "FAITHLYN": "Verna",
  "KARONE": "Vera",
  "MILLIKA": "Lorrie",
  "RAFAELA": "Elnora",
  "JASMINEC": "Lilibet",
  "BEKWAI": "Tyla",
  "ANTOINETT": "Vince",
  "JULIAA": "Shannon",
  "STACEY-AN": "Symphony",
  "BENEDICTUG": "Britannia",
  "TEDDISILU": "Diana",
  "BONNIE": "Princess",
  "SHELLON": "James",
  "MARCOT": "Peter",
  "KANDESE": "Gabriel",
  "KARECA": "Josslyn",
  "MINYELL": "Nyah",
  "BLANCA": "Breanne",
  "CONCEPCIO": "Keara",
  "TATLIN": "China",
  "MARAGARET": "Derrick",
  "TOLIGLHIA": "Jacey",
  "ANGELINA": "Warner",
  "HENRIETTA": "Petronel",
  "LIZETTE": "Rhoda",
  "MARC": "Eulalia",
  "HERBY": "Bryn",
  "CRYSTAL": "Peronel",
  "ELANNI": "Irma",
  "KNIGHT": "Jill",
  "TAMEKA": "Kandi",
  "PAMELLA": "Steve",
  "FATOUMATA": "Saffron",
  "OLUWAKEMI": "Shae",
  "EUNICE": "Marleen",
  "JUNIOR": "Tyra",
  "ABRAHAM": "Margo",
  "KARON": "Darell",
  "TREVICA": "Vernon",
  "JANEL": "Julianne",
  "COLBY": "Sierra",
  "KRYSTAL": "Ariyah",
  "ARNELA": "Jill",
  "LASHAWN": "Chris",
  "TIFFANY": "Adalynn",
  "MARCIA": "Jessika",
  "DARMEIKA": "Renita",
  "CHARLESJ": "Cissy",
  "LISA": "Ebenezer",
  "SCHERRIA": "Kaycee",
  "BIBI": "Fitzroy",
  "SASHA": "Domenic",
  "CANDACED": "Harland",
  "SHALLINE": "Denver",
  "LAUREN": "Ramsey",
  "ADRIANA": "Brianne",
  "SHEQUANA": "Fawn",
  "ASHLEY": "Jocelyn",
  "DANA": "Jeffery",
  "JONATHEN": "Aviana",
  "SUZETTE": "Melissa",
  "SANDRA": "Wynona",
  "CHER-ANDR": "Kimberley",
  "MADINATU": "Wenona",
  "ANASHA": "Tommie",
  "MEGAN": "Tyron",
  "YANISSA": "Geena",
  "CATERINA": "Elodie",
  "MALKAH": "Innocent",
  "RUKHSAR": "Davena",
  "COURTNEYS": "Valentine",
  "GIANPAUL": "Hillary",
  "MAXINE": "Thane",
  "JANISE": "Zavier",
  "RENEE": "Devin",
  "ADENAM": "Regena",
  "SUZANNE": "Thea",
  "ROSLYN": "Maryann",
  "HILLARY": "Pamila",
  "WRIGHTN": "Amias",
  "EDUARDO": "Wenona",
  "CHRIS": "Zaria",
  "KENNIA": "Madonna",
  "NATASHA": "Dave",
  "SATTIE": "Kasen",
  "SUZZETTE": "Archer",
  "OPTIMUM": "Gideon",
  "NARGIS": "Judy",
  "DWIGHT": "Madeline",
  "JACQUELIN": "Alysa",
  "TOBHASHNI": "Fleurette",
  "JANAY": "Tammie",
  "SHANESE": "Adrienne",
  "KENNY": "Rolph",
  "IRENE": "Reid",
  "VALENCIA": "Slade",
  "HOLLY": "Napier",
  "JOHNATHAN": "Twila",
  "ALEXANDRA": "Flossie",
  "ANNM": "Malachi",
  "RAYELIN": "Michael",
  "TRAVISM": "Caitlin",
  "FELIX": "Alyssa",
  "KATELYN": "Seraphina",
  "BILL": "Jaki",
  "TRACIE": "Kayleigh",
  "SOFIA": "Chelsey",
  "JANIELLE": "Tibby",
  "ANDREJ": "Eugene",
  "GRACE": "Braxton",
  "CLAIRE": "Eustacia",
  "SABRINA": "Evan",
  "CAROLINE": "Cornell",
  "STARR": "Rosabel",
  "FRANCILLI": "Reanna",
  "ALIDA": "Kellie",
  "TANISHA": "June",
  "RUGIEYATU": "Allannah",
  "AQUASSIAB": "Delia",
  "NADIA": "Promise",
  "SHEREE": "Rachyl",
  "SHANAY": "Jennica",
  "TAKESHA": "Garry",
  "ANESHA": "Tristan",
  "ELIZABETHY": "Gordon",
  "LICHA": "Michelyne",
  "SIDDIQUA": "Fiona",
  "BRITTANY": "Kaleb",
  "ANTONIO": "Elmer",
  "DARLYNE": "Dorinda",
  "TRACI": "Krystle",
  "TAIQUAN": "Norm",
  "CELIA": "Colin",
  "NAIQUAJHA": "Teddy",
  "PILAR": "Hugo",
  "KIND": "Inc Attract",
  "MICHELLE": "Jenn",
  "THERESA": "Easton",
  "SENIOR CARE OF PRINCETON LLC": "Inc Super",
  "KYONG": "Kaelee",
  "GININE": "Coleman",
  "WACHEN": "Kailyn",
  "ALWAYS BEST CARE OF THE CEDAR": "Inc Cosmic",
  "CASSANDRA": "Alex",
  "MARTY": "Hal",
  "VIRGINIA": "Ste",
  "TERIA": "Durward",
  "VERONICA": "Isabel",
  "MARY A": "Cybill",
  "HOW'S THIS FOR PERFECT LLC": "Inc Peak",
  "MAI": "Chuck",
  "ANGELINE": "Kimmie",
  "SHARAE": "Myron",
  "REASHELLE": "Melantha",
  "HEAVEN'S HANDS COMMUNITY": "Inc Blocks",
  "NAKEEMA": "Mitch",
  "STEFANIE M": "Alger",
  "KEDIAN": "Sefton",
  "TANIKAY": "Irving",
  "JEAN A": "Arin",
  "THURGOOD MARSHALL CHILD DEVELO": "Inc Blocks",
  "TERESA": "Lydia",
  "GWENDOLYN": "Elvis",
  "MELADIE K": "Marilyn",
  "PAUL": "Dulcie",
  "URBAN HOUSING SOLUTIONS, INC.,": "Inc Essence",
  "JUANITA": "Jaimie",
  "JR CHARLES H": "Zavanna",
  "FLORENCE M": "Patricia",
  "EDMUND": "Orinda"
}