{
  "Kandi  Kingston": "",
  "Nathan  Sinjin": "COLES             KEITH",
  "Denis  Harland": "CHICO         JOSE",
  "Jamison  Hailey": "ROBINSON         COURTNEY",
  "Gladwyn  Janette": "/RISEBORO COMMUNITY PARTN",
  "Trey  Calista": "CHICO         JOSE",
  "Stephany  Candy": "ROBINSON         COURTNEY",
  "Angus  Jasmin": "Yeshiva Of North Jersey",
  "Tate  Bette": "Yeshiva Of North Jersey",
  "Prosper  Tessie": "Yeshiva Of North Jersey",
  "Monroe  Jeptha": "Yeshiva Of North Jersey",
  "Lainey  Simone": "COLES             KEITH",
  "Cymone  Sal": "COLES             KEITH",
  "Lester  Gord": "",
  "Dorothea  Rusty": "UNKNOWN           UNKNOWN",
  "Trinity  Cuthbert": " Mrs. Mary's Place HCS, Inc. ",
  "Beauden  Fulton": " Mrs. Mary's Place HCS, Inc. ",
  "Sherisse  London": " Mrs. Mary's Place HCS, Inc. ",
  "Kaelea  Amabel": " Mrs. Mary's Place HCS, Inc. ",
  "Lilliana  Winfred": " Mrs. Mary's Place HCS, Inc.",
  "Ezra  Columbine": " Mrs. Mary's Place HCS, Inc. ",
  "Laurie  Colin": " Mrs. Mary's Place HCS, Inc. ",
  "Aveline  Jerrie": " Mrs. Mary's Place HCS, Inc. ",
  "Alfred  Brayden": " Mrs. Mary's Place HCS, Inc. ",
  "Abbey  Tyron": " Mrs. Mary's Place HCS, Inc. ",
  "Fox  Laurena": " Mrs. Mary's Place HCS, Inc. ",
  "Thelma  Kelsie": " Mrs. Mary's Place HCS, Inc. ",
  "Renae  Darin": " Mrs. Mary's Place HCS, Inc. ",
  "Stephen  Di": " Aziz Carter ",
  "Deforest  Nydia": " Mrs. Mary's Place HCS, Inc. ",
  "Madison  Liliana": " Mrs. Mary's Place HCS, Inc.",
  "Leesa  Thomasina": " Mrs. Mary's Place HCS, Inc. ",
  "Avaline  Esmeralda": " Mrs. Mary's Place HCS, Inc. ",
  "Kiki  Romilly": " CARMEN ARRUBLA ",
  "Dory  Read": " Mrs. Mary's Place HCS, Inc. ",
  "Angelia  Aliah": " Mrs. Mary's Place HCS, Inc. ",
  "Rena  Chantal": " Heart to Heart Home Care  ",
  "Wanda  Franklin": " Heart to Heart Home Care  ",
  "Jillian  Mia": " Satya Drug Corp ",
  "Stephania  Mollie": " Heart to Heart Home Care  ",
  "Stacey  Kathryn": " Heart to Heart Home Care  ",
  "Tria  Alexis": "",
  "Lylah  Keith": "",
  "Angus  Rosaleen": "",
  "Olly  Alannah": "",
  "Astra  Hettie": "",
  "Robby  Elliana": "",
  "Reilly  Stephen": "",
  "Vivian  Alysia": "",
  "Royston  Astor": "",
  "Boone  Grenville": "",
  "Leighton  River": "",
  "Nona  Harris": "",
  "Demetria  Ruby": "",
  "Elenora  Lyndsay": "",
  "Sonny  Merlin": "",
  "Kayden  Jerrie": "",
  "Magdalene  Audley": "",
  "Lexus  Hailee": "",
  "Norma  Candyce": "",
  "Orville  Flick": "",
  "Hayleigh  Suzanne": "",
  "Dominica  Davinia": "",
  "Amber  Freida": "",
  "Spencer  Gore": "",
  "Kolleen  Adella": "",
  "Grenville  Clayton": "",
  "Munroe  Iggy": "",
  "Balfour  Moses": "",
  "Alys  Lilac": "",
  "Marci  Carrie": "",
  "Jackson  Rosalee": "",
  "Foster  Lacy": "",
  "Carry  Darrell": "",
  "Josephina  Zac": "",
  "Derryl  Aspyn": "",
  "Whitaker  Tawnee": "",
  "Glenda  Leo": "",
  "Keaton  America": "CHICO         JOSE",
  "Robynne  Kai": "ROBINSON         COURTNEY",
  "Amberlynn  Ann": "COLLINS        ELIZABETH",
  "Lawson  Carl": "COLLINS        ELIZABETH",
  "Ryleigh  Hammond": "CHICO         JOSE",
  "Rebeckah  Jemmy": "ROBINSON         COURTNEY",
  "Cade  Cayley": "COOK          CACHET",
  "Cash  Luanna": "MARRERO           NICOLETTE",
  "Mollie  Rosemarie": "COLLINS        ELIZABETH",
  "Elisa  Suzie": "COLLINS        ELIZABETH"
}